timestamp,pid,name,cpu_s,working_set,private_bytes,threads,handles,parent
2026-10-03T20:02:52.7421681Z,32444,python.exe,0.015625,4235264,831488,1,60,31112
2026-10-03T20:02:52.7421681Z,27860,python.exe,7.703125,133718016,652013568,16,225,32444
2026-10-03T20:02:52.7421681Z,5492,sherpa-onnx-nemotron-worker.exe,85.03125,795783168,819404800,5,151,31000
2026-10-03T20:02:52.7421681Z,28032,chrome.exe,17.796875,179843072,66752512,46,1624,3080
2026-10-03T20:02:52.7421681Z,24628,chrome.exe,0.03125,10461184,2510848,8,172,28032
2026-10-03T20:02:52.7421681Z,28216,chrome.exe,2.359375,86593536,65212416,17,608,28032
2026-10-03T20:02:52.7421681Z,31140,chrome.exe,4.015625,43810816,13967360,23,432,28032
2026-10-03T20:02:52.7421681Z,18580,chrome.exe,0.09375,18305024,7970816,10,169,28032
2026-10-03T20:02:52.7421681Z,30988,chrome.exe,2.828125,79867904,35860480,25,326,28032
2026-10-03T20:02:52.7421681Z,21744,chrome.exe,6.609375,101609472,64479232,31,402,28032
2026-10-03T20:02:52.7421681Z,25516,chrome.exe,1.203125,23830528,8753152,12,267,28032
2026-10-03T20:02:52.7421681Z,30996,chrome.exe,1.140625,33062912,15568896,11,208,28032
2026-10-03T20:02:52.7421681Z,13488,powershell.exe,1.296875,96550912,77549568,30,686,9624
2026-10-03T20:02:55.4077810Z,32444,python.exe,0.015625,4235264,831488,1,60,31112
2026-10-03T20:02:55.4077810Z,27860,python.exe,7.703125,133718016,652013568,16,225,32444
2026-10-03T20:02:55.4077810Z,5492,sherpa-onnx-nemotron-worker.exe,88.125,795783168,819404800,5,151,31000
2026-10-03T20:02:55.4077810Z,28032,chrome.exe,17.890625,179896320,66813952,47,1624,3080
2026-10-03T20:02:55.4077810Z,24628,chrome.exe,0.03125,10461184,2510848,8,172,28032
2026-10-03T20:02:55.4077810Z,28216,chrome.exe,2.359375,86593536,65212416,17,608,28032
2026-10-03T20:02:55.4077810Z,31140,chrome.exe,4.015625,43855872,14090240,23,432,28032
2026-10-03T20:02:55.4077810Z,18580,chrome.exe,0.09375,18305024,7970816,10,169,28032
2026-10-03T20:02:55.4077810Z,30988,chrome.exe,2.828125,79867904,35860480,25,326,28032
2026-10-03T20:02:55.4077810Z,21744,chrome.exe,6.796875,101642240,64491520,31,402,28032
2026-10-03T20:02:55.4077810Z,25516,chrome.exe,1.21875,23830528,8753152,12,267,28032
2026-10-03T20:02:55.4077810Z,30996,chrome.exe,1.140625,33062912,15568896,11,208,28032
2026-10-03T20:02:55.4077810Z,13488,powershell.exe,1.59375,96514048,77438976,29,671,9624
2026-10-03T20:02:57.1887376Z,32444,python.exe,0.015625,4235264,831488,1,60,31112
2026-10-03T20:02:57.1887376Z,27860,python.exe,7.703125,133718016,652013568,16,225,32444
2026-10-03T20:02:57.1887376Z,5492,sherpa-onnx-nemotron-worker.exe,88.125,795783168,819404800,5,151,31000
2026-10-03T20:02:57.1887376Z,28032,chrome.exe,17.921875,179908608,66801664,47,1628,3080
2026-10-03T20:02:57.1887376Z,24628,chrome.exe,0.03125,10461184,2510848,8,172,28032
2026-10-03T20:02:57.1887376Z,28216,chrome.exe,2.40625,96190464,75476992,17,611,28032
2026-10-03T20:02:57.1887376Z,31140,chrome.exe,4.046875,43876352,13971456,23,432,28032
2026-10-03T20:02:57.1887376Z,18580,chrome.exe,0.09375,18305024,7970816,10,169,28032
2026-10-03T20:02:57.1887376Z,30988,chrome.exe,2.828125,79867904,35860480,25,326,28032
2026-10-03T20:02:57.1887376Z,21744,chrome.exe,6.9375,104947712,67743744,31,403,28032
2026-10-03T20:02:57.1887376Z,25516,chrome.exe,1.21875,23830528,8753152,12,267,28032
2026-10-03T20:02:57.1887376Z,30996,chrome.exe,1.140625,33062912,15568896,11,208,28032
2026-10-03T20:02:57.1887376Z,13488,powershell.exe,2.0625,97349632,78188544,30,672,9624
2026-10-03T20:02:58.8782731Z,32444,python.exe,0.015625,4235264,831488,1,60,31112
2026-10-03T20:02:58.8782731Z,27860,python.exe,7.703125,133718016,652013568,16,225,32444
2026-10-03T20:02:58.8782731Z,5492,sherpa-onnx-nemotron-worker.exe,88.125,795783168,819404800,5,151,31000
2026-10-03T20:02:58.8782731Z,28032,chrome.exe,17.921875,179884032,66797568,47,1625,3080
2026-10-03T20:02:58.8782731Z,24628,chrome.exe,0.03125,10461184,2510848,8,172,28032
2026-10-03T20:02:58.8782731Z,28216,chrome.exe,2.40625,96092160,75390976,17,608,28032
2026-10-03T20:02:58.8782731Z,31140,chrome.exe,4.0625,43896832,13971456,23,432,28032
2026-10-03T20:02:58.8782731Z,18580,chrome.exe,0.09375,18305024,7970816,10,169,28032
2026-10-03T20:02:58.8782731Z,30988,chrome.exe,2.828125,79867904,35860480,25,326,28032
2026-10-03T20:02:58.8782731Z,21744,chrome.exe,7.0625,106094592,68833280,31,403,28032
2026-10-03T20:02:58.8782731Z,25516,chrome.exe,1.21875,23834624,8757248,12,267,28032
2026-10-03T20:02:58.8782731Z,30996,chrome.exe,1.140625,33062912,15568896,11,208,28032
2026-10-03T20:02:58.8782731Z,13488,powershell.exe,2.390625,98975744,79605760,29,671,9624
2026-10-03T20:03:00.5382791Z,32444,python.exe,0.015625,4235264,831488,1,60,31112
2026-10-03T20:03:00.5382791Z,27860,python.exe,7.703125,133718016,652013568,16,225,32444
2026-10-03T20:03:00.5382791Z,5492,sherpa-onnx-nemotron-worker.exe,88.125,795783168,819404800,5,151,31000
2026-10-03T20:03:00.5382791Z,28032,chrome.exe,17.921875,179884032,66797568,47,1625,3080
2026-10-03T20:03:00.5382791Z,24628,chrome.exe,0.03125,10461184,2510848,8,172,28032
2026-10-03T20:03:00.5382791Z,28216,chrome.exe,2.40625,96092160,75251712,17,608,28032
2026-10-03T20:03:00.5382791Z,31140,chrome.exe,4.078125,43905024,13971456,23,432,28032
2026-10-03T20:03:00.5382791Z,18580,chrome.exe,0.09375,18305024,7970816,10,169,28032
2026-10-03T20:03:00.5382791Z,30988,chrome.exe,2.828125,79867904,35860480,25,326,28032
2026-10-03T20:03:00.5382791Z,21744,chrome.exe,7.109375,106213376,68935680,31,403,28032
2026-10-03T20:03:00.5382791Z,25516,chrome.exe,1.21875,23834624,8757248,12,267,28032
2026-10-03T20:03:00.5382791Z,30996,chrome.exe,1.140625,33062912,15568896,11,208,28032
2026-10-03T20:03:00.5382791Z,13488,powershell.exe,2.609375,99209216,80138240,29,671,9624
2026-10-03T20:03:02.0362150Z,32444,python.exe,0.015625,4235264,831488,1,60,31112
2026-10-03T20:03:02.0362150Z,27860,python.exe,7.703125,133718016,652013568,16,225,32444
2026-10-03T20:03:02.0362150Z,5492,sherpa-onnx-nemotron-worker.exe,88.125,795783168,819404800,5,151,31000
2026-10-03T20:03:02.0362150Z,28032,chrome.exe,17.921875,179884032,66797568,47,1625,3080
2026-10-03T20:03:02.0362150Z,24628,chrome.exe,0.03125,10461184,2510848,8,172,28032
2026-10-03T20:03:02.0362150Z,28216,chrome.exe,2.40625,96055296,74665984,17,608,28032
2026-10-03T20:03:02.0362150Z,31140,chrome.exe,4.078125,43917312,13971456,23,432,28032
2026-10-03T20:03:02.0362150Z,18580,chrome.exe,0.09375,18305024,7970816,10,169,28032
2026-10-03T20:03:02.0362150Z,30988,chrome.exe,2.828125,79867904,35860480,25,326,28032
2026-10-03T20:03:02.0362150Z,21744,chrome.exe,7.1875,105730048,68087808,31,403,28032
2026-10-03T20:03:02.0362150Z,25516,chrome.exe,1.234375,23838720,8761344,12,267,28032
2026-10-03T20:03:02.0362150Z,30996,chrome.exe,1.140625,33062912,15568896,11,208,28032
2026-10-03T20:03:02.0362150Z,13488,powershell.exe,2.84375,99639296,80535552,30,672,9624
2026-10-03T20:03:03.6105505Z,32444,python.exe,0.015625,4235264,831488,1,60,31112
2026-10-03T20:03:03.6105505Z,27860,python.exe,7.703125,133718016,652013568,16,225,32444
2026-10-03T20:03:03.6105505Z,5492,sherpa-onnx-nemotron-worker.exe,88.125,795783168,819404800,5,151,31000
2026-10-03T20:03:03.6105505Z,28032,chrome.exe,17.921875,179884032,66797568,47,1625,3080
2026-10-03T20:03:03.6105505Z,24628,chrome.exe,0.03125,10461184,2510848,8,172,28032
2026-10-03T20:03:03.6105505Z,28216,chrome.exe,2.40625,95006720,73613312,17,608,28032
2026-10-03T20:03:03.6105505Z,31140,chrome.exe,4.09375,43929600,13971456,23,432,28032
2026-10-03T20:03:03.6105505Z,18580,chrome.exe,0.09375,18305024,7970816,10,169,28032
2026-10-03T20:03:03.6105505Z,30988,chrome.exe,2.828125,79867904,35860480,25,326,28032
2026-10-03T20:03:03.6105505Z,21744,chrome.exe,7.203125,105861120,68145152,31,403,28032
2026-10-03T20:03:03.6105505Z,25516,chrome.exe,1.234375,23838720,8761344,12,267,28032
2026-10-03T20:03:03.6105505Z,30996,chrome.exe,1.140625,33062912,15568896,11,208,28032
2026-10-03T20:03:03.6105505Z,13488,powershell.exe,3.09375,99778560,80330752,29,663,9624
2026-10-03T20:03:05.2164253Z,32444,python.exe,0.015625,4235264,831488,1,60,31112
2026-10-03T20:03:05.2164253Z,27860,python.exe,7.703125,133718016,652013568,16,225,32444
2026-10-03T20:03:05.2164253Z,5492,sherpa-onnx-nemotron-worker.exe,88.125,795783168,819404800,5,151,31000
2026-10-03T20:03:05.2164253Z,28032,chrome.exe,17.9375,179896320,66797568,47,1625,3080
2026-10-03T20:03:05.2164253Z,24628,chrome.exe,0.03125,10461184,2510848,8,172,28032
2026-10-03T20:03:05.2164253Z,28216,chrome.exe,2.40625,86224896,64684032,17,608,28032
2026-10-03T20:03:05.2164253Z,31140,chrome.exe,4.109375,43941888,13971456,23,432,28032
2026-10-03T20:03:05.2164253Z,18580,chrome.exe,0.09375,18305024,7970816,10,169,28032
2026-10-03T20:03:05.2164253Z,30988,chrome.exe,2.828125,79867904,35860480,25,326,28032
2026-10-03T20:03:05.2164253Z,21744,chrome.exe,7.234375,105967616,68259840,31,403,28032
2026-10-03T20:03:05.2164253Z,25516,chrome.exe,1.234375,23838720,8761344,12,267,28032
2026-10-03T20:03:05.2164253Z,30996,chrome.exe,1.140625,33062912,15568896,11,208,28032
2026-10-03T20:03:05.2164253Z,13488,powershell.exe,3.25,100290560,80912384,29,667,9624
2026-10-03T20:03:06.7514130Z,32444,python.exe,0.015625,4235264,831488,1,60,31112
2026-10-03T20:03:06.7514130Z,27860,python.exe,7.703125,133718016,652013568,16,225,32444
2026-10-03T20:03:06.7514130Z,5492,sherpa-onnx-nemotron-worker.exe,88.125,795783168,819404800,5,151,31000
2026-10-03T20:03:06.7514130Z,28032,chrome.exe,17.9375,179884032,66797568,47,1625,3080
2026-10-03T20:03:06.7514130Z,24628,chrome.exe,0.03125,10461184,2510848,8,172,28032
2026-10-03T20:03:06.7514130Z,28216,chrome.exe,2.40625,86224896,64684032,17,608,28032
2026-10-03T20:03:06.7514130Z,31140,chrome.exe,4.125,43945984,13971456,23,432,28032
2026-10-03T20:03:06.7514130Z,18580,chrome.exe,0.09375,18305024,7970816,10,169,28032
2026-10-03T20:03:06.7514130Z,30988,chrome.exe,2.828125,79867904,35860480,25,326,28032
2026-10-03T20:03:06.7514130Z,21744,chrome.exe,7.3125,106491904,68878336,31,403,28032
2026-10-03T20:03:06.7514130Z,25516,chrome.exe,1.25,23838720,8761344,12,267,28032
2026-10-03T20:03:06.7514130Z,30996,chrome.exe,1.140625,33062912,15568896,11,208,28032
2026-10-03T20:03:06.7514130Z,13488,powershell.exe,3.40625,99979264,80523264,29,671,9624
2026-10-03T20:03:08.2650333Z,32444,python.exe,0.015625,4235264,831488,1,60,31112
2026-10-03T20:03:08.2650333Z,27860,python.exe,7.703125,133718016,652013568,16,225,32444
2026-10-03T20:03:08.2650333Z,5492,sherpa-onnx-nemotron-worker.exe,88.125,795783168,819404800,5,151,31000
2026-10-03T20:03:08.2650333Z,28032,chrome.exe,17.9375,179884032,66797568,47,1625,3080
2026-10-03T20:03:08.2650333Z,24628,chrome.exe,0.03125,10461184,2510848,8,172,28032
2026-10-03T20:03:08.2650333Z,28216,chrome.exe,2.40625,86224896,64684032,17,608,28032
2026-10-03T20:03:08.2650333Z,31140,chrome.exe,4.125,43945984,13971456,23,432,28032
2026-10-03T20:03:08.2650333Z,18580,chrome.exe,0.09375,18305024,7970816,10,169,28032
2026-10-03T20:03:08.2650333Z,30988,chrome.exe,2.828125,79867904,35860480,25,326,28032
2026-10-03T20:03:08.2650333Z,21744,chrome.exe,7.359375,106815488,69070848,31,403,28032
2026-10-03T20:03:08.2650333Z,25516,chrome.exe,1.265625,23838720,8761344,12,267,28032
2026-10-03T20:03:08.2650333Z,30996,chrome.exe,1.140625,33062912,15568896,11,208,28032
2026-10-03T20:03:08.2650333Z,13488,powershell.exe,3.625,100036608,80584704,29,671,9624
2026-10-03T20:03:09.8479866Z,32444,python.exe,0.015625,4235264,831488,1,60,31112
2026-10-03T20:03:09.8479866Z,27860,python.exe,7.703125,133718016,652013568,16,225,32444
2026-10-03T20:03:09.8479866Z,5492,sherpa-onnx-nemotron-worker.exe,88.125,795783168,819404800,5,151,31000
2026-10-03T20:03:09.8479866Z,28032,chrome.exe,17.9375,179884032,66797568,47,1625,3080
2026-10-03T20:03:09.8479866Z,24628,chrome.exe,0.03125,10461184,2510848,8,172,28032
2026-10-03T20:03:09.8479866Z,28216,chrome.exe,2.40625,86224896,64684032,17,608,28032
2026-10-03T20:03:09.8479866Z,31140,chrome.exe,4.125,43945984,13971456,23,432,28032
2026-10-03T20:03:09.8479866Z,18580,chrome.exe,0.09375,18305024,7970816,10,169,28032
2026-10-03T20:03:09.8479866Z,30988,chrome.exe,2.828125,79867904,35860480,25,326,28032
2026-10-03T20:03:09.8479866Z,21744,chrome.exe,7.4375,106844160,69091328,31,403,28032
2026-10-03T20:03:09.8479866Z,25516,chrome.exe,1.296875,23838720,8761344,12,267,28032
2026-10-03T20:03:09.8479866Z,30996,chrome.exe,1.140625,33062912,15568896,11,208,28032
2026-10-03T20:03:09.8479866Z,13488,powershell.exe,3.859375,100614144,81195008,29,671,9624
2026-10-03T20:03:11.4512612Z,32444,python.exe,0.015625,4235264,831488,1,60,31112
2026-10-03T20:03:11.4512612Z,27860,python.exe,7.703125,133718016,652013568,16,225,32444
2026-10-03T20:03:11.4512612Z,5492,sherpa-onnx-nemotron-worker.exe,88.125,795783168,819404800,5,151,31000
2026-10-03T20:03:11.4512612Z,28032,chrome.exe,17.9375,179884032,66797568,47,1625,3080
2026-10-03T20:03:11.4512612Z,24628,chrome.exe,0.03125,10461184,2510848,8,172,28032
2026-10-03T20:03:11.4512612Z,28216,chrome.exe,2.40625,86224896,64684032,17,608,28032
2026-10-03T20:03:11.4512612Z,31140,chrome.exe,4.140625,43945984,13971456,23,432,28032
2026-10-03T20:03:11.4512612Z,18580,chrome.exe,0.09375,18305024,7970816,10,169,28032
2026-10-03T20:03:11.4512612Z,30988,chrome.exe,2.828125,79867904,35860480,25,326,28032
2026-10-03T20:03:11.4512612Z,21744,chrome.exe,7.546875,107151360,69189632,31,403,28032
2026-10-03T20:03:11.4512612Z,25516,chrome.exe,1.3125,23838720,8761344,12,267,28032
2026-10-03T20:03:11.4512612Z,30996,chrome.exe,1.140625,33062912,15568896,11,208,28032
2026-10-03T20:03:11.4512612Z,13488,powershell.exe,4.109375,99999744,80531456,29,664,9624
2026-10-03T20:03:13.0880316Z,32444,python.exe,0.015625,4235264,831488,1,60,31112
2026-10-03T20:03:13.0880316Z,27860,python.exe,7.703125,133718016,652013568,16,225,32444
2026-10-03T20:03:13.0880316Z,5492,sherpa-onnx-nemotron-worker.exe,88.125,795783168,819404800,5,151,31000
2026-10-03T20:03:13.0880316Z,28032,chrome.exe,17.9375,179937280,66797568,47,1626,3080
2026-10-03T20:03:13.0880316Z,24628,chrome.exe,0.03125,10461184,2510848,8,172,28032
2026-10-03T20:03:13.0880316Z,28216,chrome.exe,2.40625,86228992,64684032,17,609,28032
2026-10-03T20:03:13.0880316Z,31140,chrome.exe,4.140625,43945984,13971456,23,432,28032
2026-10-03T20:03:13.0880316Z,18580,chrome.exe,0.09375,18305024,7970816,10,169,28032
2026-10-03T20:03:13.0880316Z,30988,chrome.exe,2.828125,79867904,35860480,25,326,28032
2026-10-03T20:03:13.0880316Z,21744,chrome.exe,7.671875,107167744,69206016,31,403,28032
2026-10-03T20:03:13.0880316Z,25516,chrome.exe,1.328125,23838720,8761344,12,267,28032
2026-10-03T20:03:13.0880316Z,30996,chrome.exe,1.140625,33062912,15568896,11,208,28032
2026-10-03T20:03:13.0880316Z,13488,powershell.exe,4.421875,100102144,80609280,28,667,9624
2026-10-03T20:03:14.8207020Z,32444,python.exe,0.015625,4235264,831488,1,60,31112
2026-10-03T20:03:14.8207020Z,27860,python.exe,7.703125,133718016,652013568,16,225,32444
2026-10-03T20:03:14.8207020Z,5492,sherpa-onnx-nemotron-worker.exe,88.125,795783168,819404800,5,151,31000
2026-10-03T20:03:14.8207020Z,28032,chrome.exe,17.96875,179941376,66801664,47,1626,3080
2026-10-03T20:03:14.8207020Z,24628,chrome.exe,0.03125,10461184,2510848,8,172,28032
2026-10-03T20:03:14.8207020Z,28216,chrome.exe,2.421875,92393472,71118848,17,612,28032
2026-10-03T20:03:14.8207020Z,31140,chrome.exe,4.140625,43945984,13971456,23,432,28032
2026-10-03T20:03:14.8207020Z,18580,chrome.exe,0.09375,18305024,7970816,10,169,28032
2026-10-03T20:03:14.8207020Z,30988,chrome.exe,2.828125,79867904,35860480,25,326,28032
2026-10-03T20:03:14.8207020Z,21744,chrome.exe,7.890625,117452800,79564800,31,400,28032
2026-10-03T20:03:14.8207020Z,25516,chrome.exe,1.34375,23838720,8761344,12,267,28032
2026-10-03T20:03:14.8207020Z,30996,chrome.exe,1.140625,33062912,15568896,11,208,28032
2026-10-03T20:03:14.8207020Z,13488,powershell.exe,4.8125,100311040,80797696,24,664,9624
2026-10-03T20:03:16.5999185Z,32444,python.exe,0.015625,4235264,831488,1,60,31112
2026-10-03T20:03:16.5999185Z,27860,python.exe,7.703125,133718016,652013568,16,225,32444
2026-10-03T20:03:16.5999185Z,5492,sherpa-onnx-nemotron-worker.exe,88.125,795783168,819404800,5,151,31000
2026-10-03T20:03:16.5999185Z,28032,chrome.exe,18.171875,180158464,66953216,47,1627,3080
2026-10-03T20:03:16.5999185Z,24628,chrome.exe,0.03125,10461184,2510848,8,172,28032
2026-10-03T20:03:16.5999185Z,28216,chrome.exe,2.765625,101986304,81309696,17,611,28032
2026-10-03T20:03:16.5999185Z,31140,chrome.exe,4.203125,43945984,13971456,23,432,28032
2026-10-03T20:03:16.5999185Z,18580,chrome.exe,0.09375,18305024,7970816,10,169,28032
2026-10-03T20:03:16.5999185Z,30988,chrome.exe,2.828125,79867904,35860480,25,326,28032
2026-10-03T20:03:16.5999185Z,21744,chrome.exe,8.03125,116473856,78327808,31,397,28032
2026-10-03T20:03:16.5999185Z,25516,chrome.exe,1.390625,23838720,8761344,12,267,28032
2026-10-03T20:03:16.5999185Z,30996,chrome.exe,1.140625,33062912,15568896,11,208,28032
2026-10-03T20:03:16.5999185Z,13488,powershell.exe,5.03125,100323328,80797696,24,664,9624
2026-10-03T20:03:18.2169797Z,32444,python.exe,0.015625,4235264,831488,1,60,31112
2026-10-03T20:03:18.2169797Z,27860,python.exe,7.703125,133718016,652013568,16,225,32444
2026-10-03T20:03:18.2169797Z,5492,sherpa-onnx-nemotron-worker.exe,88.125,795783168,819404800,5,151,31000
2026-10-03T20:03:18.2169797Z,28032,chrome.exe,18.171875,179924992,66789376,47,1624,3080
2026-10-03T20:03:18.2169797Z,24628,chrome.exe,0.03125,10461184,2510848,8,172,28032
2026-10-03T20:03:18.2169797Z,28216,chrome.exe,2.765625,101842944,80670720,17,608,28032
2026-10-03T20:03:18.2169797Z,31140,chrome.exe,4.21875,43945984,13971456,23,432,28032
2026-10-03T20:03:18.2169797Z,18580,chrome.exe,0.09375,18305024,7970816,10,169,28032
2026-10-03T20:03:18.2169797Z,30988,chrome.exe,2.828125,79867904,35860480,25,326,28032
2026-10-03T20:03:18.2169797Z,21744,chrome.exe,8.0625,116477952,78331904,31,397,28032
2026-10-03T20:03:18.2169797Z,25516,chrome.exe,1.40625,23838720,8761344,12,267,28032
2026-10-03T20:03:18.2169797Z,30996,chrome.exe,1.140625,33062912,15568896,11,208,28032
2026-10-03T20:03:18.2169797Z,13488,powershell.exe,5.203125,100458496,80769024,19,660,9624
2026-10-03T20:03:19.7852082Z,32444,python.exe,0.015625,4235264,831488,1,60,31112
2026-10-03T20:03:19.7852082Z,27860,python.exe,7.703125,133718016,652013568,16,225,32444
2026-10-03T20:03:19.7852082Z,5492,sherpa-onnx-nemotron-worker.exe,88.125,795783168,819404800,5,151,31000
2026-10-03T20:03:19.7852082Z,28032,chrome.exe,18.1875,179924992,66789376,47,1624,3080
2026-10-03T20:03:19.7852082Z,24628,chrome.exe,0.03125,10461184,2510848,8,172,28032
2026-10-03T20:03:19.7852082Z,28216,chrome.exe,2.765625,101842944,80670720,17,608,28032
2026-10-03T20:03:19.7852082Z,31140,chrome.exe,4.25,43945984,13971456,23,432,28032
2026-10-03T20:03:19.7852082Z,18580,chrome.exe,0.09375,18305024,7970816,10,169,28032
2026-10-03T20:03:19.7852082Z,30988,chrome.exe,2.828125,79867904,35860480,25,326,28032
2026-10-03T20:03:19.7852082Z,21744,chrome.exe,8.15625,116318208,78172160,31,397,28032
2026-10-03T20:03:19.7852082Z,25516,chrome.exe,1.421875,23838720,8761344,12,267,28032
2026-10-03T20:03:19.7852082Z,30996,chrome.exe,1.140625,33062912,15568896,11,208,28032
2026-10-03T20:03:19.7852082Z,13488,powershell.exe,5.46875,99577856,79863808,19,651,9624
2026-10-03T20:03:21.4067116Z,32444,python.exe,0.015625,4235264,831488,1,60,31112
2026-10-03T20:03:21.4067116Z,27860,python.exe,7.703125,133718016,652013568,16,225,32444
2026-10-03T20:03:21.4067116Z,5492,sherpa-onnx-nemotron-worker.exe,91.15625,795783168,819404800,5,151,31000
2026-10-03T20:03:21.4067116Z,28032,chrome.exe,18.1875,179875840,66740224,47,1624,3080
2026-10-03T20:03:21.4067116Z,24628,chrome.exe,0.03125,10461184,2510848,8,172,28032
2026-10-03T20:03:21.4067116Z,28216,chrome.exe,2.765625,101842944,80666624,17,608,28032
2026-10-03T20:03:21.4067116Z,31140,chrome.exe,4.28125,43945984,13971456,23,432,28032
2026-10-03T20:03:21.4067116Z,18580,chrome.exe,0.09375,18305024,7970816,10,169,28032
2026-10-03T20:03:21.4067116Z,30988,chrome.exe,2.828125,79867904,35860480,25,326,28032
2026-10-03T20:03:21.4067116Z,21744,chrome.exe,8.203125,116420608,78270464,31,397,28032
2026-10-03T20:03:21.4067116Z,25516,chrome.exe,1.453125,23838720,8761344,12,267,28032
2026-10-03T20:03:21.4067116Z,30996,chrome.exe,1.140625,33062912,15568896,11,208,28032
2026-10-03T20:03:21.4067116Z,13488,powershell.exe,5.734375,100163584,80470016,19,656,9624
2026-10-03T20:03:23.0413948Z,32444,python.exe,0.015625,4235264,831488,1,60,31112
2026-10-03T20:03:23.0413948Z,27860,python.exe,7.703125,133718016,652013568,16,225,32444
2026-10-03T20:03:23.0413948Z,5492,sherpa-onnx-nemotron-worker.exe,92.671875,797364224,820981760,5,151,31000
2026-10-03T20:03:23.0413948Z,28032,chrome.exe,18.1875,179875840,66740224,47,1624,3080
2026-10-03T20:03:23.0413948Z,24628,chrome.exe,0.03125,10461184,2510848,8,172,28032
2026-10-03T20:03:23.0413948Z,28216,chrome.exe,2.765625,101785600,80416768,17,608,28032
2026-10-03T20:03:23.0413948Z,31140,chrome.exe,4.296875,43945984,13971456,23,432,28032
2026-10-03T20:03:23.0413948Z,18580,chrome.exe,0.09375,18305024,7970816,10,169,28032
2026-10-03T20:03:23.0413948Z,30988,chrome.exe,2.828125,79867904,35860480,25,326,28032
2026-10-03T20:03:23.0413948Z,21744,chrome.exe,8.40625,112689152,74416128,31,397,28032
2026-10-03T20:03:23.0413948Z,25516,chrome.exe,1.484375,23838720,8761344,12,267,28032
2026-10-03T20:03:23.0413948Z,30996,chrome.exe,1.140625,33062912,15568896,11,208,28032
2026-10-03T20:03:23.0413948Z,13488,powershell.exe,5.921875,98922496,79523840,15,643,9624
2026-10-03T20:03:24.5633912Z,32444,python.exe,0.015625,4235264,831488,1,60,31112
2026-10-03T20:03:24.5633912Z,27860,python.exe,8.203125,134156288,652521472,16,225,32444
2026-10-03T20:03:24.5633912Z,5492,sherpa-onnx-nemotron-worker.exe,98.296875,797364224,820981760,5,151,31000
2026-10-03T20:03:24.5633912Z,28032,chrome.exe,18.28125,184442880,71262208,47,1624,3080
2026-10-03T20:03:24.5633912Z,24628,chrome.exe,0.03125,10461184,2510848,8,172,28032
2026-10-03T20:03:24.5633912Z,28216,chrome.exe,2.765625,88813568,67342336,17,608,28032
2026-10-03T20:03:24.5633912Z,31140,chrome.exe,4.3125,43999232,14102528,23,411,28032
2026-10-03T20:03:24.5633912Z,18580,chrome.exe,0.09375,18305024,7970816,10,169,28032
2026-10-03T20:03:24.5633912Z,30988,chrome.exe,2.828125,79867904,35860480,25,326,28032
2026-10-03T20:03:24.5633912Z,21744,chrome.exe,8.515625,112689152,74416128,31,397,28032
2026-10-03T20:03:24.5633912Z,25516,chrome.exe,1.515625,23838720,8761344,12,267,28032
2026-10-03T20:03:24.5633912Z,30996,chrome.exe,1.140625,33062912,15568896,11,208,28032
2026-10-03T20:03:24.5633912Z,13488,powershell.exe,6.1875,99381248,79990784,15,643,9624
2026-10-03T20:03:26.2040922Z,32444,python.exe,0.015625,4235264,831488,1,60,31112
2026-10-03T20:03:26.2040922Z,27860,python.exe,8.203125,134156288,652521472,16,225,32444
2026-10-03T20:03:26.2040922Z,5492,sherpa-onnx-nemotron-worker.exe,104.875,797364224,820981760,5,151,31000
2026-10-03T20:03:26.2040922Z,28032,chrome.exe,18.296875,184758272,71245824,47,1662,3080
2026-10-03T20:03:26.2040922Z,24628,chrome.exe,0.03125,10461184,2510848,8,179,28032
2026-10-03T20:03:26.2040922Z,28216,chrome.exe,2.765625,88813568,67342336,17,608,28032
2026-10-03T20:03:26.2040922Z,31140,chrome.exe,4.3125,43945984,13963264,23,411,28032
2026-10-03T20:03:26.2040922Z,18580,chrome.exe,0.09375,18305024,7970816,10,169,28032
2026-10-03T20:03:26.2040922Z,30988,chrome.exe,2.828125,79867904,35860480,25,326,28032
2026-10-03T20:03:26.2040922Z,21744,chrome.exe,8.578125,112689152,74416128,31,397,28032
2026-10-03T20:03:26.2040922Z,25516,chrome.exe,1.5625,23838720,8761344,12,267,28032
2026-10-03T20:03:26.2040922Z,30996,chrome.exe,1.140625,33062912,15568896,11,208,28032
2026-10-03T20:03:26.2040922Z,13488,powershell.exe,6.5625,99655680,80273408,15,643,9624
2026-10-03T20:03:26.2040922Z,4604,chrome.exe,1.328125,182345728,150044672,14,338,28032
2026-10-03T20:03:28.1547939Z,32444,python.exe,0.015625,4235264,831488,1,60,31112
2026-10-03T20:03:28.1547939Z,27860,python.exe,8.203125,134156288,652521472,16,225,32444
2026-10-03T20:03:28.1547939Z,5492,sherpa-onnx-nemotron-worker.exe,112.1875,797364224,820981760,5,151,31000
2026-10-03T20:03:28.1547939Z,28032,chrome.exe,18.3125,184946688,71323648,47,1626,3080
2026-10-03T20:03:28.1547939Z,24628,chrome.exe,0.03125,10461184,2510848,8,172,28032
2026-10-03T20:03:28.1547939Z,28216,chrome.exe,2.765625,88813568,67342336,17,608,28032
2026-10-03T20:03:28.1547939Z,31140,chrome.exe,4.3125,43945984,13963264,23,411,28032
2026-10-03T20:03:28.1547939Z,18580,chrome.exe,0.09375,18305024,7970816,10,169,28032
2026-10-03T20:03:28.1547939Z,30988,chrome.exe,2.828125,79867904,35860480,25,326,28032
2026-10-03T20:03:28.1547939Z,21744,chrome.exe,8.640625,112689152,74416128,31,397,28032
2026-10-03T20:03:28.1547939Z,25516,chrome.exe,1.578125,23838720,8761344,12,267,28032
2026-10-03T20:03:28.1547939Z,30996,chrome.exe,1.140625,33062912,15568896,11,208,28032
2026-10-03T20:03:28.1547939Z,13488,powershell.exe,6.84375,99119104,80019456,15,635,9624
2026-10-03T20:03:29.7830064Z,32444,python.exe,0.015625,4235264,831488,1,60,31112
2026-10-03T20:03:29.7830064Z,27860,python.exe,8.203125,134156288,652521472,16,225,32444
2026-10-03T20:03:29.7830064Z,5492,sherpa-onnx-nemotron-worker.exe,119.015625,797364224,820981760,5,151,31000
2026-10-03T20:03:29.7830064Z,28032,chrome.exe,18.3125,184868864,71245824,47,1626,3080
2026-10-03T20:03:29.7830064Z,24628,chrome.exe,0.03125,10461184,2510848,8,172,28032
2026-10-03T20:03:29.7830064Z,28216,chrome.exe,2.765625,88805376,67334144,17,608,28032
2026-10-03T20:03:29.7830064Z,31140,chrome.exe,4.3125,43945984,13963264,23,411,28032
2026-10-03T20:03:29.7830064Z,18580,chrome.exe,0.09375,18305024,7970816,10,169,28032
2026-10-03T20:03:29.7830064Z,30988,chrome.exe,2.828125,79867904,35860480,25,326,28032
2026-10-03T20:03:29.7830064Z,21744,chrome.exe,8.703125,112754688,74416128,31,397,28032
2026-10-03T20:03:29.7830064Z,25516,chrome.exe,1.640625,23838720,8761344,12,267,28032
2026-10-03T20:03:29.7830064Z,30996,chrome.exe,1.140625,33062912,15568896,11,208,28032
2026-10-03T20:03:29.7830064Z,13488,powershell.exe,7.203125,99594240,80494592,15,640,9624
2026-10-03T20:03:31.6257915Z,32444,python.exe,0.015625,4235264,831488,1,60,31112
2026-10-03T20:03:31.6257915Z,27860,python.exe,8.203125,134156288,652521472,16,225,32444
2026-10-03T20:03:31.6257915Z,5492,sherpa-onnx-nemotron-worker.exe,125.625,797364224,820981760,5,151,31000
2026-10-03T20:03:31.6257915Z,28032,chrome.exe,18.3125,184868864,71245824,47,1626,3080
2026-10-03T20:03:31.6257915Z,24628,chrome.exe,0.03125,10461184,2510848,8,172,28032
2026-10-03T20:03:31.6257915Z,28216,chrome.exe,2.765625,88805376,67334144,17,608,28032
2026-10-03T20:03:31.6257915Z,31140,chrome.exe,4.3125,43945984,13963264,23,411,28032
2026-10-03T20:03:31.6257915Z,18580,chrome.exe,0.09375,18305024,7970816,10,169,28032
2026-10-03T20:03:31.6257915Z,30988,chrome.exe,2.828125,79867904,35860480,25,326,28032
2026-10-03T20:03:31.6257915Z,21744,chrome.exe,8.75,111792128,73424896,31,397,28032
2026-10-03T20:03:31.6257915Z,25516,chrome.exe,1.671875,23838720,8761344,12,267,28032
2026-10-03T20:03:31.6257915Z,30996,chrome.exe,1.140625,33062912,15568896,11,208,28032
2026-10-03T20:03:31.6257915Z,13488,powershell.exe,7.46875,99598336,80494592,15,643,9624
2026-10-03T20:03:33.3236157Z,32444,python.exe,0.015625,4235264,831488,1,60,31112
2026-10-03T20:03:33.3236157Z,27860,python.exe,8.203125,134156288,652521472,16,225,32444
2026-10-03T20:03:33.3236157Z,5492,sherpa-onnx-nemotron-worker.exe,127.53125,797364224,820981760,5,151,31000
2026-10-03T20:03:33.3236157Z,28032,chrome.exe,18.3125,184868864,71245824,47,1626,3080
2026-10-03T20:03:33.3236157Z,24628,chrome.exe,0.03125,10461184,2510848,8,172,28032
2026-10-03T20:03:33.3236157Z,28216,chrome.exe,2.765625,88805376,67334144,17,608,28032
2026-10-03T20:03:33.3236157Z,31140,chrome.exe,4.3125,43896832,13914112,23,411,28032
2026-10-03T20:03:33.3236157Z,18580,chrome.exe,0.09375,18305024,7970816,10,169,28032
2026-10-03T20:03:33.3236157Z,30988,chrome.exe,2.828125,79867904,35860480,25,326,28032
2026-10-03T20:03:33.3236157Z,21744,chrome.exe,8.78125,111796224,73424896,31,397,28032
2026-10-03T20:03:33.3236157Z,25516,chrome.exe,1.6875,23838720,8761344,12,267,28032
2026-10-03T20:03:33.3236157Z,30996,chrome.exe,1.140625,33062912,15568896,11,208,28032
2026-10-03T20:03:33.3236157Z,13488,powershell.exe,7.765625,99639296,80494592,15,643,9624
2026-10-03T20:03:35.0023672Z,32444,python.exe,0.015625,4235264,831488,1,60,31112
2026-10-03T20:03:35.0023672Z,27860,python.exe,8.203125,134156288,652521472,16,225,32444
2026-10-03T20:03:35.0023672Z,5492,sherpa-onnx-nemotron-worker.exe,127.53125,797364224,820981760,5,151,31000
2026-10-03T20:03:35.0023672Z,28032,chrome.exe,18.359375,185139200,71458816,47,1630,3080
2026-10-03T20:03:35.0023672Z,24628,chrome.exe,0.03125,10461184,2510848,8,172,28032
2026-10-03T20:03:35.0023672Z,28216,chrome.exe,2.78125,98349056,77533184,17,611,28032
2026-10-03T20:03:35.0023672Z,31140,chrome.exe,4.359375,43900928,13918208,23,411,28032
2026-10-03T20:03:35.0023672Z,18580,chrome.exe,0.09375,18305024,7970816,10,169,28032
2026-10-03T20:03:35.0023672Z,30988,chrome.exe,2.828125,79867904,35860480,25,326,28032
2026-10-03T20:03:35.0023672Z,21744,chrome.exe,8.8125,111910912,72761344,31,397,28032
2026-10-03T20:03:35.0023672Z,25516,chrome.exe,1.703125,23834624,8757248,12,267,28032
2026-10-03T20:03:35.0023672Z,30996,chrome.exe,1.140625,33062912,15568896,11,208,28032
2026-10-03T20:03:35.0023672Z,13488,powershell.exe,8.0625,99745792,80596992,15,643,9624
2026-10-03T20:03:36.6858136Z,32444,python.exe,0.015625,4235264,831488,1,60,31112
2026-10-03T20:03:36.6858136Z,27860,python.exe,8.203125,134156288,652521472,16,225,32444
2026-10-03T20:03:36.6858136Z,5492,sherpa-onnx-nemotron-worker.exe,127.53125,797364224,820981760,5,151,31000
2026-10-03T20:03:36.6858136Z,28032,chrome.exe,18.359375,185114624,71454720,47,1622,3080
2026-10-03T20:03:36.6858136Z,24628,chrome.exe,0.03125,10461184,2510848,8,172,28032
2026-10-03T20:03:36.6858136Z,28216,chrome.exe,2.78125,98324480,77529088,17,608,28032
2026-10-03T20:03:36.6858136Z,31140,chrome.exe,4.359375,43900928,13918208,23,411,28032
2026-10-03T20:03:36.6858136Z,18580,chrome.exe,0.09375,18305024,7970816,10,169,28032
2026-10-03T20:03:36.6858136Z,30988,chrome.exe,2.828125,79867904,35860480,25,326,28032
2026-10-03T20:03:36.6858136Z,21744,chrome.exe,8.859375,111992832,72769536,31,397,28032
2026-10-03T20:03:36.6858136Z,25516,chrome.exe,1.703125,23834624,8757248,12,267,28032
2026-10-03T20:03:36.6858136Z,30996,chrome.exe,1.140625,33062912,15568896,11,208,28032
2026-10-03T20:03:36.6858136Z,13488,powershell.exe,8.328125,99643392,80322560,15,635,9624
2026-10-03T20:03:38.3359374Z,32444,python.exe,0.015625,4235264,831488,1,60,31112
2026-10-03T20:03:38.3359374Z,27860,python.exe,8.203125,134156288,652521472,16,225,32444
2026-10-03T20:03:38.3359374Z,5492,sherpa-onnx-nemotron-worker.exe,127.53125,797364224,820981760,5,151,31000
2026-10-03T20:03:38.3359374Z,28032,chrome.exe,18.375,184856576,71229440,47,1622,3080
2026-10-03T20:03:38.3359374Z,24628,chrome.exe,0.03125,10461184,2510848,8,172,28032
2026-10-03T20:03:38.3359374Z,28216,chrome.exe,2.796875,98230272,76849152,17,608,28032
2026-10-03T20:03:38.3359374Z,31140,chrome.exe,4.359375,43900928,13918208,23,411,28032
2026-10-03T20:03:38.3359374Z,18580,chrome.exe,0.09375,18305024,7970816,10,169,28032
2026-10-03T20:03:38.3359374Z,30988,chrome.exe,2.828125,79867904,35860480,25,326,28032
2026-10-03T20:03:38.3359374Z,21744,chrome.exe,8.9375,112246784,73052160,31,397,28032
2026-10-03T20:03:38.3359374Z,25516,chrome.exe,1.71875,23834624,8757248,12,267,28032
2026-10-03T20:03:38.3359374Z,30996,chrome.exe,1.140625,33062912,15568896,11,208,28032
2026-10-03T20:03:38.3359374Z,13488,powershell.exe,8.453125,99115008,79691776,15,640,9624
2026-10-03T20:03:39.9212517Z,32444,python.exe,0.015625,4235264,831488,1,60,31112
2026-10-03T20:03:39.9212517Z,27860,python.exe,8.203125,134156288,652521472,16,225,32444
2026-10-03T20:03:39.9212517Z,5492,sherpa-onnx-nemotron-worker.exe,127.53125,797364224,820981760,5,151,31000
2026-10-03T20:03:39.9212517Z,28032,chrome.exe,18.375,184856576,71229440,47,1622,3080
2026-10-03T20:03:39.9212517Z,24628,chrome.exe,0.03125,10461184,2510848,8,172,28032
2026-10-03T20:03:39.9212517Z,28216,chrome.exe,2.796875,98230272,76845056,17,608,28032
2026-10-03T20:03:39.9212517Z,31140,chrome.exe,4.375,43900928,13918208,23,411,28032
2026-10-03T20:03:39.9212517Z,18580,chrome.exe,0.09375,18305024,7970816,10,169,28032
2026-10-03T20:03:39.9212517Z,30988,chrome.exe,2.828125,79867904,35860480,25,326,28032
2026-10-03T20:03:39.9212517Z,21744,chrome.exe,9.015625,112422912,73076736,31,397,28032
2026-10-03T20:03:39.9212517Z,25516,chrome.exe,1.734375,23830528,8753152,12,267,28032
2026-10-03T20:03:39.9212517Z,30996,chrome.exe,1.140625,33062912,15568896,11,208,28032
2026-10-03T20:03:39.9212517Z,13488,powershell.exe,8.609375,99106816,79687680,15,643,9624
2026-10-03T20:03:41.4333818Z,32444,python.exe,0.015625,4235264,831488,1,60,31112
2026-10-03T20:03:41.4333818Z,27860,python.exe,8.203125,134156288,652521472,16,225,32444
2026-10-03T20:03:41.4333818Z,5492,sherpa-onnx-nemotron-worker.exe,127.53125,797364224,820981760,5,151,31000
2026-10-03T20:03:41.4333818Z,28032,chrome.exe,18.390625,184811520,71184384,47,1622,3080
2026-10-03T20:03:41.4333818Z,24628,chrome.exe,0.03125,10461184,2510848,8,172,28032
2026-10-03T20:03:41.4333818Z,28216,chrome.exe,2.796875,98230272,76845056,17,608,28032
2026-10-03T20:03:41.4333818Z,31140,chrome.exe,4.375,43900928,13918208,23,411,28032
2026-10-03T20:03:41.4333818Z,18580,chrome.exe,0.09375,18305024,7970816,10,169,28032
2026-10-03T20:03:41.4333818Z,30988,chrome.exe,2.828125,79867904,35860480,25,326,28032
2026-10-03T20:03:41.4333818Z,21744,chrome.exe,9.078125,112455680,73101312,31,397,28032
2026-10-03T20:03:41.4333818Z,25516,chrome.exe,1.75,23830528,8753152,12,267,28032
2026-10-03T20:03:41.4333818Z,30996,chrome.exe,1.140625,33062912,15568896,11,208,28032
2026-10-03T20:03:41.4333818Z,13488,powershell.exe,8.78125,99508224,80171008,15,643,9624
2026-10-03T20:03:42.9618232Z,32444,python.exe,0.015625,4235264,831488,1,60,31112
2026-10-03T20:03:42.9618232Z,27860,python.exe,8.203125,134156288,652521472,16,225,32444
2026-10-03T20:03:42.9618232Z,5492,sherpa-onnx-nemotron-worker.exe,127.53125,797364224,820981760,5,151,31000
2026-10-03T20:03:42.9618232Z,28032,chrome.exe,18.390625,184811520,71184384,47,1622,3080
2026-10-03T20:03:42.9618232Z,24628,chrome.exe,0.03125,10461184,2510848,8,172,28032
2026-10-03T20:03:42.9618232Z,28216,chrome.exe,2.796875,87908352,66404352,17,608,28032
2026-10-03T20:03:42.9618232Z,31140,chrome.exe,4.375,43900928,13918208,23,411,28032
2026-10-03T20:03:42.9618232Z,18580,chrome.exe,0.09375,18305024,7970816,10,169,28032
2026-10-03T20:03:42.9618232Z,30988,chrome.exe,2.828125,79867904,35860480,25,326,28032
2026-10-03T20:03:42.9618232Z,21744,chrome.exe,9.140625,112578560,73154560,31,397,28032
2026-10-03T20:03:42.9618232Z,25516,chrome.exe,1.75,23830528,8753152,12,267,28032
2026-10-03T20:03:42.9618232Z,30996,chrome.exe,1.140625,33062912,15568896,11,208,28032
2026-10-03T20:03:42.9618232Z,13488,powershell.exe,8.953125,99549184,80175104,15,643,9624
2026-10-03T20:03:44.5097889Z,32444,python.exe,0.015625,4235264,831488,1,60,31112
2026-10-03T20:03:44.5097889Z,27860,python.exe,8.203125,134156288,652521472,16,225,32444
2026-10-03T20:03:44.5097889Z,5492,sherpa-onnx-nemotron-worker.exe,127.53125,797364224,820981760,5,151,31000
2026-10-03T20:03:44.5097889Z,28032,chrome.exe,18.390625,184811520,71184384,47,1622,3080
2026-10-03T20:03:44.5097889Z,24628,chrome.exe,0.03125,10461184,2510848,8,172,28032
2026-10-03T20:03:44.5097889Z,28216,chrome.exe,2.796875,87908352,66404352,17,608,28032
2026-10-03T20:03:44.5097889Z,31140,chrome.exe,4.375,43900928,13918208,23,411,28032
2026-10-03T20:03:44.5097889Z,18580,chrome.exe,0.09375,18305024,7970816,10,169,28032
2026-10-03T20:03:44.5097889Z,30988,chrome.exe,2.828125,79867904,35860480,25,326,28032
2026-10-03T20:03:44.5097889Z,21744,chrome.exe,9.203125,112050176,72884224,31,397,28032
2026-10-03T20:03:44.5097889Z,25516,chrome.exe,1.75,23830528,8753152,12,267,28032
2026-10-03T20:03:44.5097889Z,30996,chrome.exe,1.140625,33062912,15568896,11,208,28032
2026-10-03T20:03:44.5097889Z,13488,powershell.exe,9.078125,99180544,80003072,15,635,9624
2026-10-03T20:03:46.0249787Z,32444,python.exe,0.015625,4235264,831488,1,60,31112
2026-10-03T20:03:46.0249787Z,27860,python.exe,8.21875,134156288,652521472,16,225,32444
2026-10-03T20:03:46.0249787Z,5492,sherpa-onnx-nemotron-worker.exe,127.53125,797364224,820981760,5,151,31000
2026-10-03T20:03:46.0249787Z,28032,chrome.exe,18.40625,184827904,71200768,47,1622,3080
2026-10-03T20:03:46.0249787Z,24628,chrome.exe,0.03125,10461184,2510848,8,172,28032
2026-10-03T20:03:46.0249787Z,28216,chrome.exe,2.796875,87908352,66404352,17,608,28032
2026-10-03T20:03:46.0249787Z,31140,chrome.exe,4.375,43892736,13869056,22,405,28032
2026-10-03T20:03:46.0249787Z,18580,chrome.exe,0.09375,18305024,7970816,10,169,28032
2026-10-03T20:03:46.0249787Z,30988,chrome.exe,2.828125,79867904,35860480,25,326,28032
2026-10-03T20:03:46.0249787Z,21744,chrome.exe,9.28125,112332800,73183232,31,397,28032
2026-10-03T20:03:46.0249787Z,25516,chrome.exe,1.78125,23830528,8753152,12,267,28032
2026-10-03T20:03:46.0249787Z,30996,chrome.exe,1.140625,33062912,15568896,11,208,28032
2026-10-03T20:03:46.0249787Z,13488,powershell.exe,9.484375,99397632,80056320,19,652,9624
2026-10-03T20:03:47.9831578Z,32444,python.exe,0.015625,4235264,831488,1,60,31112
2026-10-03T20:03:47.9831578Z,27860,python.exe,8.21875,134156288,652521472,16,225,32444
2026-10-03T20:03:47.9831578Z,5492,sherpa-onnx-nemotron-worker.exe,127.53125,797364224,820981760,5,151,31000
2026-10-03T20:03:47.9831578Z,28032,chrome.exe,18.40625,184827904,71200768,47,1622,3080
2026-10-03T20:03:47.9831578Z,24628,chrome.exe,0.03125,10461184,2510848,8,172,28032
2026-10-03T20:03:47.9831578Z,28216,chrome.exe,2.796875,87908352,66404352,17,608,28032
2026-10-03T20:03:47.9831578Z,31140,chrome.exe,4.390625,43892736,13869056,22,405,28032
2026-10-03T20:03:47.9831578Z,18580,chrome.exe,0.09375,18305024,7970816,10,169,28032
2026-10-03T20:03:47.9831578Z,30988,chrome.exe,2.828125,79867904,35860480,25,326,28032
2026-10-03T20:03:47.9831578Z,21744,chrome.exe,9.390625,112463872,73469952,31,397,28032
2026-10-03T20:03:47.9831578Z,25516,chrome.exe,1.8125,23830528,8753152,12,267,28032
2026-10-03T20:03:47.9831578Z,30996,chrome.exe,1.140625,33062912,15568896,11,208,28032
2026-10-03T20:03:47.9831578Z,13488,powershell.exe,9.75,99909632,80560128,18,663,9624
2026-10-03T20:03:49.6433146Z,32444,python.exe,0.015625,4235264,831488,1,60,31112
2026-10-03T20:03:49.6433146Z,27860,python.exe,8.21875,134156288,652521472,16,225,32444
2026-10-03T20:03:49.6433146Z,5492,sherpa-onnx-nemotron-worker.exe,127.53125,797364224,820981760,5,151,31000
2026-10-03T20:03:49.6433146Z,28032,chrome.exe,18.40625,184827904,71200768,47,1622,3080
2026-10-03T20:03:49.6433146Z,24628,chrome.exe,0.03125,10461184,2510848,8,172,28032
2026-10-03T20:03:49.6433146Z,28216,chrome.exe,2.8125,94007296,72712192,17,611,28032
2026-10-03T20:03:49.6433146Z,31140,chrome.exe,4.390625,43892736,13869056,22,405,28032
2026-10-03T20:03:49.6433146Z,18580,chrome.exe,0.09375,18305024,7970816,10,169,28032
2026-10-03T20:03:49.6433146Z,30988,chrome.exe,2.828125,79867904,35860480,25,326,28032
2026-10-03T20:03:49.6433146Z,21744,chrome.exe,9.625,125886464,86908928,31,400,28032
2026-10-03T20:03:49.6433146Z,25516,chrome.exe,1.875,23830528,8753152,12,267,28032
2026-10-03T20:03:49.6433146Z,30996,chrome.exe,1.140625,33062912,15568896,11,208,28032
2026-10-03T20:03:49.6433146Z,13488,powershell.exe,10,100048896,80973824,18,663,9624
2026-10-03T20:03:51.3262448Z,32444,python.exe,0.015625,4235264,831488,1,60,31112
2026-10-03T20:03:51.3262448Z,27860,python.exe,8.21875,134156288,652521472,16,225,32444
2026-10-03T20:03:51.3262448Z,5492,sherpa-onnx-nemotron-worker.exe,127.53125,797364224,820981760,5,151,31000
2026-10-03T20:03:51.3262448Z,28032,chrome.exe,18.578125,185102336,71417856,47,1624,3080
2026-10-03T20:03:51.3262448Z,24628,chrome.exe,0.03125,10461184,2510848,8,172,28032
2026-10-03T20:03:51.3262448Z,28216,chrome.exe,3.015625,103714816,83021824,17,614,28032
2026-10-03T20:03:51.3262448Z,31140,chrome.exe,4.390625,43892736,13869056,22,405,28032
2026-10-03T20:03:51.3262448Z,18580,chrome.exe,0.09375,18305024,7970816,10,169,28032
2026-10-03T20:03:51.3262448Z,30988,chrome.exe,2.828125,79867904,35860480,25,326,28032
2026-10-03T20:03:51.3262448Z,21744,chrome.exe,9.671875,125083648,85995520,31,397,28032
2026-10-03T20:03:51.3262448Z,25516,chrome.exe,1.875,23830528,8753152,12,267,28032
2026-10-03T20:03:51.3262448Z,30996,chrome.exe,1.140625,33062912,15568896,11,208,28032
2026-10-03T20:03:51.3262448Z,13488,powershell.exe,10.25,99909632,80564224,18,652,9624
2026-10-03T20:03:53.1152876Z,32444,python.exe,0.015625,4235264,831488,1,60,31112
2026-10-03T20:03:53.1152876Z,27860,python.exe,8.21875,134156288,652521472,16,225,32444
2026-10-03T20:03:53.1152876Z,5492,sherpa-onnx-nemotron-worker.exe,127.53125,797364224,820981760,5,151,31000
2026-10-03T20:03:53.1152876Z,28032,chrome.exe,18.625,185106432,71417856,47,1624,3080
2026-10-03T20:03:53.1152876Z,24628,chrome.exe,0.03125,10461184,2510848,8,172,28032
2026-10-03T20:03:53.1152876Z,28216,chrome.exe,3.078125,103682048,83034112,17,611,28032
2026-10-03T20:03:53.1152876Z,31140,chrome.exe,4.40625,43892736,13869056,22,402,28032
2026-10-03T20:03:53.1152876Z,18580,chrome.exe,0.09375,18305024,7970816,10,169,28032
2026-10-03T20:03:53.1152876Z,30988,chrome.exe,2.828125,79867904,35860480,25,326,28032
2026-10-03T20:03:53.1152876Z,21744,chrome.exe,9.71875,125173760,86085632,31,397,28032
2026-10-03T20:03:53.1152876Z,25516,chrome.exe,1.9375,23830528,8753152,12,267,28032
2026-10-03T20:03:53.1152876Z,30996,chrome.exe,1.140625,33062912,15568896,11,208,28032
2026-10-03T20:03:53.1152876Z,13488,powershell.exe,10.546875,99250176,79872000,15,653,9624
2026-10-03T20:03:54.8508943Z,32444,python.exe,0.015625,4235264,831488,1,60,31112
2026-10-03T20:03:54.8508943Z,27860,python.exe,8.21875,134156288,652521472,16,225,32444
2026-10-03T20:03:54.8508943Z,5492,sherpa-onnx-nemotron-worker.exe,127.53125,797364224,820981760,5,151,31000
2026-10-03T20:03:54.8508943Z,28032,chrome.exe,18.640625,184844288,71204864,47,1620,3080
2026-10-03T20:03:54.8508943Z,24628,chrome.exe,0.03125,10461184,2510848,8,172,28032
2026-10-03T20:03:54.8508943Z,28216,chrome.exe,3.078125,103546880,82436096,17,608,28032
2026-10-03T20:03:54.8508943Z,31140,chrome.exe,4.4375,43876352,13852672,22,402,28032
2026-10-03T20:03:54.8508943Z,18580,chrome.exe,0.09375,18305024,7970816,10,169,28032
2026-10-03T20:03:54.8508943Z,30988,chrome.exe,2.828125,79867904,35860480,25,326,28032
2026-10-03T20:03:54.8508943Z,21744,chrome.exe,9.796875,125276160,86188032,31,397,28032
2026-10-03T20:03:54.8508943Z,25516,chrome.exe,1.953125,23830528,8753152,12,267,28032
2026-10-03T20:03:54.8508943Z,30996,chrome.exe,1.140625,33062912,15568896,11,208,28032
2026-10-03T20:03:54.8508943Z,13488,powershell.exe,10.8125,99528704,80142336,15,657,9624
2026-10-03T20:03:56.4729820Z,32444,python.exe,0.015625,4235264,831488,1,60,31112
2026-10-03T20:03:56.4729820Z,27860,python.exe,8.21875,134156288,652521472,16,225,32444
2026-10-03T20:03:56.4729820Z,5492,sherpa-onnx-nemotron-worker.exe,127.75,797364224,820981760,5,151,31000
2026-10-03T20:03:56.4729820Z,28032,chrome.exe,18.671875,185085952,71544832,47,1621,3080
2026-10-03T20:03:56.4729820Z,24628,chrome.exe,0.03125,10461184,2510848,8,172,28032
2026-10-03T20:03:56.4729820Z,28216,chrome.exe,3.078125,103546880,82436096,17,608,28032
2026-10-03T20:03:56.4729820Z,31140,chrome.exe,4.453125,43905024,13889536,22,405,28032
2026-10-03T20:03:56.4729820Z,18580,chrome.exe,0.09375,18305024,7970816,10,169,28032
2026-10-03T20:03:56.4729820Z,30988,chrome.exe,2.828125,79867904,35860480,25,326,28032
2026-10-03T20:03:56.4729820Z,21744,chrome.exe,9.8125,125390848,86290432,31,397,28032
2026-10-03T20:03:56.4729820Z,25516,chrome.exe,1.96875,23953408,8900608,14,267,28032
2026-10-03T20:03:56.4729820Z,30996,chrome.exe,1.140625,33062912,15568896,11,208,28032
2026-10-03T20:03:56.4729820Z,13488,powershell.exe,11.078125,100265984,81080320,15,661,9624
2026-10-03T20:03:58.3554141Z,32444,python.exe,0.015625,4235264,831488,1,60,31112
2026-10-03T20:03:58.3554141Z,27860,python.exe,8.21875,134156288,652521472,16,225,32444
2026-10-03T20:03:58.3554141Z,5492,sherpa-onnx-nemotron-worker.exe,130.296875,797364224,820981760,5,151,31000
2026-10-03T20:03:58.3554141Z,28032,chrome.exe,18.75,184918016,71065600,47,1621,3080
2026-10-03T20:03:58.3554141Z,24628,chrome.exe,0.03125,10461184,2510848,8,172,28032
2026-10-03T20:03:58.3554141Z,28216,chrome.exe,3.078125,103469056,82161664,17,608,28032
2026-10-03T20:03:58.3554141Z,31140,chrome.exe,4.5625,43978752,14016512,22,416,28032
2026-10-03T20:03:58.3554141Z,18580,chrome.exe,0.09375,18305024,7970816,10,169,28032
2026-10-03T20:03:58.3554141Z,30988,chrome.exe,2.828125,79867904,35860480,25,326,28032
2026-10-03T20:03:58.3554141Z,21744,chrome.exe,10,120090624,80793600,31,397,28032
2026-10-03T20:03:58.3554141Z,25516,chrome.exe,2.0625,23953408,8900608,14,267,28032
2026-10-03T20:03:58.3554141Z,30996,chrome.exe,1.140625,33062912,15568896,11,208,28032
2026-10-03T20:03:58.3554141Z,13488,powershell.exe,11.296875,99946496,80658432,15,661,9624
2026-10-03T20:04:00.1361631Z,32444,python.exe,0.015625,4235264,831488,1,60,31112
2026-10-03T20:04:00.1361631Z,27860,python.exe,8.59375,134668288,653029376,16,225,32444
2026-10-03T20:04:00.1361631Z,5492,sherpa-onnx-nemotron-worker.exe,135.71875,797364224,820981760,5,151,31000
2026-10-03T20:04:00.1361631Z,28032,chrome.exe,18.765625,184918016,71065600,47,1621,3080
2026-10-03T20:04:00.1361631Z,24628,chrome.exe,0.03125,10461184,2510848,8,172,28032
2026-10-03T20:04:00.1361631Z,28216,chrome.exe,3.078125,90501120,69079040,17,608,28032
2026-10-03T20:04:00.1361631Z,31140,chrome.exe,4.5625,43978752,14016512,22,416,28032
2026-10-03T20:04:00.1361631Z,18580,chrome.exe,0.09375,18305024,7970816,10,169,28032
2026-10-03T20:04:00.1361631Z,30988,chrome.exe,2.828125,79867904,35860480,25,326,28032
2026-10-03T20:04:00.1361631Z,21744,chrome.exe,10.09375,118923264,79601664,31,397,28032
2026-10-03T20:04:00.1361631Z,25516,chrome.exe,2.09375,23953408,8900608,14,267,28032
2026-10-03T20:04:00.1361631Z,30996,chrome.exe,1.140625,33062912,15568896,11,208,28032
2026-10-03T20:04:00.1361631Z,13488,powershell.exe,11.578125,100118528,80691200,15,650,9624
2026-10-03T20:04:01.8012557Z,32444,python.exe,0.015625,4235264,831488,1,60,31112
2026-10-03T20:04:01.8012557Z,27860,python.exe,8.59375,134668288,653029376,16,225,32444
2026-10-03T20:04:01.8012557Z,5492,sherpa-onnx-nemotron-worker.exe,144.25,797364224,820981760,5,151,31000
2026-10-03T20:04:01.8012557Z,28032,chrome.exe,18.765625,184893440,71049216,47,1621,3080
2026-10-03T20:04:01.8012557Z,24628,chrome.exe,0.03125,10461184,2510848,8,172,28032
2026-10-03T20:04:01.8012557Z,28216,chrome.exe,3.078125,90501120,69079040,17,608,28032
2026-10-03T20:04:01.8012557Z,31140,chrome.exe,4.5625,43917312,13877248,22,416,28032
2026-10-03T20:04:01.8012557Z,18580,chrome.exe,0.09375,18305024,7970816,10,169,28032
2026-10-03T20:04:01.8012557Z,30988,chrome.exe,2.828125,79867904,35860480,25,326,28032
2026-10-03T20:04:01.8012557Z,21744,chrome.exe,10.25,117993472,78610432,31,397,28032
2026-10-03T20:04:01.8012557Z,25516,chrome.exe,2.15625,23953408,8900608,14,267,28032
2026-10-03T20:04:01.8012557Z,30996,chrome.exe,1.140625,33062912,15568896,11,208,28032
2026-10-03T20:04:01.8012557Z,13488,powershell.exe,11.890625,99262464,79826944,15,655,9624
2026-10-03T20:04:05.5057323Z,32444,python.exe,0.015625,4235264,831488,1,60,31112
2026-10-03T20:04:05.5057323Z,27860,python.exe,8.59375,134668288,653029376,16,225,32444
2026-10-03T20:04:05.5057323Z,5492,sherpa-onnx-nemotron-worker.exe,155.984375,797364224,820981760,5,151,31000
2026-10-03T20:04:05.5057323Z,28032,chrome.exe,18.765625,184893440,71049216,47,1621,3080
2026-10-03T20:04:05.5057323Z,24628,chrome.exe,0.03125,10461184,2510848,8,172,28032
2026-10-03T20:04:05.5057323Z,28216,chrome.exe,3.078125,90501120,69079040,17,608,28032
2026-10-03T20:04:05.5057323Z,31140,chrome.exe,4.5625,43917312,13877248,22,416,28032
2026-10-03T20:04:05.5057323Z,18580,chrome.exe,0.09375,18305024,7970816,10,169,28032
2026-10-03T20:04:05.5057323Z,30988,chrome.exe,2.828125,79867904,35860480,25,326,28032
2026-10-03T20:04:05.5057323Z,21744,chrome.exe,10.359375,118067200,78610432,31,397,28032
2026-10-03T20:04:05.5057323Z,25516,chrome.exe,2.171875,23953408,8900608,14,267,28032
2026-10-03T20:04:05.5057323Z,30996,chrome.exe,1.140625,33062912,15568896,11,208,28032
2026-10-03T20:04:05.5057323Z,13488,powershell.exe,12.21875,99491840,79937536,13,654,9624
2026-10-03T20:04:07.7993549Z,32444,python.exe,0.015625,4235264,831488,1,60,31112
2026-10-03T20:04:07.7993549Z,27860,python.exe,8.59375,134668288,653029376,16,225,32444
2026-10-03T20:04:07.7993549Z,5492,sherpa-onnx-nemotron-worker.exe,164.4375,797364224,820981760,5,151,31000
2026-10-03T20:04:07.7993549Z,28032,chrome.exe,18.8125,185753600,71753728,47,1622,3080
2026-10-03T20:04:07.7993549Z,24628,chrome.exe,0.03125,10461184,2510848,8,172,28032
2026-10-03T20:04:07.7993549Z,28216,chrome.exe,3.078125,90501120,69079040,17,608,28032
2026-10-03T20:04:07.7993549Z,31140,chrome.exe,4.59375,44802048,14036992,22,421,28032
2026-10-03T20:04:07.7993549Z,18580,chrome.exe,0.09375,18305024,7970816,10,169,28032
2026-10-03T20:04:07.7993549Z,30988,chrome.exe,2.828125,79867904,35860480,25,326,28032
2026-10-03T20:04:07.7993549Z,21744,chrome.exe,10.453125,118067200,78610432,31,397,28032
2026-10-03T20:04:07.7993549Z,25516,chrome.exe,2.1875,23953408,8900608,14,267,28032
2026-10-03T20:04:07.7993549Z,30996,chrome.exe,1.140625,33062912,15568896,11,208,28032
2026-10-03T20:04:07.7993549Z,13488,powershell.exe,12.46875,99561472,80003072,13,651,9624
2026-10-03T20:04:09.5876780Z,32444,python.exe,0.015625,4235264,831488,1,60,31112
2026-10-03T20:04:09.5876780Z,27860,python.exe,8.59375,134668288,653029376,16,225,32444
2026-10-03T20:04:09.5876780Z,5492,sherpa-onnx-nemotron-worker.exe,165.75,797364224,820981760,5,151,31000
2026-10-03T20:04:09.5876780Z,28032,chrome.exe,20.09375,208277504,94433280,47,1644,3080
2026-10-03T20:04:09.5876780Z,24628,chrome.exe,0.03125,10461184,2510848,8,172,28032
2026-10-03T20:04:09.5876780Z,28216,chrome.exe,3.078125,90501120,69079040,17,608,28032
2026-10-03T20:04:09.5876780Z,31140,chrome.exe,4.640625,43929600,13885440,22,420,28032
2026-10-03T20:04:09.5876780Z,18580,chrome.exe,0.09375,18305024,7970816,10,169,28032
2026-10-03T20:04:09.5876780Z,30988,chrome.exe,2.828125,79867904,35860480,25,326,28032
2026-10-03T20:04:09.5876780Z,21744,chrome.exe,10.53125,118071296,78614528,31,397,28032
2026-10-03T20:04:09.5876780Z,25516,chrome.exe,2.25,23953408,8900608,14,267,28032
2026-10-03T20:04:09.5876780Z,30996,chrome.exe,1.140625,33062912,15568896,11,208,28032
2026-10-03T20:04:09.5876780Z,13488,powershell.exe,12.734375,99766272,80355328,13,651,9624
2026-10-03T20:04:11.2850943Z,32444,python.exe,0.015625,4235264,831488,1,60,31112
2026-10-03T20:04:11.2850943Z,27860,python.exe,8.59375,134668288,653029376,16,225,32444
2026-10-03T20:04:11.2850943Z,5492,sherpa-onnx-nemotron-worker.exe,165.75,797364224,820981760,5,151,31000
2026-10-03T20:04:11.2850943Z,28032,chrome.exe,21.359375,186019840,71917568,47,1649,3080
2026-10-03T20:04:11.2850943Z,24628,chrome.exe,0.03125,10461184,2510848,8,172,28032
2026-10-03T20:04:11.2850943Z,28216,chrome.exe,3.15625,100098048,79282176,17,611,28032
2026-10-03T20:04:11.2850943Z,31140,chrome.exe,4.671875,43929600,13885440,22,420,28032
2026-10-03T20:04:11.2850943Z,18580,chrome.exe,0.09375,18305024,7970816,10,169,28032
2026-10-03T20:04:11.2850943Z,30988,chrome.exe,2.828125,79867904,35860480,25,326,28032
2026-10-03T20:04:11.2850943Z,21744,chrome.exe,10.5625,117817344,78356480,31,397,28032
2026-10-03T20:04:11.2850943Z,25516,chrome.exe,2.265625,23953408,8900608,14,267,28032
2026-10-03T20:04:11.2850943Z,30996,chrome.exe,1.140625,33062912,15568896,11,208,28032
2026-10-03T20:04:11.2850943Z,13488,powershell.exe,12.875,99995648,80592896,13,640,9624
2026-10-03T20:04:12.9218960Z,32444,python.exe,0.015625,4235264,831488,1,60,31112
2026-10-03T20:04:12.9218960Z,27860,python.exe,8.59375,134668288,653029376,16,225,32444
2026-10-03T20:04:12.9218960Z,5492,sherpa-onnx-nemotron-worker.exe,165.75,797364224,820981760,5,151,31000
2026-10-03T20:04:12.9218960Z,28032,chrome.exe,21.359375,185995264,71913472,47,1646,3080
2026-10-03T20:04:12.9218960Z,24628,chrome.exe,0.03125,10461184,2510848,8,172,28032
2026-10-03T20:04:12.9218960Z,28216,chrome.exe,3.15625,100073472,79278080,17,608,28032
2026-10-03T20:04:12.9218960Z,31140,chrome.exe,4.703125,43929600,13885440,22,420,28032
2026-10-03T20:04:12.9218960Z,18580,chrome.exe,0.09375,18305024,7970816,10,169,28032
2026-10-03T20:04:12.9218960Z,30988,chrome.exe,2.828125,79867904,35860480,25,326,28032
2026-10-03T20:04:12.9218960Z,21744,chrome.exe,10.640625,118050816,78708736,31,397,28032
2026-10-03T20:04:12.9218960Z,25516,chrome.exe,2.265625,23953408,8900608,14,267,28032
2026-10-03T20:04:12.9218960Z,30996,chrome.exe,1.140625,33062912,15568896,11,208,28032
2026-10-03T20:04:12.9218960Z,13488,powershell.exe,13.03125,99217408,79716352,13,644,9624
2026-10-03T20:04:15.1622677Z,32444,python.exe,0.015625,4235264,831488,1,60,31112
2026-10-03T20:04:15.1622677Z,27860,python.exe,8.59375,134668288,653029376,16,225,32444
2026-10-03T20:04:15.1622677Z,5492,sherpa-onnx-nemotron-worker.exe,165.75,797364224,820981760,5,151,31000
2026-10-03T20:04:15.1622677Z,28032,chrome.exe,21.359375,185225216,71114752,47,1646,3080
2026-10-03T20:04:15.1622677Z,24628,chrome.exe,0.03125,10461184,2510848,8,172,28032
2026-10-03T20:04:15.1622677Z,28216,chrome.exe,3.15625,99975168,78569472,17,608,28032
2026-10-03T20:04:15.1622677Z,31140,chrome.exe,4.78125,43929600,13885440,22,420,28032
2026-10-03T20:04:15.1622677Z,18580,chrome.exe,0.09375,18305024,7970816,10,169,28032
2026-10-03T20:04:15.1622677Z,30988,chrome.exe,2.828125,79867904,35860480,25,326,28032
2026-10-03T20:04:15.1622677Z,21744,chrome.exe,10.78125,118296576,78807040,31,397,28032
2026-10-03T20:04:15.1622677Z,25516,chrome.exe,2.265625,23953408,8900608,14,267,28032
2026-10-03T20:04:15.1622677Z,30996,chrome.exe,1.140625,33062912,15568896,11,208,28032
2026-10-03T20:04:15.1622677Z,13488,powershell.exe,13.21875,99524608,80285696,13,649,9624
2026-10-03T20:04:16.7321389Z,32444,python.exe,0.015625,4235264,831488,1,60,31112
2026-10-03T20:04:16.7321389Z,27860,python.exe,8.59375,134668288,653029376,16,225,32444
2026-10-03T20:04:16.7321389Z,5492,sherpa-onnx-nemotron-worker.exe,165.75,797364224,820981760,5,151,31000
2026-10-03T20:04:16.7321389Z,28032,chrome.exe,21.359375,185225216,71114752,47,1646,3080
2026-10-03T20:04:16.7321389Z,24628,chrome.exe,0.03125,10461184,2510848,8,172,28032
2026-10-03T20:04:16.7321389Z,28216,chrome.exe,3.15625,98271232,76832768,17,608,28032
2026-10-03T20:04:16.7321389Z,31140,chrome.exe,4.78125,43929600,13885440,22,420,28032
2026-10-03T20:04:16.7321389Z,18580,chrome.exe,0.09375,18305024,7970816,10,169,28032
2026-10-03T20:04:16.7321389Z,30988,chrome.exe,2.828125,79867904,35860480,25,326,28032
2026-10-03T20:04:16.7321389Z,21744,chrome.exe,10.8125,118468608,78843904,31,397,28032
2026-10-03T20:04:16.7321389Z,25516,chrome.exe,2.265625,23953408,8900608,14,267,28032
2026-10-03T20:04:16.7321389Z,30996,chrome.exe,1.140625,33062912,15568896,11,208,28032
2026-10-03T20:04:16.7321389Z,13488,powershell.exe,13.390625,100012032,80871424,13,651,9624
2026-10-03T20:04:18.2865133Z,32444,python.exe,0.015625,4235264,831488,1,60,31112
2026-10-03T20:04:18.2865133Z,27860,python.exe,8.59375,134668288,653029376,16,225,32444
2026-10-03T20:04:18.2865133Z,5492,sherpa-onnx-nemotron-worker.exe,165.75,797364224,820981760,5,151,31000
2026-10-03T20:04:18.2865133Z,28032,chrome.exe,21.359375,185225216,71114752,47,1646,3080
2026-10-03T20:04:18.2865133Z,24628,chrome.exe,0.03125,10461184,2510848,8,172,28032
2026-10-03T20:04:18.2865133Z,28216,chrome.exe,3.15625,87949312,66441216,17,608,28032
2026-10-03T20:04:18.2865133Z,31140,chrome.exe,4.796875,43929600,13885440,22,420,28032
2026-10-03T20:04:18.2865133Z,18580,chrome.exe,0.09375,18305024,7970816,10,169,28032
2026-10-03T20:04:18.2865133Z,30988,chrome.exe,2.828125,79867904,35860480,25,326,28032
2026-10-03T20:04:18.2865133Z,21744,chrome.exe,10.875,118587392,79175680,31,397,28032
2026-10-03T20:04:18.2865133Z,25516,chrome.exe,2.28125,23953408,8900608,14,267,28032
2026-10-03T20:04:18.2865133Z,30996,chrome.exe,1.140625,33062912,15568896,11,208,28032
2026-10-03T20:04:18.2865133Z,13488,powershell.exe,13.609375,100077568,80871424,13,651,9624
2026-10-03T20:04:20.0672832Z,32444,python.exe,0.015625,4235264,831488,1,60,31112
2026-10-03T20:04:20.0672832Z,27860,python.exe,8.59375,134668288,653029376,16,225,32444
2026-10-03T20:04:20.0672832Z,5492,sherpa-onnx-nemotron-worker.exe,165.75,797364224,820981760,5,151,31000
2026-10-03T20:04:20.0672832Z,28032,chrome.exe,21.359375,185225216,71114752,47,1646,3080
2026-10-03T20:04:20.0672832Z,24628,chrome.exe,0.03125,10461184,2510848,8,172,28032
2026-10-03T20:04:20.0672832Z,28216,chrome.exe,3.15625,87949312,66441216,17,608,28032
2026-10-03T20:04:20.0672832Z,31140,chrome.exe,4.8125,43929600,13885440,22,420,28032
2026-10-03T20:04:20.0672832Z,18580,chrome.exe,0.09375,18305024,7970816,10,169,28032
2026-10-03T20:04:20.0672832Z,30988,chrome.exe,2.828125,79867904,35860480,25,326,28032
2026-10-03T20:04:20.0672832Z,21744,chrome.exe,10.96875,118857728,79491072,31,397,28032
2026-10-03T20:04:20.0672832Z,25516,chrome.exe,2.296875,23953408,8900608,14,267,28032
2026-10-03T20:04:20.0672832Z,30996,chrome.exe,1.140625,33062912,15568896,11,208,28032
2026-10-03T20:04:20.0672832Z,13488,powershell.exe,13.75,100093952,80642048,13,639,9624
2026-10-03T20:04:21.7825844Z,32444,python.exe,0.015625,4235264,831488,1,60,31112
2026-10-03T20:04:21.7825844Z,27860,python.exe,8.59375,134668288,653029376,16,225,32444
2026-10-03T20:04:21.7825844Z,5492,sherpa-onnx-nemotron-worker.exe,165.75,797364224,820981760,5,151,31000
2026-10-03T20:04:21.7825844Z,28032,chrome.exe,21.359375,185225216,71114752,47,1646,3080
2026-10-03T20:04:21.7825844Z,24628,chrome.exe,0.03125,10461184,2510848,8,172,28032
2026-10-03T20:04:21.7825844Z,28216,chrome.exe,3.15625,87949312,66441216,17,608,28032
2026-10-03T20:04:21.7825844Z,31140,chrome.exe,4.8125,43929600,13885440,22,420,28032
2026-10-03T20:04:21.7825844Z,18580,chrome.exe,0.09375,18305024,7970816,10,169,28032
2026-10-03T20:04:21.7825844Z,30988,chrome.exe,2.828125,79867904,35860480,25,326,28032
2026-10-03T20:04:21.7825844Z,21744,chrome.exe,11.0625,118972416,79609856,31,397,28032
2026-10-03T20:04:21.7825844Z,25516,chrome.exe,2.3125,23953408,8900608,14,267,28032
2026-10-03T20:04:21.7825844Z,30996,chrome.exe,1.140625,33062912,15568896,11,208,28032
2026-10-03T20:04:21.7825844Z,13488,powershell.exe,13.890625,99336192,79929344,13,644,9624
2026-10-03T20:04:23.3718717Z,32444,python.exe,0.015625,4235264,831488,1,60,31112
2026-10-03T20:04:23.3718717Z,27860,python.exe,8.59375,134668288,653029376,16,225,32444
2026-10-03T20:04:23.3718717Z,5492,sherpa-onnx-nemotron-worker.exe,165.75,797364224,820981760,5,151,31000
2026-10-03T20:04:23.3718717Z,28032,chrome.exe,21.359375,185225216,71114752,47,1646,3080
2026-10-03T20:04:23.3718717Z,24628,chrome.exe,0.03125,10461184,2510848,8,172,28032
2026-10-03T20:04:23.3718717Z,28216,chrome.exe,3.15625,87949312,66441216,17,608,28032
2026-10-03T20:04:23.3718717Z,31140,chrome.exe,4.8125,43929600,13885440,22,420,28032
2026-10-03T20:04:23.3718717Z,18580,chrome.exe,0.09375,18305024,7970816,10,169,28032
2026-10-03T20:04:23.3718717Z,30988,chrome.exe,2.828125,79867904,35860480,25,326,28032
2026-10-03T20:04:23.3718717Z,21744,chrome.exe,11.125,119013376,79650816,31,397,28032
2026-10-03T20:04:23.3718717Z,25516,chrome.exe,2.34375,23953408,8900608,14,267,28032
2026-10-03T20:04:23.3718717Z,30996,chrome.exe,1.140625,33062912,15568896,11,208,28032
2026-10-03T20:04:23.3718717Z,13488,powershell.exe,13.984375,99987456,80674816,13,648,9624
2026-10-03T20:04:24.8987015Z,32444,python.exe,0.015625,4235264,831488,1,60,31112
2026-10-03T20:04:24.8987015Z,27860,python.exe,8.59375,134668288,653029376,16,225,32444
2026-10-03T20:04:24.8987015Z,5492,sherpa-onnx-nemotron-worker.exe,165.75,797364224,820981760,5,151,31000
2026-10-03T20:04:24.8987015Z,28032,chrome.exe,21.359375,185212928,71114752,47,1644,3080
2026-10-03T20:04:24.8987015Z,24628,chrome.exe,0.03125,10461184,2510848,8,172,28032
2026-10-03T20:04:24.8987015Z,28216,chrome.exe,3.15625,87949312,66441216,17,608,28032
2026-10-03T20:04:24.8987015Z,31140,chrome.exe,4.828125,43933696,13889536,22,420,28032
2026-10-03T20:04:24.8987015Z,18580,chrome.exe,0.09375,18305024,7970816,10,169,28032
2026-10-03T20:04:24.8987015Z,30988,chrome.exe,2.828125,79867904,35860480,25,326,28032
2026-10-03T20:04:24.8987015Z,21744,chrome.exe,11.25,119062528,79699968,31,397,28032
2026-10-03T20:04:24.8987015Z,25516,chrome.exe,2.375,23953408,8900608,14,267,28032
2026-10-03T20:04:24.8987015Z,30996,chrome.exe,1.140625,33062912,15568896,11,208,28032
2026-10-03T20:04:24.8987015Z,13488,powershell.exe,14.421875,100085760,80732160,13,651,9624
2026-10-03T20:04:26.8126395Z,32444,python.exe,0.015625,4235264,831488,1,60,31112
2026-10-03T20:04:26.8126395Z,27860,python.exe,8.59375,134668288,653029376,16,225,32444
2026-10-03T20:04:26.8126395Z,5492,sherpa-onnx-nemotron-worker.exe,165.75,797364224,820981760,5,151,31000
2026-10-03T20:04:26.8126395Z,28032,chrome.exe,21.359375,185266176,71114752,47,1644,3080
2026-10-03T20:04:26.8126395Z,24628,chrome.exe,0.03125,10461184,2510848,8,172,28032
2026-10-03T20:04:26.8126395Z,28216,chrome.exe,3.15625,87949312,66441216,17,608,28032
2026-10-03T20:04:26.8126395Z,31140,chrome.exe,4.84375,43929600,13881344,22,411,28032
2026-10-03T20:04:26.8126395Z,18580,chrome.exe,0.09375,18305024,7970816,10,169,28032
2026-10-03T20:04:26.8126395Z,30988,chrome.exe,2.828125,79867904,35860480,25,326,28032
2026-10-03T20:04:26.8126395Z,21744,chrome.exe,11.359375,118513664,78942208,31,397,28032
2026-10-03T20:04:26.8126395Z,25516,chrome.exe,2.390625,23953408,8900608,14,267,28032
2026-10-03T20:04:26.8126395Z,30996,chrome.exe,1.140625,33062912,15568896,11,208,28032
2026-10-03T20:04:26.8126395Z,13488,powershell.exe,14.53125,100093952,80736256,13,651,9624
2026-10-03T20:04:28.3416029Z,32444,python.exe,0.015625,4235264,831488,1,60,31112
2026-10-03T20:04:28.3416029Z,27860,python.exe,8.59375,134668288,653029376,16,225,32444
2026-10-03T20:04:28.3416029Z,5492,sherpa-onnx-nemotron-worker.exe,165.75,797364224,820981760,5,151,31000
2026-10-03T20:04:28.3416029Z,28032,chrome.exe,21.375,185536512,71331840,47,1646,3080
2026-10-03T20:04:28.3416029Z,24628,chrome.exe,0.03125,10461184,2510848,8,172,28032
2026-10-03T20:04:28.3416029Z,28216,chrome.exe,3.203125,105451520,84684800,17,614,28032
2026-10-03T20:04:28.3416029Z,31140,chrome.exe,4.84375,43978752,13971456,24,409,28032
2026-10-03T20:04:28.3416029Z,18580,chrome.exe,0.09375,18305024,7970816,10,169,28032
2026-10-03T20:04:28.3416029Z,30988,chrome.exe,2.828125,79867904,35860480,25,326,28032
2026-10-03T20:04:28.3416029Z,21744,chrome.exe,11.59375,139554816,100540416,31,400,28032
2026-10-03T20:04:28.3416029Z,25516,chrome.exe,2.421875,23953408,8900608,14,267,28032
2026-10-03T20:04:28.3416029Z,30996,chrome.exe,1.140625,33062912,15568896,11,208,28032
2026-10-03T20:04:28.3416029Z,13488,powershell.exe,14.6875,100556800,81362944,13,651,9624
2026-10-03T20:04:29.9562706Z,32444,python.exe,0.015625,4235264,831488,1,60,31112
2026-10-03T20:04:29.9562706Z,27860,python.exe,8.59375,134668288,653029376,16,225,32444
2026-10-03T20:04:29.9562706Z,5492,sherpa-onnx-nemotron-worker.exe,165.75,797364224,820981760,5,151,31000
2026-10-03T20:04:29.9562706Z,28032,chrome.exe,21.65625,185298944,71122944,47,1646,3080
2026-10-03T20:04:29.9562706Z,24628,chrome.exe,0.03125,10461184,2510848,8,172,28032
2026-10-03T20:04:29.9562706Z,28216,chrome.exe,3.453125,105324544,84590592,17,611,28032
2026-10-03T20:04:29.9562706Z,31140,chrome.exe,4.859375,43962368,13967360,24,409,28032
2026-10-03T20:04:29.9562706Z,18580,chrome.exe,0.09375,18305024,7970816,10,169,28032
2026-10-03T20:04:29.9562706Z,30988,chrome.exe,2.828125,79867904,35860480,25,326,28032
2026-10-03T20:04:29.9562706Z,21744,chrome.exe,11.703125,138653696,99594240,31,397,28032
2026-10-03T20:04:29.9562706Z,25516,chrome.exe,2.453125,23957504,8904704,14,267,28032
2026-10-03T20:04:29.9562706Z,30996,chrome.exe,1.140625,33062912,15568896,11,208,28032
2026-10-03T20:04:29.9562706Z,13488,powershell.exe,14.890625,99672064,80109568,13,643,9624
2026-10-03T20:04:31.4996509Z,32444,python.exe,0.015625,4235264,831488,1,60,31112
2026-10-03T20:04:31.4996509Z,27860,python.exe,8.59375,134668288,653029376,16,225,32444
2026-10-03T20:04:31.4996509Z,5492,sherpa-onnx-nemotron-worker.exe,165.75,797364224,820981760,5,151,31000
2026-10-03T20:04:31.4996509Z,28032,chrome.exe,21.671875,185282560,71118848,47,1643,3080
2026-10-03T20:04:31.4996509Z,24628,chrome.exe,0.03125,10461184,2510848,8,172,28032
2026-10-03T20:04:31.4996509Z,28216,chrome.exe,3.453125,105295872,84582400,17,608,28032
2026-10-03T20:04:31.4996509Z,31140,chrome.exe,4.890625,43962368,13967360,24,409,28032
2026-10-03T20:04:31.4996509Z,18580,chrome.exe,0.09375,18305024,7970816,10,169,28032
2026-10-03T20:04:31.4996509Z,30988,chrome.exe,2.828125,79867904,35860480,25,326,28032
2026-10-03T20:04:31.4996509Z,21744,chrome.exe,11.75,138665984,99594240,31,397,28032
2026-10-03T20:04:31.4996509Z,25516,chrome.exe,2.46875,23957504,8904704,14,267,28032
2026-10-03T20:04:31.4996509Z,30996,chrome.exe,1.140625,33062912,15568896,11,208,28032
2026-10-03T20:04:31.4996509Z,13488,powershell.exe,15.015625,100892672,81391616,13,648,9624
2026-10-03T20:04:33.0143365Z,32444,python.exe,0.015625,4235264,831488,1,60,31112
2026-10-03T20:04:33.0143365Z,27860,python.exe,8.59375,134668288,653029376,16,225,32444
2026-10-03T20:04:33.0143365Z,5492,sherpa-onnx-nemotron-worker.exe,165.75,797364224,820981760,5,151,31000
2026-10-03T20:04:33.0143365Z,28032,chrome.exe,21.671875,185282560,71118848,47,1643,3080
2026-10-03T20:04:33.0143365Z,24628,chrome.exe,0.03125,10461184,2510848,8,172,28032
2026-10-03T20:04:33.0143365Z,28216,chrome.exe,3.453125,105295872,84582400,17,608,28032
2026-10-03T20:04:33.0143365Z,31140,chrome.exe,4.953125,43962368,13967360,24,409,28032
2026-10-03T20:04:33.0143365Z,18580,chrome.exe,0.09375,18305024,7970816,10,169,28032
2026-10-03T20:04:33.0143365Z,30988,chrome.exe,2.828125,79867904,35860480,25,326,28032
2026-10-03T20:04:33.0143365Z,21744,chrome.exe,11.796875,138665984,99594240,31,397,28032
2026-10-03T20:04:33.0143365Z,25516,chrome.exe,2.484375,23957504,8904704,14,267,28032
2026-10-03T20:04:33.0143365Z,30996,chrome.exe,1.140625,33062912,15568896,11,208,28032
2026-10-03T20:04:33.0143365Z,13488,powershell.exe,15.234375,101208064,82034688,13,651,9624
2026-10-03T20:04:34.6513227Z,32444,python.exe,0.015625,4235264,831488,1,60,31112
2026-10-03T20:04:34.6513227Z,27860,python.exe,8.59375,134668288,653029376,16,225,32444
2026-10-03T20:04:34.6513227Z,5492,sherpa-onnx-nemotron-worker.exe,168.703125,797364224,820981760,5,151,31000
2026-10-03T20:04:34.6513227Z,28032,chrome.exe,21.671875,185278464,71114752,47,1643,3080
2026-10-03T20:04:34.6513227Z,24628,chrome.exe,0.03125,10461184,2510848,8,172,28032
2026-10-03T20:04:34.6513227Z,28216,chrome.exe,3.46875,105222144,83836928,17,608,28032
2026-10-03T20:04:34.6513227Z,31140,chrome.exe,5.09375,43962368,13967360,24,409,28032
2026-10-03T20:04:34.6513227Z,18580,chrome.exe,0.09375,18305024,7970816,10,169,28032
2026-10-03T20:04:34.6513227Z,30988,chrome.exe,2.828125,79867904,35860480,25,326,28032
2026-10-03T20:04:34.6513227Z,21744,chrome.exe,11.96875,126881792,87523328,31,397,28032
2026-10-03T20:04:34.6513227Z,25516,chrome.exe,2.484375,23957504,8904704,14,267,28032
2026-10-03T20:04:34.6513227Z,30996,chrome.exe,1.140625,33062912,15568896,11,208,28032
2026-10-03T20:04:34.6513227Z,13488,powershell.exe,15.46875,101240832,82034688,13,651,9624
2026-10-03T20:04:36.8157297Z,32444,python.exe,0.015625,4235264,831488,1,60,31112
2026-10-03T20:04:36.8157297Z,27860,python.exe,8.984375,134410240,652771328,16,225,32444
2026-10-03T20:04:36.8157297Z,5492,sherpa-onnx-nemotron-worker.exe,172.125,797364224,820981760,5,151,31000
2026-10-03T20:04:36.8157297Z,28032,chrome.exe,21.75,187379712,73072640,48,1647,3080
2026-10-03T20:04:36.8157297Z,24628,chrome.exe,0.03125,10461184,2510848,8,172,28032
2026-10-03T20:04:36.8157297Z,28216,chrome.exe,3.46875,105222144,83836928,17,608,28032
2026-10-03T20:04:36.8157297Z,31140,chrome.exe,5.125,44748800,14786560,24,408,28032
2026-10-03T20:04:36.8157297Z,18580,chrome.exe,0.09375,18305024,7970816,10,169,28032
2026-10-03T20:04:36.8157297Z,30988,chrome.exe,2.828125,79867904,35860480,25,326,28032
2026-10-03T20:04:36.8157297Z,21744,chrome.exe,12.1875,130039808,90705920,31,397,28032
2026-10-03T20:04:36.8157297Z,25516,chrome.exe,2.515625,23957504,8904704,14,267,28032
2026-10-03T20:04:36.8157297Z,30996,chrome.exe,1.140625,33062912,15568896,11,208,28032
2026-10-03T20:04:36.8157297Z,13488,powershell.exe,15.71875,101572608,82063360,13,651,9624
2026-10-03T20:04:38.5525184Z,32444,python.exe,0.015625,4235264,831488,1,60,31112
2026-10-03T20:04:38.5525184Z,27860,python.exe,8.984375,134410240,652771328,16,225,32444
2026-10-03T20:04:38.5525184Z,5492,sherpa-onnx-nemotron-worker.exe,178.921875,797364224,820981760,5,151,31000
2026-10-03T20:04:38.5525184Z,28032,chrome.exe,21.75,186003456,71696384,48,1647,3080
2026-10-03T20:04:38.5525184Z,24628,chrome.exe,0.03125,10461184,2510848,8,172,28032
2026-10-03T20:04:38.5525184Z,28216,chrome.exe,3.46875,91541504,70107136,17,608,28032
2026-10-03T20:04:38.5525184Z,31140,chrome.exe,5.125,44228608,14168064,24,408,28032
2026-10-03T20:04:38.5525184Z,18580,chrome.exe,0.09375,18317312,7966720,10,169,28032
2026-10-03T20:04:38.5525184Z,30988,chrome.exe,2.828125,79867904,35860480,25,326,28032
2026-10-03T20:04:38.5525184Z,21744,chrome.exe,12.203125,127864832,88449024,31,397,28032
2026-10-03T20:04:38.5525184Z,25516,chrome.exe,2.546875,23949312,8896512,14,267,28032
2026-10-03T20:04:38.5525184Z,30996,chrome.exe,1.140625,33062912,15568896,11,208,28032
2026-10-03T20:04:38.5525184Z,13488,powershell.exe,15.984375,100438016,80859136,13,644,9624
2026-10-03T20:04:40.2687364Z,32444,python.exe,0.015625,4235264,831488,1,60,31112
2026-10-03T20:04:40.2687364Z,27860,python.exe,8.984375,134410240,652771328,16,225,32444
2026-10-03T20:04:40.2687364Z,5492,sherpa-onnx-nemotron-worker.exe,185.84375,797364224,820981760,5,151,31000
2026-10-03T20:04:40.2687364Z,28032,chrome.exe,21.75,186003456,71696384,48,1647,3080
2026-10-03T20:04:40.2687364Z,24628,chrome.exe,0.03125,10461184,2510848,8,172,28032
2026-10-03T20:04:40.2687364Z,28216,chrome.exe,3.46875,91541504,70107136,17,608,28032
2026-10-03T20:04:40.2687364Z,31140,chrome.exe,5.125,44228608,14168064,24,408,28032
2026-10-03T20:04:40.2687364Z,18580,chrome.exe,0.09375,18317312,7966720,10,169,28032
2026-10-03T20:04:40.2687364Z,30988,chrome.exe,2.828125,79867904,35860480,25,326,28032
2026-10-03T20:04:40.2687364Z,21744,chrome.exe,12.234375,127877120,88449024,31,397,28032
2026-10-03T20:04:40.2687364Z,25516,chrome.exe,2.578125,23949312,8896512,14,267,28032
2026-10-03T20:04:40.2687364Z,30996,chrome.exe,1.140625,33062912,15568896,11,208,28032
2026-10-03T20:04:40.2687364Z,13488,powershell.exe,16.34375,100917248,81498112,13,648,9624
2026-10-03T20:04:42.0580241Z,32444,python.exe,0.015625,4235264,831488,1,60,31112
2026-10-03T20:04:42.0580241Z,27860,python.exe,8.984375,134410240,652771328,16,225,32444
2026-10-03T20:04:42.0580241Z,5492,sherpa-onnx-nemotron-worker.exe,192.359375,797364224,820981760,5,151,31000
2026-10-03T20:04:42.0580241Z,28032,chrome.exe,21.765625,185782272,71516160,48,1647,3080
2026-10-03T20:04:42.0580241Z,24628,chrome.exe,0.03125,10461184,2510848,8,172,28032
2026-10-03T20:04:42.0580241Z,28216,chrome.exe,3.46875,91541504,70107136,17,608,28032
2026-10-03T20:04:42.0580241Z,31140,chrome.exe,5.15625,44314624,14237696,24,412,28032
2026-10-03T20:04:42.0580241Z,18580,chrome.exe,0.09375,18317312,7966720,10,169,28032
2026-10-03T20:04:42.0580241Z,30988,chrome.exe,2.828125,79867904,35860480,25,326,28032
2026-10-03T20:04:42.0580241Z,21744,chrome.exe,12.3125,127893504,88449024,31,397,28032
2026-10-03T20:04:42.0580241Z,25516,chrome.exe,2.625,23949312,8896512,14,267,28032
2026-10-03T20:04:42.0580241Z,30996,chrome.exe,1.140625,33062912,15568896,11,208,28032
2026-10-03T20:04:42.0580241Z,13488,powershell.exe,16.671875,100851712,81313792,13,651,9624
2026-10-03T20:04:43.8178539Z,32444,python.exe,0.015625,4235264,831488,1,60,31112
2026-10-03T20:04:43.8178539Z,27860,python.exe,8.984375,134410240,652771328,16,225,32444
2026-10-03T20:04:43.8178539Z,5492,sherpa-onnx-nemotron-worker.exe,198.84375,797364224,820981760,5,151,31000
2026-10-03T20:04:43.8178539Z,28032,chrome.exe,21.78125,185794560,71520256,48,1647,3080
2026-10-03T20:04:43.8178539Z,24628,chrome.exe,0.03125,10461184,2510848,8,172,28032
2026-10-03T20:04:43.8178539Z,28216,chrome.exe,3.46875,91541504,70107136,17,608,28032
2026-10-03T20:04:43.8178539Z,31140,chrome.exe,5.171875,44331008,14327808,24,412,28032
2026-10-03T20:04:43.8178539Z,18580,chrome.exe,0.09375,18317312,7966720,10,169,28032
2026-10-03T20:04:43.8178539Z,30988,chrome.exe,2.828125,79872000,35864576,25,326,28032
2026-10-03T20:04:43.8178539Z,21744,chrome.exe,12.4375,127959040,88449024,31,397,28032
2026-10-03T20:04:43.8178539Z,25516,chrome.exe,2.625,23949312,8896512,14,267,28032
2026-10-03T20:04:43.8178539Z,30996,chrome.exe,1.140625,33067008,15568896,11,208,28032
2026-10-03T20:04:43.8178539Z,13488,powershell.exe,16.96875,101683200,82235392,13,651,9624
2026-10-03T20:04:45.5004603Z,32444,python.exe,0.015625,4358144,901120,3,60,31112
2026-10-03T20:04:45.5004603Z,27860,python.exe,8.984375,134631424,652881920,19,225,32444
2026-10-03T20:04:45.5004603Z,5492,sherpa-onnx-nemotron-worker.exe,204.359375,797503488,821051392,7,151,31000
2026-10-03T20:04:45.5004603Z,28032,chrome.exe,21.796875,185810944,71536640,48,1647,3080
2026-10-03T20:04:45.5004603Z,24628,chrome.exe,0.03125,10461184,2510848,8,172,28032
2026-10-03T20:04:45.5004603Z,28216,chrome.exe,3.46875,91541504,70107136,17,608,28032
2026-10-03T20:04:45.5004603Z,31140,chrome.exe,5.171875,44261376,14172160,24,412,28032
2026-10-03T20:04:45.5004603Z,18580,chrome.exe,0.09375,18317312,7966720,10,169,28032
2026-10-03T20:04:45.5004603Z,30988,chrome.exe,2.828125,79872000,35864576,25,326,28032
2026-10-03T20:04:45.5004603Z,21744,chrome.exe,12.53125,127959040,88449024,31,397,28032
2026-10-03T20:04:45.5004603Z,25516,chrome.exe,2.65625,23949312,8896512,14,267,28032
2026-10-03T20:04:45.5004603Z,30996,chrome.exe,1.140625,33067008,15568896,11,208,28032
2026-10-03T20:04:45.5004603Z,13488,powershell.exe,17.265625,101003264,81567744,13,639,9624
2026-10-03T20:04:47.2305846Z,32444,python.exe,0.015625,4358144,901120,3,60,31112
2026-10-03T20:04:47.2305846Z,27860,python.exe,8.984375,134631424,652881920,19,225,32444
2026-10-03T20:04:47.2305846Z,5492,sherpa-onnx-nemotron-worker.exe,204.4375,797503488,821051392,7,151,31000
2026-10-03T20:04:47.2305846Z,28032,chrome.exe,21.8125,185810944,71536640,48,1647,3080
2026-10-03T20:04:47.2305846Z,24628,chrome.exe,0.03125,10461184,2510848,8,172,28032
2026-10-03T20:04:47.2305846Z,28216,chrome.exe,3.46875,91541504,70107136,17,608,28032
2026-10-03T20:04:47.2305846Z,31140,chrome.exe,5.171875,44261376,14172160,24,412,28032
2026-10-03T20:04:47.2305846Z,18580,chrome.exe,0.09375,18317312,7966720,10,169,28032
2026-10-03T20:04:47.2305846Z,30988,chrome.exe,2.828125,79872000,35864576,25,326,28032
2026-10-03T20:04:47.2305846Z,21744,chrome.exe,12.640625,127479808,88084480,31,397,28032
2026-10-03T20:04:47.2305846Z,25516,chrome.exe,2.65625,23945216,8892416,14,267,28032
2026-10-03T20:04:47.2305846Z,30996,chrome.exe,1.140625,33067008,15568896,11,208,28032
2026-10-03T20:04:47.2305846Z,13488,powershell.exe,17.578125,100855808,81428480,13,644,9624
2026-10-03T20:04:48.9614863Z,32444,python.exe,0.015625,4358144,901120,3,60,31112
2026-10-03T20:04:48.9614863Z,27860,python.exe,8.984375,134631424,652881920,19,225,32444
2026-10-03T20:04:48.9614863Z,5492,sherpa-onnx-nemotron-worker.exe,204.4375,797503488,821051392,7,151,31000
2026-10-03T20:04:48.9614863Z,28032,chrome.exe,21.890625,186060800,71741440,48,1651,3080
2026-10-03T20:04:48.9614863Z,24628,chrome.exe,0.03125,10461184,2510848,8,172,28032
2026-10-03T20:04:48.9614863Z,28216,chrome.exe,3.484375,101150720,80408576,17,611,28032
2026-10-03T20:04:48.9614863Z,31140,chrome.exe,5.203125,44265472,14176256,24,412,28032
2026-10-03T20:04:48.9614863Z,18580,chrome.exe,0.09375,18317312,7966720,10,169,28032
2026-10-03T20:04:48.9614863Z,30988,chrome.exe,2.828125,79872000,35864576,25,326,28032
2026-10-03T20:04:48.9614863Z,21744,chrome.exe,12.71875,127660032,88137728,31,397,28032
2026-10-03T20:04:48.9614863Z,25516,chrome.exe,2.65625,23945216,8892416,14,267,28032
2026-10-03T20:04:48.9614863Z,30996,chrome.exe,1.140625,33067008,15568896,11,208,28032
2026-10-03T20:04:48.9614863Z,13488,powershell.exe,17.734375,100974592,81530880,13,648,9624
2026-10-03T20:04:50.5202100Z,32444,python.exe,0.015625,4358144,901120,3,60,31112
2026-10-03T20:04:50.5202100Z,27860,python.exe,8.984375,134631424,652881920,19,225,32444
2026-10-03T20:04:50.5202100Z,5492,sherpa-onnx-nemotron-worker.exe,204.4375,797503488,821051392,7,151,31000
2026-10-03T20:04:50.5202100Z,28032,chrome.exe,21.890625,185696256,71426048,48,1648,3080
2026-10-03T20:04:50.5202100Z,24628,chrome.exe,0.03125,10461184,2510848,8,172,28032
2026-10-03T20:04:50.5202100Z,28216,chrome.exe,3.484375,101015552,79724544,17,608,28032
2026-10-03T20:04:50.5202100Z,31140,chrome.exe,5.234375,44265472,14176256,24,412,28032
2026-10-03T20:04:50.5202100Z,18580,chrome.exe,0.09375,18317312,7966720,10,169,28032
2026-10-03T20:04:50.5202100Z,30988,chrome.exe,2.828125,79872000,35864576,25,326,28032
2026-10-03T20:04:50.5202100Z,21744,chrome.exe,12.859375,127016960,87576576,31,397,28032
2026-10-03T20:04:50.5202100Z,25516,chrome.exe,2.65625,23945216,8892416,14,267,28032
2026-10-03T20:04:50.5202100Z,30996,chrome.exe,1.140625,33067008,15568896,11,208,28032
2026-10-03T20:04:50.5202100Z,13488,powershell.exe,17.921875,101126144,81698816,13,651,9624
2026-10-03T20:04:52.1125778Z,32444,python.exe,0.015625,4358144,901120,3,60,31112
2026-10-03T20:04:52.1125778Z,27860,python.exe,8.984375,134631424,652881920,19,225,32444
2026-10-03T20:04:52.1125778Z,5492,sherpa-onnx-nemotron-worker.exe,204.4375,797503488,821051392,7,151,31000
2026-10-03T20:04:52.1125778Z,28032,chrome.exe,21.890625,185696256,71426048,48,1648,3080
2026-10-03T20:04:52.1125778Z,24628,chrome.exe,0.03125,10461184,2510848,8,172,28032
2026-10-03T20:04:52.1125778Z,28216,chrome.exe,3.484375,101015552,79724544,17,608,28032
2026-10-03T20:04:52.1125778Z,31140,chrome.exe,5.25,44265472,14176256,24,412,28032
2026-10-03T20:04:52.1125778Z,18580,chrome.exe,0.09375,18317312,7966720,10,169,28032
2026-10-03T20:04:52.1125778Z,30988,chrome.exe,2.828125,79872000,35864576,25,326,28032
2026-10-03T20:04:52.1125778Z,21744,chrome.exe,12.953125,127143936,87613440,31,397,28032
2026-10-03T20:04:52.1125778Z,25516,chrome.exe,2.671875,23945216,8892416,14,267,28032
2026-10-03T20:04:52.1125778Z,30996,chrome.exe,1.140625,33067008,15568896,11,208,28032
2026-10-03T20:04:52.1125778Z,13488,powershell.exe,18.078125,100933632,82100224,13,651,9624
2026-10-03T20:04:53.6838143Z,32444,python.exe,0.015625,4358144,901120,3,60,31112
2026-10-03T20:04:53.6838143Z,27860,python.exe,8.984375,134631424,652881920,19,225,32444
2026-10-03T20:04:53.6838143Z,5492,sherpa-onnx-nemotron-worker.exe,204.4375,797503488,821051392,7,151,31000
2026-10-03T20:04:53.6838143Z,28032,chrome.exe,21.90625,185724928,71426048,47,1644,3080
2026-10-03T20:04:53.6838143Z,24628,chrome.exe,0.03125,10461184,2510848,8,172,28032
2026-10-03T20:04:53.6838143Z,28216,chrome.exe,3.484375,98459648,77107200,17,608,28032
2026-10-03T20:04:53.6838143Z,31140,chrome.exe,5.25,44265472,14176256,24,412,28032
2026-10-03T20:04:53.6838143Z,18580,chrome.exe,0.09375,18317312,7966720,10,169,28032
2026-10-03T20:04:53.6838143Z,30988,chrome.exe,2.828125,79872000,35864576,25,326,28032
2026-10-03T20:04:53.6838143Z,21744,chrome.exe,13.03125,127365120,87699456,31,397,28032
2026-10-03T20:04:53.6838143Z,25516,chrome.exe,2.6875,23945216,8892416,14,267,28032
2026-10-03T20:04:53.6838143Z,30996,chrome.exe,1.140625,33067008,15568896,11,208,28032
2026-10-03T20:04:53.6838143Z,13488,powershell.exe,18.234375,100790272,81559552,13,639,9624
2026-10-03T20:04:55.2568271Z,32444,python.exe,0.015625,4358144,901120,3,60,31112
2026-10-03T20:04:55.2568271Z,27860,python.exe,9,134631424,652881920,19,225,32444
2026-10-03T20:04:55.2568271Z,5492,sherpa-onnx-nemotron-worker.exe,204.4375,797503488,821051392,7,151,31000
2026-10-03T20:04:55.2568271Z,28032,chrome.exe,21.96875,185733120,71471104,48,1644,3080
2026-10-03T20:04:55.2568271Z,24628,chrome.exe,0.03125,10461184,2510848,8,172,28032
2026-10-03T20:04:55.2568271Z,28216,chrome.exe,3.484375,98459648,77107200,17,608,28032
2026-10-03T20:04:55.2568271Z,31140,chrome.exe,5.265625,44265472,14176256,24,412,28032
2026-10-03T20:04:55.2568271Z,18580,chrome.exe,0.09375,18317312,7966720,10,169,28032
2026-10-03T20:04:55.2568271Z,30988,chrome.exe,2.828125,79872000,35864576,25,326,28032
2026-10-03T20:04:55.2568271Z,21744,chrome.exe,13.09375,127377408,87711744,31,397,28032
2026-10-03T20:04:55.2568271Z,25516,chrome.exe,2.71875,23945216,8892416,14,267,28032
2026-10-03T20:04:55.2568271Z,30996,chrome.exe,1.140625,33067008,15568896,11,208,28032
2026-10-03T20:04:55.2568271Z,13488,powershell.exe,18.390625,100847616,81469440,13,644,9624
2026-10-03T20:04:56.8641651Z,32444,python.exe,0.015625,4358144,901120,3,60,31112
2026-10-03T20:04:56.8641651Z,27860,python.exe,9,134631424,652881920,19,225,32444
2026-10-03T20:04:56.8641651Z,5492,sherpa-onnx-nemotron-worker.exe,204.4375,797503488,821051392,7,151,31000
2026-10-03T20:04:56.8641651Z,28032,chrome.exe,21.96875,185733120,71471104,48,1644,3080
2026-10-03T20:04:56.8641651Z,24628,chrome.exe,0.03125,10461184,2510848,8,172,28032
2026-10-03T20:04:56.8641651Z,28216,chrome.exe,3.484375,88989696,67506176,17,608,28032
2026-10-03T20:04:56.8641651Z,31140,chrome.exe,5.265625,44265472,14176256,24,412,28032
2026-10-03T20:04:56.8641651Z,18580,chrome.exe,0.09375,18317312,7966720,10,169,28032
2026-10-03T20:04:56.8641651Z,30988,chrome.exe,2.828125,79872000,35864576,25,326,28032
2026-10-03T20:04:56.8641651Z,21744,chrome.exe,13.234375,127700992,88326144,31,397,28032
2026-10-03T20:04:56.8641651Z,25516,chrome.exe,2.71875,23945216,8892416,14,267,28032
2026-10-03T20:04:56.8641651Z,30996,chrome.exe,1.140625,33067008,15568896,11,208,28032
2026-10-03T20:04:56.8641651Z,13488,powershell.exe,18.59375,100544512,81276928,13,649,9624
2026-10-03T20:04:58.4068948Z,32444,python.exe,0.015625,4358144,901120,3,60,31112
2026-10-03T20:04:58.4068948Z,27860,python.exe,9,134631424,652881920,19,225,32444
2026-10-03T20:04:58.4068948Z,5492,sherpa-onnx-nemotron-worker.exe,204.4375,797503488,821051392,7,151,31000
2026-10-03T20:04:58.4068948Z,28032,chrome.exe,21.96875,185733120,71471104,48,1644,3080
2026-10-03T20:04:58.4068948Z,24628,chrome.exe,0.03125,10461184,2510848,8,172,28032
2026-10-03T20:04:58.4068948Z,28216,chrome.exe,3.484375,88989696,67506176,17,608,28032
2026-10-03T20:04:58.4068948Z,31140,chrome.exe,5.265625,44265472,14176256,24,414,28032
2026-10-03T20:04:58.4068948Z,18580,chrome.exe,0.09375,18317312,7966720,10,169,28032
2026-10-03T20:04:58.4068948Z,30988,chrome.exe,2.828125,79872000,35864576,25,326,28032
2026-10-03T20:04:58.4068948Z,21744,chrome.exe,13.28125,127778816,88358912,31,397,28032
2026-10-03T20:04:58.4068948Z,25516,chrome.exe,2.75,23945216,8892416,14,267,28032
2026-10-03T20:04:58.4068948Z,30996,chrome.exe,1.140625,33067008,15568896,11,208,28032
2026-10-03T20:04:58.4068948Z,13488,powershell.exe,18.734375,100888576,81326080,13,651,9624
2026-10-03T20:04:59.9564393Z,32444,python.exe,0.015625,4358144,901120,3,60,31112
2026-10-03T20:04:59.9564393Z,27860,python.exe,9,134631424,652881920,19,225,32444
2026-10-03T20:04:59.9564393Z,5492,sherpa-onnx-nemotron-worker.exe,204.4375,797503488,821051392,7,151,31000
2026-10-03T20:04:59.9564393Z,28032,chrome.exe,21.96875,185733120,71471104,48,1644,3080
2026-10-03T20:04:59.9564393Z,24628,chrome.exe,0.03125,10461184,2510848,8,172,28032
2026-10-03T20:04:59.9564393Z,28216,chrome.exe,3.484375,88989696,67506176,17,608,28032
2026-10-03T20:04:59.9564393Z,31140,chrome.exe,5.265625,44265472,14176256,24,414,28032
2026-10-03T20:04:59.9564393Z,18580,chrome.exe,0.09375,18317312,7966720,10,169,28032
2026-10-03T20:04:59.9564393Z,30988,chrome.exe,2.828125,79872000,35864576,25,326,28032
2026-10-03T20:04:59.9564393Z,21744,chrome.exe,13.375,127856640,88440832,31,397,28032
2026-10-03T20:04:59.9564393Z,25516,chrome.exe,2.75,23945216,8892416,14,267,28032
2026-10-03T20:04:59.9564393Z,30996,chrome.exe,1.140625,33067008,15568896,11,208,28032
2026-10-03T20:04:59.9564393Z,13488,powershell.exe,18.90625,101089280,81481728,13,651,9624
2026-10-03T20:05:01.4423662Z,32444,python.exe,0.015625,4358144,901120,3,60,31112
2026-10-03T20:05:01.4423662Z,27860,python.exe,9,134631424,652881920,19,225,32444
2026-10-03T20:05:01.4423662Z,5492,sherpa-onnx-nemotron-worker.exe,204.4375,797503488,821051392,7,151,31000
2026-10-03T20:05:01.4423662Z,28032,chrome.exe,21.96875,185733120,71471104,48,1644,3080
2026-10-03T20:05:01.4423662Z,24628,chrome.exe,0.03125,10461184,2510848,8,172,28032
2026-10-03T20:05:01.4423662Z,28216,chrome.exe,3.484375,88989696,67506176,17,608,28032
2026-10-03T20:05:01.4423662Z,31140,chrome.exe,5.265625,44265472,14176256,24,414,28032
2026-10-03T20:05:01.4423662Z,18580,chrome.exe,0.09375,18317312,7966720,10,169,28032
2026-10-03T20:05:01.4423662Z,30988,chrome.exe,2.828125,79872000,35864576,25,326,28032
2026-10-03T20:05:01.4423662Z,21744,chrome.exe,13.453125,127938560,88522752,31,397,28032
2026-10-03T20:05:01.4423662Z,25516,chrome.exe,2.75,23945216,8892416,14,267,28032
2026-10-03T20:05:01.4423662Z,30996,chrome.exe,1.140625,33067008,15568896,11,208,28032
2026-10-03T20:05:01.4423662Z,13488,powershell.exe,19.046875,101023744,82067456,13,639,9624
2026-10-03T20:05:02.9831018Z,32444,python.exe,0.015625,4358144,901120,3,60,31112
2026-10-03T20:05:02.9831018Z,27860,python.exe,9,134631424,652881920,19,225,32444
2026-10-03T20:05:02.9831018Z,5492,sherpa-onnx-nemotron-worker.exe,204.4375,797503488,821051392,7,151,31000
2026-10-03T20:05:02.9831018Z,28032,chrome.exe,21.96875,185733120,71471104,48,1644,3080
2026-10-03T20:05:02.9831018Z,24628,chrome.exe,0.03125,10461184,2510848,8,172,28032
2026-10-03T20:05:02.9831018Z,28216,chrome.exe,3.484375,88989696,67506176,17,608,28032
2026-10-03T20:05:02.9831018Z,31140,chrome.exe,5.265625,44265472,14176256,24,414,28032
2026-10-03T20:05:02.9831018Z,18580,chrome.exe,0.09375,18317312,7966720,10,169,28032
2026-10-03T20:05:02.9831018Z,30988,chrome.exe,2.828125,79872000,35864576,25,326,28032
2026-10-03T20:05:02.9831018Z,21744,chrome.exe,13.515625,127963136,88543232,31,397,28032
2026-10-03T20:05:02.9831018Z,25516,chrome.exe,2.75,23945216,8892416,14,267,28032
2026-10-03T20:05:02.9831018Z,30996,chrome.exe,1.140625,33067008,15568896,11,208,28032
2026-10-03T20:05:02.9831018Z,13488,powershell.exe,19.21875,101036032,81502208,13,644,9624
2026-10-03T20:05:04.4927090Z,32444,python.exe,0.015625,4358144,901120,3,60,31112
2026-10-03T20:05:04.4927090Z,27860,python.exe,9,134631424,652881920,19,225,32444
2026-10-03T20:05:04.4927090Z,5492,sherpa-onnx-nemotron-worker.exe,204.4375,797503488,821051392,7,151,31000
2026-10-03T20:05:04.4927090Z,28032,chrome.exe,21.984375,185733120,71471104,48,1644,3080
2026-10-03T20:05:04.4927090Z,24628,chrome.exe,0.03125,10461184,2510848,8,172,28032
2026-10-03T20:05:04.4927090Z,28216,chrome.exe,3.484375,88989696,67506176,17,608,28032
2026-10-03T20:05:04.4927090Z,31140,chrome.exe,5.265625,44265472,14176256,24,414,28032
2026-10-03T20:05:04.4927090Z,18580,chrome.exe,0.09375,18317312,7966720,10,169,28032
2026-10-03T20:05:04.4927090Z,30988,chrome.exe,2.828125,79872000,35864576,25,326,28032
2026-10-03T20:05:04.4927090Z,21744,chrome.exe,13.609375,128122880,88633344,31,397,28032
2026-10-03T20:05:04.4927090Z,25516,chrome.exe,2.75,23945216,8892416,14,267,28032
2026-10-03T20:05:04.4927090Z,30996,chrome.exe,1.140625,33067008,15568896,11,208,28032
2026-10-03T20:05:04.4927090Z,13488,powershell.exe,19.390625,101015552,82006016,13,649,9624
2026-10-03T20:05:06.0399076Z,32444,python.exe,0.015625,4358144,901120,3,60,31112
2026-10-03T20:05:06.0399076Z,27860,python.exe,9,134631424,652881920,19,225,32444
2026-10-03T20:05:06.0399076Z,5492,sherpa-onnx-nemotron-worker.exe,204.4375,797503488,821051392,7,151,31000
2026-10-03T20:05:06.0399076Z,28032,chrome.exe,21.984375,185700352,71438336,48,1644,3080
2026-10-03T20:05:06.0399076Z,24628,chrome.exe,0.03125,10461184,2510848,8,172,28032
2026-10-03T20:05:06.0399076Z,28216,chrome.exe,3.484375,88989696,67506176,17,608,28032
2026-10-03T20:05:06.0399076Z,31140,chrome.exe,5.265625,44261376,14176256,24,411,28032
2026-10-03T20:05:06.0399076Z,18580,chrome.exe,0.09375,18317312,7966720,10,169,28032
2026-10-03T20:05:06.0399076Z,30988,chrome.exe,2.828125,79872000,35864576,25,326,28032
2026-10-03T20:05:06.0399076Z,21744,chrome.exe,13.65625,127655936,88150016,31,397,28032
2026-10-03T20:05:06.0399076Z,25516,chrome.exe,2.75,23945216,8892416,14,267,28032
2026-10-03T20:05:06.0399076Z,30996,chrome.exe,1.140625,33067008,15568896,11,208,28032
2026-10-03T20:05:06.0399076Z,13488,powershell.exe,19.65625,100970496,81321984,12,648,9624
2026-10-03T20:05:07.6556914Z,32444,python.exe,0.015625,4358144,901120,3,60,31112
2026-10-03T20:05:07.6556914Z,27860,python.exe,9,134631424,652881920,19,225,32444
2026-10-03T20:05:07.6556914Z,5492,sherpa-onnx-nemotron-worker.exe,204.4375,797503488,821051392,7,151,31000
2026-10-03T20:05:07.6556914Z,28032,chrome.exe,21.984375,185700352,71438336,48,1644,3080
2026-10-03T20:05:07.6556914Z,24628,chrome.exe,0.03125,10461184,2510848,8,172,28032
2026-10-03T20:05:07.6556914Z,28216,chrome.exe,3.484375,88989696,67506176,17,608,28032
2026-10-03T20:05:07.6556914Z,31140,chrome.exe,5.265625,44261376,14176256,24,411,28032
2026-10-03T20:05:07.6556914Z,18580,chrome.exe,0.09375,18317312,7966720,10,169,28032
2026-10-03T20:05:07.6556914Z,30988,chrome.exe,2.828125,79872000,35864576,25,326,28032
2026-10-03T20:05:07.6556914Z,21744,chrome.exe,13.75,128065536,88354816,31,397,28032
2026-10-03T20:05:07.6556914Z,25516,chrome.exe,2.75,23945216,8892416,14,267,28032
2026-10-03T20:05:07.6556914Z,30996,chrome.exe,1.140625,33067008,15568896,11,208,28032
2026-10-03T20:05:07.6556914Z,13488,powershell.exe,19.828125,101076992,81448960,12,648,9624
2026-10-03T20:05:09.2506204Z,32444,python.exe,0.015625,4358144,901120,3,60,31112
2026-10-03T20:05:09.2506204Z,27860,python.exe,9,134631424,652881920,19,225,32444
2026-10-03T20:05:09.2506204Z,5492,sherpa-onnx-nemotron-worker.exe,204.4375,797503488,821051392,7,151,31000
2026-10-03T20:05:09.2506204Z,28032,chrome.exe,21.984375,185679872,71393280,47,1640,3080
2026-10-03T20:05:09.2506204Z,24628,chrome.exe,0.03125,10461184,2510848,8,172,28032
2026-10-03T20:05:09.2506204Z,28216,chrome.exe,3.484375,88989696,67506176,17,608,28032
2026-10-03T20:05:09.2506204Z,31140,chrome.exe,5.265625,44261376,14176256,24,411,28032
2026-10-03T20:05:09.2506204Z,18580,chrome.exe,0.09375,18317312,7966720,10,169,28032
2026-10-03T20:05:09.2506204Z,30988,chrome.exe,2.828125,79872000,35864576,25,326,28032
2026-10-03T20:05:09.2506204Z,21744,chrome.exe,13.765625,128176128,88391680,31,397,28032
2026-10-03T20:05:09.2506204Z,25516,chrome.exe,2.765625,23945216,8892416,14,267,28032
2026-10-03T20:05:09.2506204Z,30996,chrome.exe,1.140625,33067008,15568896,11,208,28032
2026-10-03T20:05:09.2506204Z,13488,powershell.exe,19.953125,101101568,81956864,12,636,9624
2026-10-03T20:05:10.7779305Z,32444,python.exe,0.015625,4358144,901120,3,60,31112
2026-10-03T20:05:10.7779305Z,27860,python.exe,9,134631424,652881920,19,225,32444
2026-10-03T20:05:10.7779305Z,5492,sherpa-onnx-nemotron-worker.exe,204.4375,797503488,821051392,7,151,31000
2026-10-03T20:05:10.7779305Z,28032,chrome.exe,21.984375,185679872,71393280,47,1640,3080
2026-10-03T20:05:10.7779305Z,24628,chrome.exe,0.03125,10461184,2510848,8,172,28032
2026-10-03T20:05:10.7779305Z,28216,chrome.exe,3.484375,88989696,67506176,17,608,28032
2026-10-03T20:05:10.7779305Z,31140,chrome.exe,5.265625,44261376,14176256,24,411,28032
2026-10-03T20:05:10.7779305Z,18580,chrome.exe,0.09375,18317312,7966720,10,169,28032
2026-10-03T20:05:10.7779305Z,30988,chrome.exe,2.828125,79872000,35864576,25,326,28032
2026-10-03T20:05:10.7779305Z,21744,chrome.exe,13.796875,128356352,88432640,31,397,28032
2026-10-03T20:05:10.7779305Z,25516,chrome.exe,2.796875,23945216,8892416,14,267,28032
2026-10-03T20:05:10.7779305Z,30996,chrome.exe,1.140625,33067008,15568896,11,208,28032
2026-10-03T20:05:10.7779305Z,13488,powershell.exe,20.140625,100880384,81321984,12,641,9624
2026-10-03T20:05:12.3500762Z,32444,python.exe,0.015625,4358144,901120,3,60,31112
2026-10-03T20:05:12.3500762Z,27860,python.exe,9,134631424,652881920,19,225,32444
2026-10-03T20:05:12.3500762Z,5492,sherpa-onnx-nemotron-worker.exe,204.4375,797503488,821051392,7,151,31000
2026-10-03T20:05:12.3500762Z,28032,chrome.exe,21.984375,185679872,71393280,47,1640,3080
2026-10-03T20:05:12.3500762Z,24628,chrome.exe,0.03125,10461184,2510848,8,172,28032
2026-10-03T20:05:12.3500762Z,28216,chrome.exe,3.484375,88989696,67506176,17,608,28032
2026-10-03T20:05:12.3500762Z,31140,chrome.exe,5.265625,44261376,14176256,24,408,28032
2026-10-03T20:05:12.3500762Z,18580,chrome.exe,0.09375,18317312,7966720,10,169,28032
2026-10-03T20:05:12.3500762Z,30988,chrome.exe,2.828125,79872000,35864576,25,326,28032
2026-10-03T20:05:12.3500762Z,21744,chrome.exe,13.8125,128688128,88485888,31,397,28032
2026-10-03T20:05:12.3500762Z,25516,chrome.exe,2.8125,23945216,8892416,14,267,28032
2026-10-03T20:05:12.3500762Z,30996,chrome.exe,1.140625,33067008,15568896,11,208,28032
2026-10-03T20:05:12.3500762Z,13488,powershell.exe,20.3125,101068800,81412096,12,646,9624
2026-10-03T20:05:13.9283867Z,32444,python.exe,0.015625,4358144,901120,3,60,31112
2026-10-03T20:05:13.9283867Z,27860,python.exe,9,134631424,652881920,19,225,32444
2026-10-03T20:05:13.9283867Z,5492,sherpa-onnx-nemotron-worker.exe,204.4375,797503488,821051392,7,151,31000
2026-10-03T20:05:13.9283867Z,28032,chrome.exe,21.984375,185696256,71397376,47,1640,3080
2026-10-03T20:05:13.9283867Z,24628,chrome.exe,0.03125,10461184,2510848,8,172,28032
2026-10-03T20:05:13.9283867Z,28216,chrome.exe,3.484375,88989696,67506176,17,608,28032
2026-10-03T20:05:13.9283867Z,31140,chrome.exe,5.28125,44261376,14176256,24,408,28032
2026-10-03T20:05:13.9283867Z,18580,chrome.exe,0.09375,18317312,7966720,10,169,28032
2026-10-03T20:05:13.9283867Z,30988,chrome.exe,2.828125,79872000,35864576,25,326,28032
2026-10-03T20:05:13.9283867Z,21744,chrome.exe,13.890625,128913408,88825856,31,397,28032
2026-10-03T20:05:13.9283867Z,25516,chrome.exe,2.8125,23945216,8892416,14,267,28032
2026-10-03T20:05:13.9283867Z,30996,chrome.exe,1.140625,33067008,15568896,11,208,28032
2026-10-03T20:05:13.9283867Z,13488,powershell.exe,20.46875,101052416,81391616,12,648,9624
2026-10-03T20:05:15.4539907Z,32444,python.exe,0.015625,4358144,901120,3,60,31112
2026-10-03T20:05:15.4539907Z,27860,python.exe,9,134631424,652881920,19,225,32444
2026-10-03T20:05:15.4539907Z,5492,sherpa-onnx-nemotron-worker.exe,204.4375,797503488,821051392,7,151,31000
2026-10-03T20:05:15.4539907Z,28032,chrome.exe,21.984375,185700352,71401472,47,1640,3080
2026-10-03T20:05:15.4539907Z,24628,chrome.exe,0.03125,10461184,2510848,8,172,28032
2026-10-03T20:05:15.4539907Z,28216,chrome.exe,3.484375,88989696,67506176,17,608,28032
2026-10-03T20:05:15.4539907Z,31140,chrome.exe,5.28125,44261376,14176256,24,408,28032
2026-10-03T20:05:15.4539907Z,18580,chrome.exe,0.09375,18317312,7966720,10,169,28032
2026-10-03T20:05:15.4539907Z,30988,chrome.exe,2.828125,79872000,35864576,25,326,28032
2026-10-03T20:05:15.4539907Z,21744,chrome.exe,13.9375,129449984,89698304,31,397,28032
2026-10-03T20:05:15.4539907Z,25516,chrome.exe,2.84375,23945216,8892416,14,267,28032
2026-10-03T20:05:15.4539907Z,30996,chrome.exe,1.140625,33067008,15568896,11,208,28032
2026-10-03T20:05:15.4539907Z,13488,powershell.exe,20.625,101761024,82145280,12,648,9624
2026-10-03T20:05:17.0144231Z,32444,python.exe,0.015625,4358144,901120,3,60,31112
2026-10-03T20:05:17.0144231Z,27860,python.exe,9,134631424,652881920,19,225,32444
2026-10-03T20:05:17.0144231Z,5492,sherpa-onnx-nemotron-worker.exe,204.4375,797503488,821051392,7,151,31000
2026-10-03T20:05:17.0144231Z,28032,chrome.exe,21.984375,185700352,71401472,47,1640,3080
2026-10-03T20:05:17.0144231Z,24628,chrome.exe,0.03125,10461184,2510848,8,172,28032
2026-10-03T20:05:17.0144231Z,28216,chrome.exe,3.484375,88989696,67506176,17,608,28032
2026-10-03T20:05:17.0144231Z,31140,chrome.exe,5.28125,44261376,14176256,24,408,28032
2026-10-03T20:05:17.0144231Z,18580,chrome.exe,0.09375,18317312,7966720,10,169,28032
2026-10-03T20:05:17.0144231Z,30988,chrome.exe,2.828125,79872000,35864576,25,326,28032
2026-10-03T20:05:17.0144231Z,21744,chrome.exe,13.96875,129757184,89903104,31,397,28032
2026-10-03T20:05:17.0144231Z,25516,chrome.exe,2.890625,23945216,8892416,14,267,28032
2026-10-03T20:05:17.0144231Z,30996,chrome.exe,1.140625,33067008,15568896,11,208,28032
2026-10-03T20:05:17.0144231Z,13488,powershell.exe,20.765625,101105664,81747968,12,636,9624
2026-10-03T20:05:18.5598012Z,32444,python.exe,0.015625,4358144,901120,3,60,31112
2026-10-03T20:05:18.5598012Z,27860,python.exe,9,134631424,652881920,19,225,32444
2026-10-03T20:05:18.5598012Z,5492,sherpa-onnx-nemotron-worker.exe,204.4375,797503488,821051392,7,151,31000
2026-10-03T20:05:18.5598012Z,28032,chrome.exe,22,185741312,71434240,47,1640,3080
2026-10-03T20:05:18.5598012Z,24628,chrome.exe,0.03125,10461184,2510848,8,172,28032
2026-10-03T20:05:18.5598012Z,28216,chrome.exe,3.484375,88989696,67506176,17,608,28032
2026-10-03T20:05:18.5598012Z,31140,chrome.exe,5.3125,44306432,14307328,24,411,28032
2026-10-03T20:05:18.5598012Z,18580,chrome.exe,0.09375,18317312,7966720,10,169,28032
2026-10-03T20:05:18.5598012Z,30988,chrome.exe,2.828125,79872000,35864576,25,326,28032
2026-10-03T20:05:18.5598012Z,21744,chrome.exe,14.03125,129798144,89931776,31,397,28032
2026-10-03T20:05:18.5598012Z,25516,chrome.exe,2.921875,23945216,8892416,14,267,28032
2026-10-03T20:05:18.5598012Z,30996,chrome.exe,1.140625,33067008,15568896,11,208,28032
2026-10-03T20:05:18.5598012Z,13488,powershell.exe,20.953125,101011456,81588224,12,641,9624
2026-10-03T20:05:20.1193159Z,32444,python.exe,0.015625,4358144,901120,3,60,31112
2026-10-03T20:05:20.1193159Z,27860,python.exe,9,134631424,652881920,19,225,32444
2026-10-03T20:05:20.1193159Z,5492,sherpa-onnx-nemotron-worker.exe,204.4375,797503488,821051392,7,151,31000
2026-10-03T20:05:20.1193159Z,28032,chrome.exe,22.046875,185741312,71434240,47,1640,3080
2026-10-03T20:05:20.1193159Z,24628,chrome.exe,0.03125,10461184,2510848,8,172,28032
2026-10-03T20:05:20.1193159Z,28216,chrome.exe,3.484375,88109056,66580480,17,608,28032
2026-10-03T20:05:20.1193159Z,31140,chrome.exe,5.3125,44306432,14307328,24,411,28032
2026-10-03T20:05:20.1193159Z,18580,chrome.exe,0.09375,18317312,7966720,10,169,28032
2026-10-03T20:05:20.1193159Z,30988,chrome.exe,2.828125,79872000,35864576,25,326,28032
2026-10-03T20:05:20.1193159Z,21744,chrome.exe,14.15625,129871872,89960448,31,397,28032
2026-10-03T20:05:20.1193159Z,25516,chrome.exe,2.921875,23945216,8892416,14,267,28032
2026-10-03T20:05:20.1193159Z,30996,chrome.exe,1.140625,33067008,15568896,11,208,28032
2026-10-03T20:05:20.1193159Z,13488,powershell.exe,21.203125,101064704,81485824,12,646,9624
2026-10-03T20:05:21.7338413Z,32444,python.exe,0.015625,4358144,901120,3,60,31112
2026-10-03T20:05:21.7338413Z,27860,python.exe,9,134631424,652881920,19,225,32444
2026-10-03T20:05:21.7338413Z,5492,sherpa-onnx-nemotron-worker.exe,204.4375,797503488,821051392,7,151,31000
2026-10-03T20:05:21.7338413Z,28032,chrome.exe,22.046875,185704448,71409664,47,1640,3080
2026-10-03T20:05:21.7338413Z,24628,chrome.exe,0.03125,10461184,2510848,8,172,28032
2026-10-03T20:05:21.7338413Z,28216,chrome.exe,3.484375,88109056,66580480,17,608,28032
2026-10-03T20:05:21.7338413Z,31140,chrome.exe,5.328125,44261376,14176256,24,411,28032
2026-10-03T20:05:21.7338413Z,18580,chrome.exe,0.09375,18317312,7966720,10,169,28032
2026-10-03T20:05:21.7338413Z,30988,chrome.exe,2.828125,79872000,35864576,25,326,28032
2026-10-03T20:05:21.7338413Z,21744,chrome.exe,14.265625,130199552,90058752,31,397,28032
2026-10-03T20:05:21.7338413Z,25516,chrome.exe,2.921875,23949312,8896512,14,267,28032
2026-10-03T20:05:21.7338413Z,30996,chrome.exe,1.140625,33067008,15568896,11,208,28032
2026-10-03T20:05:21.7338413Z,13488,powershell.exe,21.375,101031936,81383424,12,648,9624
2026-10-03T20:05:23.3053229Z,32444,python.exe,0.015625,4358144,901120,3,60,31112
2026-10-03T20:05:23.3053229Z,27860,python.exe,9,134631424,652881920,19,225,32444
2026-10-03T20:05:23.3053229Z,5492,sherpa-onnx-nemotron-worker.exe,204.4375,797503488,821051392,7,151,31000
2026-10-03T20:05:23.3053229Z,28032,chrome.exe,22.046875,185704448,71409664,47,1640,3080
2026-10-03T20:05:23.3053229Z,24628,chrome.exe,0.03125,10461184,2510848,8,172,28032
2026-10-03T20:05:23.3053229Z,28216,chrome.exe,3.484375,88109056,66580480,17,608,28032
2026-10-03T20:05:23.3053229Z,31140,chrome.exe,5.328125,44261376,14176256,24,411,28032
2026-10-03T20:05:23.3053229Z,18580,chrome.exe,0.09375,18317312,7966720,10,169,28032
2026-10-03T20:05:23.3053229Z,30988,chrome.exe,2.828125,79872000,35864576,25,326,28032
2026-10-03T20:05:23.3053229Z,21744,chrome.exe,14.359375,130224128,90079232,31,397,28032
2026-10-03T20:05:23.3053229Z,25516,chrome.exe,2.9375,23949312,8896512,14,267,28032
2026-10-03T20:05:23.3053229Z,30996,chrome.exe,1.140625,33067008,15568896,11,208,28032
2026-10-03T20:05:23.3053229Z,13488,powershell.exe,21.625,101130240,82100224,12,648,9624
2026-10-03T20:05:24.9217888Z,32444,python.exe,0.015625,4358144,901120,3,60,31112
2026-10-03T20:05:24.9217888Z,27860,python.exe,9,134631424,652881920,19,225,32444
2026-10-03T20:05:24.9217888Z,5492,sherpa-onnx-nemotron-worker.exe,204.4375,797503488,821051392,7,151,31000
2026-10-03T20:05:24.9217888Z,28032,chrome.exe,22.046875,185991168,71417856,47,1640,3080
2026-10-03T20:05:24.9217888Z,24628,chrome.exe,0.03125,10596352,2564096,9,172,28032
2026-10-03T20:05:24.9217888Z,28216,chrome.exe,3.484375,88109056,66580480,17,608,28032
2026-10-03T20:05:24.9217888Z,31140,chrome.exe,5.328125,44261376,14176256,24,411,28032
2026-10-03T20:05:24.9217888Z,18580,chrome.exe,0.09375,18317312,7966720,10,169,28032
2026-10-03T20:05:24.9217888Z,30988,chrome.exe,2.828125,79872000,35864576,25,326,28032
2026-10-03T20:05:24.9217888Z,21744,chrome.exe,14.390625,130396160,90243072,31,397,28032
2026-10-03T20:05:24.9217888Z,25516,chrome.exe,2.96875,23949312,8896512,14,267,28032
2026-10-03T20:05:24.9217888Z,30996,chrome.exe,1.140625,33067008,15568896,11,208,28032
2026-10-03T20:05:24.9217888Z,13488,powershell.exe,21.796875,100999168,81817600,12,636,9624
2026-10-03T20:05:26.4607547Z,32444,python.exe,0.015625,4358144,901120,3,60,31112
2026-10-03T20:05:26.4607547Z,27860,python.exe,9,134631424,652881920,19,225,32444
2026-10-03T20:05:26.4607547Z,5492,sherpa-onnx-nemotron-worker.exe,204.4375,797503488,821051392,7,151,31000
2026-10-03T20:05:26.4607547Z,28032,chrome.exe,22.09375,186322944,71467008,48,1627,3080
2026-10-03T20:05:26.4607547Z,24628,chrome.exe,0.03125,10596352,2564096,9,172,28032
2026-10-03T20:05:26.4607547Z,28216,chrome.exe,3.484375,88338432,66629632,18,608,28032
2026-10-03T20:05:26.4607547Z,31140,chrome.exe,5.328125,44367872,14184448,24,411,28032
2026-10-03T20:05:26.4607547Z,18580,chrome.exe,0.09375,18440192,8019968,11,169,28032
2026-10-03T20:05:26.4607547Z,30988,chrome.exe,2.828125,80060416,35946496,27,326,28032
2026-10-03T20:05:26.4607547Z,21744,chrome.exe,14.484375,130879488,90574848,33,397,28032
2026-10-03T20:05:26.4607547Z,25516,chrome.exe,2.96875,24068096,8904704,14,267,28032
2026-10-03T20:05:26.4607547Z,30996,chrome.exe,1.140625,33067008,15568896,11,208,28032
2026-10-03T20:05:26.4607547Z,13488,powershell.exe,21.984375,101060608,81420288,12,641,9624
2026-10-03T20:05:28.0843864Z,32444,python.exe,0.015625,4358144,901120,3,60,31112
2026-10-03T20:05:28.0843864Z,27860,python.exe,9,134631424,652881920,19,225,32444
2026-10-03T20:05:28.0843864Z,5492,sherpa-onnx-nemotron-worker.exe,204.4375,797503488,821051392,7,151,31000
2026-10-03T20:05:28.0843864Z,28032,chrome.exe,22.09375,186351616,71491584,48,1627,3080
2026-10-03T20:05:28.0843864Z,24628,chrome.exe,0.03125,10596352,2564096,9,172,28032
2026-10-03T20:05:28.0843864Z,28216,chrome.exe,3.484375,88338432,66629632,18,608,28032
2026-10-03T20:05:28.0843864Z,31140,chrome.exe,5.359375,44367872,14184448,24,409,28032
2026-10-03T20:05:28.0843864Z,18580,chrome.exe,0.09375,18440192,8019968,11,169,28032
2026-10-03T20:05:28.0843864Z,30988,chrome.exe,2.828125,80072704,35946496,27,326,28032
2026-10-03T20:05:28.0843864Z,21744,chrome.exe,14.578125,131002368,90628096,33,397,28032
2026-10-03T20:05:28.0843864Z,25516,chrome.exe,2.984375,24068096,8904704,14,267,28032
2026-10-03T20:05:28.0843864Z,30996,chrome.exe,1.140625,33067008,15568896,11,208,28032
2026-10-03T20:05:28.0843864Z,13488,powershell.exe,22.1875,101064704,81633280,12,646,9624
2026-10-03T20:05:29.6505808Z,32444,python.exe,0.015625,4358144,901120,3,60,31112
2026-10-03T20:05:29.6505808Z,27860,python.exe,9,134631424,652881920,19,225,32444
2026-10-03T20:05:29.6505808Z,5492,sherpa-onnx-nemotron-worker.exe,204.4375,797503488,821051392,7,151,31000
2026-10-03T20:05:29.6505808Z,28032,chrome.exe,22.09375,186327040,71467008,48,1627,3080
2026-10-03T20:05:29.6505808Z,24628,chrome.exe,0.03125,10596352,2564096,9,172,28032
2026-10-03T20:05:29.6505808Z,28216,chrome.exe,3.484375,88338432,66629632,18,608,28032
2026-10-03T20:05:29.6505808Z,31140,chrome.exe,5.359375,44367872,14184448,24,409,28032
2026-10-03T20:05:29.6505808Z,18580,chrome.exe,0.09375,18440192,8019968,11,169,28032
2026-10-03T20:05:29.6505808Z,30988,chrome.exe,2.828125,80072704,35946496,27,326,28032
2026-10-03T20:05:29.6505808Z,21744,chrome.exe,15.078125,183312384,143953920,33,401,28032
2026-10-03T20:05:29.6505808Z,25516,chrome.exe,2.984375,24068096,8904704,14,267,28032
2026-10-03T20:05:29.6505808Z,30996,chrome.exe,1.140625,33067008,15568896,11,208,28032
2026-10-03T20:05:29.6505808Z,13488,powershell.exe,22.328125,101060608,81391616,12,648,9624
2026-10-03T20:05:31.2166959Z,32444,python.exe,0.015625,4358144,901120,3,60,31112
2026-10-03T20:05:31.2166959Z,27860,python.exe,9,134631424,652881920,19,225,32444
2026-10-03T20:05:31.2166959Z,5492,sherpa-onnx-nemotron-worker.exe,204.4375,797503488,821051392,7,151,31000
2026-10-03T20:05:31.2166959Z,28032,chrome.exe,22.15625,186613760,71704576,48,1629,3080
2026-10-03T20:05:31.2166959Z,24628,chrome.exe,0.03125,10596352,2564096,9,172,28032
2026-10-03T20:05:31.2166959Z,28216,chrome.exe,3.578125,105005056,84148224,18,614,28032
2026-10-03T20:05:31.2166959Z,31140,chrome.exe,5.390625,44367872,14184448,24,409,28032
2026-10-03T20:05:31.2166959Z,18580,chrome.exe,0.09375,18440192,8019968,11,169,28032
2026-10-03T20:05:31.2166959Z,30988,chrome.exe,2.828125,80072704,35946496,27,326,28032
2026-10-03T20:05:31.2166959Z,21744,chrome.exe,15.140625,163319808,123269120,33,400,28032
2026-10-03T20:05:31.2166959Z,25516,chrome.exe,2.984375,24068096,8904704,14,267,28032
2026-10-03T20:05:31.2166959Z,30996,chrome.exe,1.140625,33067008,15568896,11,208,28032
2026-10-03T20:05:31.2166959Z,13488,powershell.exe,22.4375,101220352,81555456,12,648,9624
2026-10-03T20:05:32.7863431Z,32444,python.exe,0.015625,4358144,901120,3,60,31112
2026-10-03T20:05:32.7863431Z,27860,python.exe,9,134631424,652881920,19,225,32444
2026-10-03T20:05:32.7863431Z,5492,sherpa-onnx-nemotron-worker.exe,204.4375,797503488,821051392,7,151,31000
2026-10-03T20:05:32.7863431Z,28032,chrome.exe,22.296875,186626048,71708672,48,1629,3080
2026-10-03T20:05:32.7863431Z,24628,chrome.exe,0.03125,10596352,2564096,9,172,28032
2026-10-03T20:05:32.7863431Z,28216,chrome.exe,3.609375,104951808,83636224,18,611,28032
2026-10-03T20:05:32.7863431Z,31140,chrome.exe,5.390625,44367872,14184448,24,409,28032
2026-10-03T20:05:32.7863431Z,18580,chrome.exe,0.09375,18440192,8019968,11,169,28032
2026-10-03T20:05:32.7863431Z,30988,chrome.exe,2.828125,80072704,35946496,27,326,28032
2026-10-03T20:05:32.7863431Z,21744,chrome.exe,15.25,162480128,122339328,33,397,28032
2026-10-03T20:05:32.7863431Z,25516,chrome.exe,2.984375,24068096,8904704,14,267,28032
2026-10-03T20:05:32.7863431Z,30996,chrome.exe,1.140625,33067008,15568896,11,208,28032
2026-10-03T20:05:32.7863431Z,13488,powershell.exe,22.625,101154816,82059264,12,637,9624
2026-10-03T20:05:34.3484877Z,32444,python.exe,0.015625,4358144,901120,3,60,31112
2026-10-03T20:05:34.3484877Z,27860,python.exe,9,134631424,652881920,19,225,32444
2026-10-03T20:05:34.3484877Z,5492,sherpa-onnx-nemotron-worker.exe,204.4375,797503488,821051392,7,151,31000
2026-10-03T20:05:34.3484877Z,28032,chrome.exe,22.296875,186339328,71479296,48,1626,3080
2026-10-03T20:05:34.3484877Z,24628,chrome.exe,0.03125,10596352,2564096,9,172,28032
2026-10-03T20:05:34.3484877Z,28216,chrome.exe,3.609375,104783872,83308544,18,608,28032
2026-10-03T20:05:34.3484877Z,31140,chrome.exe,5.390625,44367872,14184448,24,409,28032
2026-10-03T20:05:34.3484877Z,18580,chrome.exe,0.09375,18440192,8019968,11,169,28032
2026-10-03T20:05:34.3484877Z,30988,chrome.exe,2.828125,80072704,35946496,27,326,28032
2026-10-03T20:05:34.3484877Z,21744,chrome.exe,15.265625,162574336,122433536,33,397,28032
2026-10-03T20:05:34.3484877Z,25516,chrome.exe,2.984375,24068096,8904704,14,267,28032
2026-10-03T20:05:34.3484877Z,30996,chrome.exe,1.140625,33067008,15568896,11,208,28032
2026-10-03T20:05:34.3484877Z,13488,powershell.exe,22.78125,100962304,81293312,12,641,9624
2026-10-03T20:05:35.8770522Z,32444,python.exe,0.015625,4358144,901120,3,60,31112
2026-10-03T20:05:35.8770522Z,27860,python.exe,9,134631424,652881920,19,225,32444
2026-10-03T20:05:35.8770522Z,5492,sherpa-onnx-nemotron-worker.exe,204.4375,797503488,821051392,7,151,31000
2026-10-03T20:05:35.8770522Z,28032,chrome.exe,22.296875,186339328,71479296,48,1626,3080
2026-10-03T20:05:35.8770522Z,24628,chrome.exe,0.03125,10596352,2564096,9,172,28032
2026-10-03T20:05:35.8770522Z,28216,chrome.exe,3.609375,104783872,83304448,18,608,28032
2026-10-03T20:05:35.8770522Z,31140,chrome.exe,5.40625,44367872,14184448,24,409,28032
2026-10-03T20:05:35.8770522Z,18580,chrome.exe,0.09375,18440192,8019968,11,169,28032
2026-10-03T20:05:35.8770522Z,30988,chrome.exe,2.828125,80072704,35946496,27,326,28032
2026-10-03T20:05:35.8770522Z,21744,chrome.exe,15.328125,162729984,122523648,33,397,28032
2026-10-03T20:05:35.8770522Z,25516,chrome.exe,2.984375,24068096,8904704,14,267,28032
2026-10-03T20:05:35.8770522Z,30996,chrome.exe,1.140625,33067008,15568896,11,208,28032
2026-10-03T20:05:35.8770522Z,13488,powershell.exe,22.953125,101060608,81518592,12,646,9624
2026-10-03T20:05:37.3584893Z,32444,python.exe,0.015625,4358144,901120,3,60,31112
2026-10-03T20:05:37.3584893Z,27860,python.exe,9,134631424,652881920,19,225,32444
2026-10-03T20:05:37.3584893Z,5492,sherpa-onnx-nemotron-worker.exe,204.4375,797503488,821051392,7,151,31000
2026-10-03T20:05:37.3584893Z,28032,chrome.exe,22.296875,186339328,71479296,48,1626,3080
2026-10-03T20:05:37.3584893Z,24628,chrome.exe,0.03125,10596352,2564096,9,172,28032
2026-10-03T20:05:37.3584893Z,28216,chrome.exe,3.609375,104783872,83304448,18,608,28032
2026-10-03T20:05:37.3584893Z,31140,chrome.exe,5.421875,44367872,14184448,24,409,28032
2026-10-03T20:05:37.3584893Z,18580,chrome.exe,0.09375,18440192,8019968,11,169,28032
2026-10-03T20:05:37.3584893Z,30988,chrome.exe,2.828125,80072704,35946496,27,326,28032
2026-10-03T20:05:37.3584893Z,21744,chrome.exe,15.390625,162385920,122392576,33,397,28032
2026-10-03T20:05:37.3584893Z,25516,chrome.exe,3,24068096,8904704,14,267,28032
2026-10-03T20:05:37.3584893Z,30996,chrome.exe,1.140625,33067008,15568896,11,208,28032
2026-10-03T20:05:37.3584893Z,13488,powershell.exe,23.09375,101629952,82137088,12,648,9624
2026-10-03T20:05:38.9523838Z,32444,python.exe,0.015625,4358144,901120,3,60,31112
2026-10-03T20:05:38.9523838Z,27860,python.exe,9.28125,135618560,654446592,20,229,32444
2026-10-03T20:05:38.9523838Z,5492,sherpa-onnx-nemotron-worker.exe,209.96875,797503488,821051392,7,151,31000
2026-10-03T20:05:38.9523838Z,28032,chrome.exe,22.296875,186339328,71475200,48,1626,3080
2026-10-03T20:05:38.9523838Z,24628,chrome.exe,0.03125,10596352,2564096,9,172,28032
2026-10-03T20:05:38.9523838Z,28216,chrome.exe,3.609375,91803648,70184960,18,608,28032
2026-10-03T20:05:38.9523838Z,31140,chrome.exe,5.421875,44367872,14184448,24,409,28032
2026-10-03T20:05:38.9523838Z,18580,chrome.exe,0.09375,18440192,8019968,11,169,28032
2026-10-03T20:05:38.9523838Z,30988,chrome.exe,2.828125,80072704,35946496,27,326,28032
2026-10-03T20:05:38.9523838Z,21744,chrome.exe,15.671875,145719296,105193472,33,397,28032
2026-10-03T20:05:38.9523838Z,25516,chrome.exe,3.015625,24068096,8904704,14,267,28032
2026-10-03T20:05:38.9523838Z,30996,chrome.exe,1.140625,33226752,15626240,12,208,28032
2026-10-03T20:05:38.9523838Z,13488,powershell.exe,23.375,101158912,82214912,12,648,9624
2026-10-03T20:05:40.6290827Z,32444,python.exe,0.015625,4358144,901120,3,60,31112
2026-10-03T20:05:40.6290827Z,27860,python.exe,9.453125,135561216,654540800,19,225,32444
2026-10-03T20:05:40.6290827Z,5492,sherpa-onnx-nemotron-worker.exe,216.578125,797503488,821051392,7,151,31000
2026-10-03T20:05:40.6290827Z,28032,chrome.exe,22.296875,186339328,71475200,48,1626,3080
2026-10-03T20:05:40.6290827Z,24628,chrome.exe,0.03125,10596352,2564096,9,172,28032
2026-10-03T20:05:40.6290827Z,28216,chrome.exe,3.609375,91803648,70184960,18,608,28032
2026-10-03T20:05:40.6290827Z,31140,chrome.exe,5.421875,44367872,14184448,24,409,28032
2026-10-03T20:05:40.6290827Z,18580,chrome.exe,0.09375,18440192,8019968,11,169,28032
2026-10-03T20:05:40.6290827Z,30988,chrome.exe,2.828125,80072704,35946496,27,326,28032
2026-10-03T20:05:40.6290827Z,21744,chrome.exe,15.75,144855040,104214528,33,397,28032
2026-10-03T20:05:40.6290827Z,25516,chrome.exe,3.046875,24068096,8904704,14,267,28032
2026-10-03T20:05:40.6290827Z,30996,chrome.exe,1.140625,33226752,15626240,12,208,28032
2026-10-03T20:05:40.6290827Z,13488,powershell.exe,23.65625,101036032,81387520,12,637,9624
2026-10-03T20:05:42.4532767Z,32444,python.exe,0.015625,4358144,901120,3,60,31112
2026-10-03T20:05:42.4532767Z,27860,python.exe,9.453125,135561216,654540800,19,225,32444
2026-10-03T20:05:42.4532767Z,5492,sherpa-onnx-nemotron-worker.exe,223.890625,797503488,821051392,7,151,31000
2026-10-03T20:05:42.4532767Z,28032,chrome.exe,22.296875,186359808,71475200,48,1626,3080
2026-10-03T20:05:42.4532767Z,24628,chrome.exe,0.03125,10596352,2564096,9,172,28032
2026-10-03T20:05:42.4532767Z,28216,chrome.exe,3.609375,91779072,70160384,18,608,28032
2026-10-03T20:05:42.4532767Z,31140,chrome.exe,5.421875,44355584,14172160,24,409,28032
2026-10-03T20:05:42.4532767Z,18580,chrome.exe,0.09375,18440192,8019968,11,169,28032
2026-10-03T20:05:42.4532767Z,30988,chrome.exe,2.828125,80072704,35946496,27,326,28032
2026-10-03T20:05:42.4532767Z,21744,chrome.exe,15.765625,144855040,104214528,33,397,28032
2026-10-03T20:05:42.4532767Z,25516,chrome.exe,3.0625,24068096,8904704,14,267,28032
2026-10-03T20:05:42.4532767Z,30996,chrome.exe,1.140625,33226752,15626240,12,208,28032
2026-10-03T20:05:42.4532767Z,13488,powershell.exe,23.984375,101048320,82219008,12,641,9624
2026-10-03T20:05:44.1462497Z,32444,python.exe,0.015625,4358144,901120,3,60,31112
2026-10-03T20:05:44.1462497Z,27860,python.exe,9.453125,135561216,654540800,19,225,32444
2026-10-03T20:05:44.1462497Z,5492,sherpa-onnx-nemotron-worker.exe,231.59375,797503488,821051392,7,151,31000
2026-10-03T20:05:44.1462497Z,28032,chrome.exe,22.296875,186359808,71475200,48,1626,3080
2026-10-03T20:05:44.1462497Z,24628,chrome.exe,0.03125,10596352,2564096,9,172,28032
2026-10-03T20:05:44.1462497Z,28216,chrome.exe,3.609375,91779072,70160384,18,608,28032
2026-10-03T20:05:44.1462497Z,31140,chrome.exe,5.421875,44355584,14172160,24,409,28032
2026-10-03T20:05:44.1462497Z,18580,chrome.exe,0.09375,18440192,8019968,11,169,28032
2026-10-03T20:05:44.1462497Z,30988,chrome.exe,2.828125,80072704,35946496,27,326,28032
2026-10-03T20:05:44.1462497Z,21744,chrome.exe,15.90625,144855040,104214528,33,397,28032
2026-10-03T20:05:44.1462497Z,25516,chrome.exe,3.0625,24064000,8900608,14,267,28032
2026-10-03T20:05:44.1462497Z,30996,chrome.exe,1.140625,33226752,15626240,12,208,28032
2026-10-03T20:05:44.1462497Z,13488,powershell.exe,24.28125,100954112,81350656,12,646,9624
2026-10-03T20:05:46.1306675Z,32444,python.exe,0.015625,4358144,901120,3,60,31112
2026-10-03T20:05:46.1306675Z,27860,python.exe,9.453125,135561216,654540800,19,225,32444
2026-10-03T20:05:46.1306675Z,5492,sherpa-onnx-nemotron-worker.exe,238.234375,797503488,821051392,7,151,31000
2026-10-03T20:05:46.1306675Z,28032,chrome.exe,22.296875,186359808,71475200,48,1626,3080
2026-10-03T20:05:46.1306675Z,24628,chrome.exe,0.03125,10596352,2564096,9,172,28032
2026-10-03T20:05:46.1306675Z,28216,chrome.exe,3.609375,91779072,70160384,18,608,28032
2026-10-03T20:05:46.1306675Z,31140,chrome.exe,5.421875,44355584,14172160,24,409,28032
2026-10-03T20:05:46.1306675Z,18580,chrome.exe,0.09375,18440192,8019968,11,169,28032
2026-10-03T20:05:46.1306675Z,30988,chrome.exe,2.828125,80072704,35946496,27,326,28032
2026-10-03T20:05:46.1306675Z,21744,chrome.exe,15.953125,144220160,104214528,33,397,28032
2026-10-03T20:05:46.1306675Z,25516,chrome.exe,3.078125,24064000,8900608,14,267,28032
2026-10-03T20:05:46.1306675Z,30996,chrome.exe,1.140625,33226752,15626240,12,208,28032
2026-10-03T20:05:46.1306675Z,13488,powershell.exe,24.59375,101072896,81408000,12,648,9624
2026-10-03T20:05:47.9775539Z,32444,python.exe,0.015625,4358144,901120,3,60,31112
2026-10-03T20:05:47.9775539Z,27860,python.exe,9.453125,135561216,654540800,19,225,32444
2026-10-03T20:05:47.9775539Z,5492,sherpa-onnx-nemotron-worker.exe,239.1875,797503488,821051392,7,151,31000
2026-10-03T20:05:47.9775539Z,28032,chrome.exe,22.390625,186662912,71725056,48,1630,3080
2026-10-03T20:05:47.9775539Z,24628,chrome.exe,0.03125,10596352,2564096,9,172,28032
2026-10-03T20:05:47.9775539Z,28216,chrome.exe,3.65625,101380096,80437248,18,611,28032
2026-10-03T20:05:47.9775539Z,31140,chrome.exe,5.4375,44355584,14172160,24,406,28032
2026-10-03T20:05:47.9775539Z,18580,chrome.exe,0.09375,18440192,8019968,11,169,28032
2026-10-03T20:05:47.9775539Z,30988,chrome.exe,2.828125,80072704,35946496,27,326,28032
2026-10-03T20:05:47.9775539Z,21744,chrome.exe,16.109375,143605760,103923712,33,397,28032
2026-10-03T20:05:47.9775539Z,25516,chrome.exe,3.09375,24059904,8896512,14,267,28032
2026-10-03T20:05:47.9775539Z,30996,chrome.exe,1.140625,33226752,15626240,12,208,28032
2026-10-03T20:05:47.9775539Z,13488,powershell.exe,24.890625,101679104,82567168,12,648,9624
2026-10-03T20:05:49.6897538Z,32444,python.exe,0.015625,4358144,901120,3,60,31112
2026-10-03T20:05:49.6897538Z,27860,python.exe,9.453125,135561216,654540800,19,225,32444
2026-10-03T20:05:49.6897538Z,5492,sherpa-onnx-nemotron-worker.exe,239.1875,797503488,821051392,7,151,31000
2026-10-03T20:05:49.6897538Z,28032,chrome.exe,22.390625,186363904,71479296,48,1627,3080
2026-10-03T20:05:49.6897538Z,24628,chrome.exe,0.03125,10596352,2564096,9,172,28032
2026-10-03T20:05:49.6897538Z,28216,chrome.exe,3.65625,101253120,79785984,18,608,28032
2026-10-03T20:05:49.6897538Z,31140,chrome.exe,5.453125,44355584,14172160,24,406,28032
2026-10-03T20:05:49.6897538Z,18580,chrome.exe,0.09375,18440192,8019968,11,169,28032
2026-10-03T20:05:49.6897538Z,30988,chrome.exe,2.828125,80072704,35946496,27,326,28032
2026-10-03T20:05:49.6897538Z,21744,chrome.exe,16.265625,143585280,104042496,33,397,28032
2026-10-03T20:05:49.6897538Z,25516,chrome.exe,3.109375,24059904,8896512,14,267,28032
2026-10-03T20:05:49.6897538Z,30996,chrome.exe,1.140625,33226752,15626240,12,208,28032
2026-10-03T20:05:49.6897538Z,13488,powershell.exe,25.140625,100511744,80879616,12,637,9624
2026-10-03T20:05:51.3924513Z,32444,python.exe,0.015625,4358144,901120,3,60,31112
2026-10-03T20:05:51.3924513Z,27860,python.exe,9.453125,135561216,654540800,19,225,32444
2026-10-03T20:05:51.3924513Z,5492,sherpa-onnx-nemotron-worker.exe,239.1875,797503488,821051392,7,151,31000
2026-10-03T20:05:51.3924513Z,28032,chrome.exe,22.390625,186363904,71479296,48,1627,3080
2026-10-03T20:05:51.3924513Z,24628,chrome.exe,0.03125,10596352,2564096,9,172,28032
2026-10-03T20:05:51.3924513Z,28216,chrome.exe,3.65625,101253120,79785984,18,608,28032
2026-10-03T20:05:51.3924513Z,31140,chrome.exe,5.46875,44355584,14172160,24,406,28032
2026-10-03T20:05:51.3924513Z,18580,chrome.exe,0.09375,18440192,8019968,11,169,28032
2026-10-03T20:05:51.3924513Z,30988,chrome.exe,2.828125,80072704,35946496,27,326,28032
2026-10-03T20:05:51.3924513Z,21744,chrome.exe,16.359375,143642624,104382464,33,397,28032
2026-10-03T20:05:51.3924513Z,25516,chrome.exe,3.109375,24059904,8896512,14,267,28032
2026-10-03T20:05:51.3924513Z,30996,chrome.exe,1.140625,33226752,15626240,12,208,28032
2026-10-03T20:05:51.3924513Z,13488,powershell.exe,25.390625,101101568,82333696,12,641,9624
2026-10-03T20:05:53.0242389Z,32444,python.exe,0.015625,4358144,901120,3,60,31112
2026-10-03T20:05:53.0242389Z,27860,python.exe,9.453125,135561216,654540800,19,225,32444
2026-10-03T20:05:53.0242389Z,5492,sherpa-onnx-nemotron-worker.exe,239.1875,797503488,821051392,7,151,31000
2026-10-03T20:05:53.0242389Z,28032,chrome.exe,22.390625,186363904,71479296,48,1627,3080
2026-10-03T20:05:53.0242389Z,24628,chrome.exe,0.03125,10596352,2564096,9,172,28032
2026-10-03T20:05:53.0242389Z,28216,chrome.exe,3.65625,101253120,79781888,18,608,28032
2026-10-03T20:05:53.0242389Z,31140,chrome.exe,5.5,44355584,14172160,24,406,28032
2026-10-03T20:05:53.0242389Z,18580,chrome.exe,0.09375,18440192,8019968,11,169,28032
2026-10-03T20:05:53.0242389Z,30988,chrome.exe,2.828125,80072704,35946496,27,326,28032
2026-10-03T20:05:53.0242389Z,21744,chrome.exe,16.390625,143675392,104439808,33,397,28032
2026-10-03T20:05:53.0242389Z,25516,chrome.exe,3.125,24059904,8896512,14,267,28032
2026-10-03T20:05:53.0242389Z,30996,chrome.exe,1.140625,33226752,15626240,12,208,28032
2026-10-03T20:05:53.0242389Z,13488,powershell.exe,25.5625,100810752,81260544,12,645,9624
2026-10-03T20:05:54.5799296Z,32444,python.exe,0.015625,4358144,901120,3,60,31112
2026-10-03T20:05:54.5799296Z,27860,python.exe,9.453125,135561216,654540800,19,225,32444
2026-10-03T20:05:54.5799296Z,5492,sherpa-onnx-nemotron-worker.exe,239.1875,797503488,821051392,7,151,31000
2026-10-03T20:05:54.5799296Z,28032,chrome.exe,22.390625,186298368,71413760,48,1627,3080
2026-10-03T20:05:54.5799296Z,24628,chrome.exe,0.03125,10596352,2564096,9,172,28032
2026-10-03T20:05:54.5799296Z,28216,chrome.exe,3.65625,98697216,77168640,18,608,28032
2026-10-03T20:05:54.5799296Z,31140,chrome.exe,5.5,44355584,14172160,24,406,28032
2026-10-03T20:05:54.5799296Z,18580,chrome.exe,0.09375,18440192,8019968,11,169,28032
2026-10-03T20:05:54.5799296Z,30988,chrome.exe,2.828125,80072704,35946496,27,326,28032
2026-10-03T20:05:54.5799296Z,21744,chrome.exe,16.390625,143802368,104497152,33,397,28032
2026-10-03T20:05:54.5799296Z,25516,chrome.exe,3.15625,24059904,8896512,14,267,28032
2026-10-03T20:05:54.5799296Z,30996,chrome.exe,1.140625,33226752,15626240,12,208,28032
2026-10-03T20:05:54.5799296Z,13488,powershell.exe,25.71875,100929536,81461248,12,647,9624
2026-10-03T20:05:56.0951944Z,32444,python.exe,0.015625,4358144,901120,3,60,31112
2026-10-03T20:05:56.0951944Z,27860,python.exe,9.453125,135561216,654540800,19,225,32444
2026-10-03T20:05:56.0951944Z,5492,sherpa-onnx-nemotron-worker.exe,239.1875,797503488,821051392,7,151,31000
2026-10-03T20:05:56.0951944Z,28032,chrome.exe,22.390625,186298368,71413760,48,1627,3080
2026-10-03T20:05:56.0951944Z,24628,chrome.exe,0.03125,10596352,2564096,9,172,28032
2026-10-03T20:05:56.0951944Z,28216,chrome.exe,3.65625,89227264,67588096,18,608,28032
2026-10-03T20:05:56.0951944Z,31140,chrome.exe,5.515625,44355584,14172160,24,406,28032
2026-10-03T20:05:56.0951944Z,18580,chrome.exe,0.09375,18440192,8019968,11,169,28032
2026-10-03T20:05:56.0951944Z,30988,chrome.exe,2.828125,80072704,35946496,27,326,28032
2026-10-03T20:05:56.0951944Z,21744,chrome.exe,16.46875,143921152,104546304,33,397,28032
2026-10-03T20:05:56.0951944Z,25516,chrome.exe,3.15625,24059904,8896512,14,267,28032
2026-10-03T20:05:56.0951944Z,30996,chrome.exe,1.140625,33226752,15626240,12,208,28032
2026-10-03T20:05:56.0951944Z,13488,powershell.exe,25.875,100892672,81227776,12,647,9624
2026-10-03T20:05:57.6215701Z,32444,python.exe,0.015625,4358144,901120,3,60,31112
2026-10-03T20:05:57.6215701Z,27860,python.exe,9.453125,135561216,654540800,19,225,32444
2026-10-03T20:05:57.6215701Z,5492,sherpa-onnx-nemotron-worker.exe,239.1875,797503488,821051392,7,151,31000
2026-10-03T20:05:57.6215701Z,28032,chrome.exe,22.40625,186298368,71413760,48,1627,3080
2026-10-03T20:05:57.6215701Z,24628,chrome.exe,0.03125,10596352,2564096,9,172,28032
2026-10-03T20:05:57.6215701Z,28216,chrome.exe,3.65625,89227264,67588096,18,608,28032
2026-10-03T20:05:57.6215701Z,31140,chrome.exe,5.515625,44355584,14172160,24,406,28032
2026-10-03T20:05:57.6215701Z,18580,chrome.exe,0.09375,18440192,8019968,11,169,28032
2026-10-03T20:05:57.6215701Z,30988,chrome.exe,2.828125,80072704,35946496,27,326,28032
2026-10-03T20:05:57.6215701Z,21744,chrome.exe,16.578125,144011264,104849408,33,397,28032
2026-10-03T20:05:57.6215701Z,25516,chrome.exe,3.21875,24059904,8896512,14,267,28032
2026-10-03T20:05:57.6215701Z,30996,chrome.exe,1.140625,33226752,15626240,12,208,28032
2026-10-03T20:05:57.6215701Z,13488,powershell.exe,26.078125,100765696,81264640,12,636,9624
2026-10-03T20:05:59.2436161Z,32444,python.exe,0.015625,4358144,901120,3,60,31112
2026-10-03T20:05:59.2436161Z,27860,python.exe,9.453125,135561216,654540800,19,225,32444
2026-10-03T20:05:59.2436161Z,5492,sherpa-onnx-nemotron-worker.exe,239.1875,797503488,821051392,7,151,31000
2026-10-03T20:05:59.2436161Z,28032,chrome.exe,22.40625,186298368,71413760,48,1627,3080
2026-10-03T20:05:59.2436161Z,24628,chrome.exe,0.03125,10596352,2564096,9,172,28032
2026-10-03T20:05:59.2436161Z,28216,chrome.exe,3.65625,89227264,67588096,18,608,28032
2026-10-03T20:05:59.2436161Z,31140,chrome.exe,5.515625,44355584,14172160,24,406,28032
2026-10-03T20:05:59.2436161Z,18580,chrome.exe,0.09375,18440192,8019968,11,169,28032
2026-10-03T20:05:59.2436161Z,30988,chrome.exe,2.828125,80072704,35946496,27,326,28032
2026-10-03T20:05:59.2436161Z,21744,chrome.exe,16.65625,144277504,105164800,33,397,28032
2026-10-03T20:05:59.2436161Z,25516,chrome.exe,3.234375,24059904,8896512,14,267,28032
2026-10-03T20:05:59.2436161Z,30996,chrome.exe,1.140625,33226752,15626240,12,208,28032
2026-10-03T20:05:59.2436161Z,13488,powershell.exe,26.25,100995072,81453056,12,640,9624
2026-10-03T20:06:00.8477253Z,32444,python.exe,0.015625,4358144,901120,3,60,31112
2026-10-03T20:06:00.8477253Z,27860,python.exe,9.453125,135561216,654540800,19,225,32444
2026-10-03T20:06:00.8477253Z,5492,sherpa-onnx-nemotron-worker.exe,239.1875,797503488,821051392,7,151,31000
2026-10-03T20:06:00.8477253Z,28032,chrome.exe,22.40625,186564608,71766016,48,1627,3080
2026-10-03T20:06:00.8477253Z,24628,chrome.exe,0.03125,10596352,2564096,9,172,28032
2026-10-03T20:06:00.8477253Z,28216,chrome.exe,3.65625,89227264,67588096,18,608,28032
2026-10-03T20:06:00.8477253Z,31140,chrome.exe,5.515625,44355584,14172160,24,406,28032
2026-10-03T20:06:00.8477253Z,18580,chrome.exe,0.09375,18440192,8019968,11,169,28032
2026-10-03T20:06:00.8477253Z,30988,chrome.exe,2.828125,80072704,35946496,27,326,28032
2026-10-03T20:06:00.8477253Z,21744,chrome.exe,16.71875,144490496,105476096,33,397,28032
2026-10-03T20:06:00.8477253Z,25516,chrome.exe,3.25,24059904,8896512,14,267,28032
2026-10-03T20:06:00.8477253Z,30996,chrome.exe,1.140625,33226752,15626240,12,208,28032
2026-10-03T20:06:00.8477253Z,13488,powershell.exe,26.375,101044224,81707008,12,645,9624
2026-10-03T20:06:02.4342934Z,32444,python.exe,0.015625,4358144,901120,3,60,31112
2026-10-03T20:06:02.4342934Z,27860,python.exe,9.453125,135561216,654540800,19,225,32444
2026-10-03T20:06:02.4342934Z,5492,sherpa-onnx-nemotron-worker.exe,239.1875,797503488,821051392,7,151,31000
2026-10-03T20:06:02.4342934Z,28032,chrome.exe,22.40625,186310656,71413760,48,1627,3080
2026-10-03T20:06:02.4342934Z,24628,chrome.exe,0.03125,10596352,2564096,9,172,28032
2026-10-03T20:06:02.4342934Z,28216,chrome.exe,3.65625,89227264,67588096,18,608,28032
2026-10-03T20:06:02.4342934Z,31140,chrome.exe,5.515625,44355584,14172160,24,406,28032
2026-10-03T20:06:02.4342934Z,18580,chrome.exe,0.09375,18440192,8019968,11,169,28032
2026-10-03T20:06:02.4342934Z,30988,chrome.exe,2.828125,80072704,35946496,27,326,28032
2026-10-03T20:06:02.4342934Z,21744,chrome.exe,16.84375,144621568,105566208,33,397,28032
2026-10-03T20:06:02.4342934Z,25516,chrome.exe,3.28125,23998464,8761344,11,265,28032
2026-10-03T20:06:02.4342934Z,30996,chrome.exe,1.140625,33226752,15626240,12,208,28032
2026-10-03T20:06:02.4342934Z,13488,powershell.exe,26.5625,101150720,81645568,12,647,9624
2026-10-03T20:06:04.0399977Z,32444,python.exe,0.015625,4358144,901120,3,60,31112
2026-10-03T20:06:04.0399977Z,27860,python.exe,9.453125,135561216,654540800,19,225,32444
2026-10-03T20:06:04.0399977Z,5492,sherpa-onnx-nemotron-worker.exe,239.1875,797503488,821051392,7,151,31000
2026-10-03T20:06:04.0399977Z,28032,chrome.exe,22.46875,186327040,71426048,48,1629,3080
2026-10-03T20:06:04.0399977Z,24628,chrome.exe,0.03125,10596352,2564096,9,172,28032
2026-10-03T20:06:04.0399977Z,28216,chrome.exe,3.65625,89227264,67588096,18,608,28032
2026-10-03T20:06:04.0399977Z,31140,chrome.exe,5.53125,44396544,14303232,24,409,28032
2026-10-03T20:06:04.0399977Z,18580,chrome.exe,0.09375,18440192,8019968,11,169,28032
2026-10-03T20:06:04.0399977Z,30988,chrome.exe,2.828125,80072704,35946496,27,326,28032
2026-10-03T20:06:04.0399977Z,21744,chrome.exe,16.875,144740352,105619456,33,397,28032
2026-10-03T20:06:04.0399977Z,25516,chrome.exe,3.296875,23994368,8757248,11,265,28032
2026-10-03T20:06:04.0399977Z,30996,chrome.exe,1.140625,33226752,15626240,12,208,28032
2026-10-03T20:06:04.0399977Z,13488,powershell.exe,26.765625,101212160,81547264,12,647,9624
2026-10-03T20:06:05.6465735Z,32444,python.exe,0.015625,4358144,901120,3,60,31112
2026-10-03T20:06:05.6465735Z,27860,python.exe,9.453125,135561216,654540800,19,225,32444
2026-10-03T20:06:05.6465735Z,5492,sherpa-onnx-nemotron-worker.exe,239.1875,797503488,821051392,7,151,31000
2026-10-03T20:06:05.6465735Z,28032,chrome.exe,22.46875,186314752,71413760,48,1629,3080
2026-10-03T20:06:05.6465735Z,24628,chrome.exe,0.03125,10596352,2564096,9,172,28032
2026-10-03T20:06:05.6465735Z,28216,chrome.exe,3.65625,89227264,67588096,18,608,28032
2026-10-03T20:06:05.6465735Z,31140,chrome.exe,5.546875,44396544,14303232,24,409,28032
2026-10-03T20:06:05.6465735Z,18580,chrome.exe,0.09375,18440192,8019968,11,169,28032
2026-10-03T20:06:05.6465735Z,30988,chrome.exe,2.828125,80072704,35946496,27,326,28032
2026-10-03T20:06:05.6465735Z,21744,chrome.exe,16.953125,144850944,105660416,33,397,28032
2026-10-03T20:06:05.6465735Z,25516,chrome.exe,3.328125,23994368,8757248,11,265,28032
2026-10-03T20:06:05.6465735Z,30996,chrome.exe,1.140625,33226752,15626240,12,208,28032
2026-10-03T20:06:05.6465735Z,13488,powershell.exe,26.953125,101040128,81784832,12,635,9624
2026-10-03T20:06:07.2109845Z,32444,python.exe,0.015625,4358144,901120,3,60,31112
2026-10-03T20:06:07.2109845Z,27860,python.exe,9.453125,135561216,654540800,19,225,32444
2026-10-03T20:06:07.2109845Z,5492,sherpa-onnx-nemotron-worker.exe,239.1875,797503488,821051392,7,151,31000
2026-10-03T20:06:07.2109845Z,28032,chrome.exe,22.46875,186314752,71413760,48,1629,3080
2026-10-03T20:06:07.2109845Z,24628,chrome.exe,0.03125,10596352,2564096,9,172,28032
2026-10-03T20:06:07.2109845Z,28216,chrome.exe,3.65625,89227264,67588096,18,608,28032
2026-10-03T20:06:07.2109845Z,31140,chrome.exe,5.546875,44355584,14172160,24,409,28032
2026-10-03T20:06:07.2109845Z,18580,chrome.exe,0.09375,18440192,8019968,11,169,28032
2026-10-03T20:06:07.2109845Z,30988,chrome.exe,2.828125,80072704,35946496,27,326,28032
2026-10-03T20:06:07.2109845Z,21744,chrome.exe,17,144883712,105693184,33,397,28032
2026-10-03T20:06:07.2109845Z,25516,chrome.exe,3.328125,23994368,8757248,11,265,28032
2026-10-03T20:06:07.2109845Z,30996,chrome.exe,1.140625,33226752,15626240,12,208,28032
2026-10-03T20:06:07.2109845Z,13488,powershell.exe,27.109375,101019648,81354752,12,640,9624
2026-10-03T20:06:08.8308381Z,32444,python.exe,0.015625,4358144,901120,3,60,31112
2026-10-03T20:06:08.8308381Z,27860,python.exe,9.453125,135561216,654540800,19,225,32444
2026-10-03T20:06:08.8308381Z,5492,sherpa-onnx-nemotron-worker.exe,239.1875,797503488,821051392,7,151,31000
2026-10-03T20:06:08.8308381Z,28032,chrome.exe,22.578125,186621952,71671808,48,1631,3080
2026-10-03T20:06:08.8308381Z,24628,chrome.exe,0.03125,10596352,2564096,9,172,28032
2026-10-03T20:06:08.8308381Z,28216,chrome.exe,3.875,98889728,77905920,18,611,28032
2026-10-03T20:06:08.8308381Z,31140,chrome.exe,5.546875,44355584,14172160,24,409,28032
2026-10-03T20:06:08.8308381Z,18580,chrome.exe,0.09375,18440192,8019968,11,169,28032
2026-10-03T20:06:08.8308381Z,30988,chrome.exe,2.828125,80072704,35946496,27,326,28032
2026-10-03T20:06:08.8308381Z,21744,chrome.exe,17.03125,144977920,105984000,33,397,28032
2026-10-03T20:06:08.8308381Z,25516,chrome.exe,3.328125,23994368,8757248,11,265,28032
2026-10-03T20:06:08.8308381Z,30996,chrome.exe,1.140625,33226752,15626240,12,208,28032
2026-10-03T20:06:08.8308381Z,13488,powershell.exe,27.234375,101163008,81543168,12,644,9624
2026-10-03T20:06:10.3813866Z,32444,python.exe,0.015625,4358144,901120,3,60,31112
2026-10-03T20:06:10.3813866Z,27860,python.exe,9.453125,135561216,654540800,19,225,32444
2026-10-03T20:06:10.3813866Z,5492,sherpa-onnx-nemotron-worker.exe,239.1875,797503488,821051392,7,151,31000
2026-10-03T20:06:10.3813866Z,28032,chrome.exe,22.734375,186314752,71393280,48,1632,3080
2026-10-03T20:06:10.3813866Z,24628,chrome.exe,0.03125,10596352,2564096,9,172,28032
2026-10-03T20:06:10.3813866Z,28216,chrome.exe,4.03125,98828288,77828096,18,611,28032
2026-10-03T20:06:10.3813866Z,31140,chrome.exe,5.578125,44355584,14172160,24,409,28032
2026-10-03T20:06:10.3813866Z,18580,chrome.exe,0.09375,18440192,8019968,11,169,28032
2026-10-03T20:06:10.3813866Z,30988,chrome.exe,2.828125,80072704,35946496,27,326,28032
2026-10-03T20:06:10.3813866Z,21744,chrome.exe,17.109375,145100800,106037248,33,397,28032
2026-10-03T20:06:10.3813866Z,25516,chrome.exe,3.34375,23994368,8757248,11,265,28032
2026-10-03T20:06:10.3813866Z,30996,chrome.exe,1.140625,33226752,15626240,12,208,28032
2026-10-03T20:06:10.3813866Z,13488,powershell.exe,27.359375,101183488,81539072,12,647,9624
2026-10-03T20:06:11.9704541Z,32444,python.exe,0.015625,4358144,901120,3,60,31112
2026-10-03T20:06:11.9704541Z,27860,python.exe,9.453125,135561216,654540800,19,225,32444
2026-10-03T20:06:11.9704541Z,5492,sherpa-onnx-nemotron-worker.exe,239.1875,797503488,821051392,7,151,31000
2026-10-03T20:06:11.9704541Z,28032,chrome.exe,22.734375,186281984,71385088,48,1629,3080
2026-10-03T20:06:11.9704541Z,24628,chrome.exe,0.03125,10596352,2564096,9,172,28032
2026-10-03T20:06:11.9704541Z,28216,chrome.exe,4.03125,99053568,77869056,18,611,28032
2026-10-03T20:06:11.9704541Z,31140,chrome.exe,5.578125,44355584,14172160,24,409,28032
2026-10-03T20:06:11.9704541Z,18580,chrome.exe,0.09375,18440192,8019968,11,169,28032
2026-10-03T20:06:11.9704541Z,30988,chrome.exe,2.828125,80072704,35946496,27,326,28032
2026-10-03T20:06:11.9704541Z,21744,chrome.exe,17.609375,184889344,145702912,33,400,28032
2026-10-03T20:06:11.9704541Z,25516,chrome.exe,3.359375,23994368,8757248,11,265,28032
2026-10-03T20:06:11.9704541Z,30996,chrome.exe,1.140625,33226752,15626240,12,208,28032
2026-10-03T20:06:11.9704541Z,13488,powershell.exe,27.546875,102047744,82710528,12,647,9624
2026-10-03T20:06:13.6392623Z,32444,python.exe,0.015625,4358144,901120,3,60,31112
2026-10-03T20:06:13.6392623Z,27860,python.exe,9.453125,135561216,654540800,19,225,32444
2026-10-03T20:06:13.6392623Z,5492,sherpa-onnx-nemotron-worker.exe,239.1875,797503488,821051392,7,151,31000
2026-10-03T20:06:13.6392623Z,28032,chrome.exe,22.859375,186392576,71479296,48,1631,3080
2026-10-03T20:06:13.6392623Z,24628,chrome.exe,0.03125,10596352,2564096,9,172,28032
2026-10-03T20:06:13.6392623Z,28216,chrome.exe,4.234375,107978752,86675456,18,611,28032
2026-10-03T20:06:13.6392623Z,31140,chrome.exe,5.59375,44355584,14172160,24,409,28032
2026-10-03T20:06:13.6392623Z,18580,chrome.exe,0.09375,18440192,8019968,11,169,28032
2026-10-03T20:06:13.6392623Z,30988,chrome.exe,2.828125,80072704,35946496,27,326,28032
2026-10-03T20:06:13.6392623Z,21744,chrome.exe,17.640625,183787520,144646144,33,397,28032
2026-10-03T20:06:13.6392623Z,25516,chrome.exe,3.40625,23994368,8757248,11,265,28032
2026-10-03T20:06:13.6392623Z,30996,chrome.exe,1.140625,33226752,15626240,12,208,28032
2026-10-03T20:06:13.6392623Z,13488,powershell.exe,27.734375,102359040,82894848,12,647,9624
2026-10-03T20:06:15.1987129Z,32444,python.exe,0.015625,4358144,901120,3,60,31112
2026-10-03T20:06:15.1987129Z,27860,python.exe,9.453125,135561216,654540800,19,225,32444
2026-10-03T20:06:15.1987129Z,5492,sherpa-onnx-nemotron-worker.exe,239.1875,797503488,821051392,7,151,31000
2026-10-03T20:06:15.1987129Z,28032,chrome.exe,22.890625,186417152,71499776,48,1631,3080
2026-10-03T20:06:15.1987129Z,24628,chrome.exe,0.03125,10596352,2564096,9,172,28032
2026-10-03T20:06:15.1987129Z,28216,chrome.exe,4.234375,107577344,85979136,18,611,28032
2026-10-03T20:06:15.1987129Z,31140,chrome.exe,5.609375,44355584,14172160,24,409,28032
2026-10-03T20:06:15.1987129Z,18580,chrome.exe,0.09375,18440192,8019968,11,169,28032
2026-10-03T20:06:15.1987129Z,30988,chrome.exe,2.828125,80072704,35946496,27,326,28032
2026-10-03T20:06:15.1987129Z,21744,chrome.exe,17.703125,182771712,143630336,33,397,28032
2026-10-03T20:06:15.1987129Z,25516,chrome.exe,3.421875,23994368,8757248,11,265,28032
2026-10-03T20:06:15.1987129Z,30996,chrome.exe,1.140625,33226752,15626240,12,208,28032
2026-10-03T20:06:15.1987129Z,13488,powershell.exe,27.90625,101093376,82112512,12,639,9624
2026-10-03T20:06:16.7311056Z,32444,python.exe,0.015625,4358144,901120,3,60,31112
2026-10-03T20:06:16.7311056Z,27860,python.exe,9.453125,135561216,654540800,19,225,32444
2026-10-03T20:06:16.7311056Z,5492,sherpa-onnx-nemotron-worker.exe,239.1875,797503488,821051392,7,151,31000
2026-10-03T20:06:16.7311056Z,28032,chrome.exe,22.890625,186392576,71491584,48,1628,3080
2026-10-03T20:06:16.7311056Z,24628,chrome.exe,0.03125,10596352,2564096,9,172,28032
2026-10-03T20:06:16.7311056Z,28216,chrome.exe,4.234375,107552768,85970944,18,608,28032
2026-10-03T20:06:16.7311056Z,31140,chrome.exe,5.671875,44355584,14172160,24,409,28032
2026-10-03T20:06:16.7311056Z,18580,chrome.exe,0.09375,18440192,8019968,11,169,28032
2026-10-03T20:06:16.7311056Z,30988,chrome.exe,2.828125,80072704,35946496,27,326,28032
2026-10-03T20:06:16.7311056Z,21744,chrome.exe,17.8125,182771712,143630336,33,397,28032
2026-10-03T20:06:16.7311056Z,25516,chrome.exe,3.453125,23994368,8757248,11,265,28032
2026-10-03T20:06:16.7311056Z,30996,chrome.exe,1.140625,33226752,15626240,12,208,28032
2026-10-03T20:06:16.7311056Z,13488,powershell.exe,28.109375,101240832,81637376,12,644,9624
2026-10-03T20:06:18.3888642Z,32444,python.exe,0.015625,4358144,901120,3,60,31112
2026-10-03T20:06:18.3888642Z,27860,python.exe,9.453125,135561216,654540800,19,225,32444
2026-10-03T20:06:18.3888642Z,5492,sherpa-onnx-nemotron-worker.exe,239.1875,797503488,821051392,7,151,31000
2026-10-03T20:06:18.3888642Z,28032,chrome.exe,22.890625,186277888,71380992,48,1628,3080
2026-10-03T20:06:18.3888642Z,24628,chrome.exe,0.03125,10596352,2564096,9,172,28032
2026-10-03T20:06:18.3888642Z,28216,chrome.exe,4.234375,107347968,85708800,18,608,28032
2026-10-03T20:06:18.3888642Z,31140,chrome.exe,5.671875,44355584,14172160,24,409,28032
2026-10-03T20:06:18.3888642Z,18580,chrome.exe,0.09375,18440192,8019968,11,169,28032
2026-10-03T20:06:18.3888642Z,30988,chrome.exe,2.828125,80072704,35946496,27,326,28032
2026-10-03T20:06:18.3888642Z,21744,chrome.exe,17.875,182771712,143630336,33,397,28032
2026-10-03T20:06:18.3888642Z,25516,chrome.exe,3.484375,23994368,8757248,11,265,28032
2026-10-03T20:06:18.3888642Z,30996,chrome.exe,1.140625,33226752,15626240,12,208,28032
2026-10-03T20:06:18.3888642Z,13488,powershell.exe,28.296875,101167104,81784832,12,647,9624
2026-10-03T20:06:19.9632419Z,32444,python.exe,0.015625,4358144,901120,3,60,31112
2026-10-03T20:06:19.9632419Z,27860,python.exe,9.453125,135561216,654540800,19,225,32444
2026-10-03T20:06:19.9632419Z,5492,sherpa-onnx-nemotron-worker.exe,239.515625,797503488,821051392,7,151,31000
2026-10-03T20:06:19.9632419Z,28032,chrome.exe,22.890625,186277888,71380992,48,1628,3080
2026-10-03T20:06:19.9632419Z,24628,chrome.exe,0.03125,10596352,2564096,9,172,28032
2026-10-03T20:06:19.9632419Z,28216,chrome.exe,4.234375,107347968,85708800,18,608,28032
2026-10-03T20:06:19.9632419Z,31140,chrome.exe,5.671875,44367872,14176256,24,409,28032
2026-10-03T20:06:19.9632419Z,18580,chrome.exe,0.09375,18440192,8019968,11,169,28032
2026-10-03T20:06:19.9632419Z,30988,chrome.exe,2.828125,79990784,35946496,27,326,28032
2026-10-03T20:06:19.9632419Z,21744,chrome.exe,17.96875,155893760,116326400,33,397,28032
2026-10-03T20:06:19.9632419Z,25516,chrome.exe,3.5,23994368,8757248,11,265,28032
2026-10-03T20:06:19.9632419Z,30996,chrome.exe,1.140625,33226752,15626240,12,208,28032
2026-10-03T20:06:19.9632419Z,13488,powershell.exe,28.515625,101888000,82956288,12,647,9624
2026-10-03T20:06:21.5103633Z,32444,python.exe,0.015625,4358144,901120,3,60,31112
2026-10-03T20:06:21.5103633Z,27860,python.exe,9.875,134541312,652967936,19,225,32444
2026-10-03T20:06:21.5103633Z,5492,sherpa-onnx-nemotron-worker.exe,245.546875,797503488,821051392,7,151,31000
2026-10-03T20:06:21.5103633Z,28032,chrome.exe,22.890625,186277888,71380992,48,1628,3080
2026-10-03T20:06:21.5103633Z,24628,chrome.exe,0.03125,10596352,2564096,9,172,28032
2026-10-03T20:06:21.5103633Z,28216,chrome.exe,4.234375,92704768,71036928,18,608,28032
2026-10-03T20:06:21.5103633Z,31140,chrome.exe,5.671875,44367872,14176256,24,409,28032
2026-10-03T20:06:21.5103633Z,18580,chrome.exe,0.09375,18440192,8019968,11,169,28032
2026-10-03T20:06:21.5103633Z,30988,chrome.exe,2.828125,79982592,35946496,27,326,28032
2026-10-03T20:06:21.5103633Z,21744,chrome.exe,18.078125,156053504,116514816,33,397,28032
2026-10-03T20:06:21.5103633Z,25516,chrome.exe,3.53125,23994368,8757248,11,265,28032
2026-10-03T20:06:21.5103633Z,30996,chrome.exe,1.140625,33226752,15626240,12,208,28032
2026-10-03T20:06:21.5103633Z,13488,powershell.exe,28.78125,101421056,81784832,12,647,9624
2026-10-03T20:06:23.1301183Z,32444,python.exe,0.015625,4358144,901120,3,60,31112
2026-10-03T20:06:23.1301183Z,27860,python.exe,9.875,134541312,652967936,19,225,32444
2026-10-03T20:06:23.1301183Z,5492,sherpa-onnx-nemotron-worker.exe,252,797503488,821051392,7,151,31000
2026-10-03T20:06:23.1301183Z,28032,chrome.exe,22.890625,186277888,71380992,48,1628,3080
2026-10-03T20:06:23.1301183Z,24628,chrome.exe,0.03125,10596352,2564096,9,172,28032
2026-10-03T20:06:23.1301183Z,28216,chrome.exe,4.234375,92688384,71020544,18,608,28032
2026-10-03T20:06:23.1301183Z,31140,chrome.exe,5.671875,44367872,14176256,24,409,28032
2026-10-03T20:06:23.1301183Z,18580,chrome.exe,0.09375,18440192,8019968,11,169,28032
2026-10-03T20:06:23.1301183Z,30988,chrome.exe,2.828125,79982592,35946496,27,326,28032
2026-10-03T20:06:23.1301183Z,21744,chrome.exe,18.140625,155058176,115474432,33,397,28032
2026-10-03T20:06:23.1301183Z,25516,chrome.exe,3.546875,23994368,8757248,11,265,28032
2026-10-03T20:06:23.1301183Z,30996,chrome.exe,1.140625,33226752,15626240,12,208,28032
2026-10-03T20:06:23.1301183Z,13488,powershell.exe,29.03125,100831232,81551360,12,639,9624
2026-10-03T20:06:24.7756099Z,32444,python.exe,0.015625,4358144,901120,3,60,31112
2026-10-03T20:06:24.7756099Z,27860,python.exe,9.875,134541312,652967936,19,225,32444
2026-10-03T20:06:24.7756099Z,5492,sherpa-onnx-nemotron-worker.exe,258.59375,797503488,821051392,7,151,31000
2026-10-03T20:06:24.7756099Z,28032,chrome.exe,22.890625,186265600,71380992,48,1626,3080
2026-10-03T20:06:24.7756099Z,24628,chrome.exe,0.03125,10596352,2564096,9,172,28032
2026-10-03T20:06:24.7756099Z,28216,chrome.exe,4.234375,92688384,71020544,18,608,28032
2026-10-03T20:06:24.7756099Z,31140,chrome.exe,5.671875,44367872,14176256,24,409,28032
2026-10-03T20:06:24.7756099Z,18580,chrome.exe,0.09375,18440192,8019968,11,169,28032
2026-10-03T20:06:24.7756099Z,30988,chrome.exe,2.828125,79982592,35946496,27,326,28032
2026-10-03T20:06:24.7756099Z,21744,chrome.exe,18.203125,155058176,115474432,33,397,28032
2026-10-03T20:06:24.7756099Z,25516,chrome.exe,3.5625,23994368,8757248,11,265,28032
2026-10-03T20:06:24.7756099Z,30996,chrome.exe,1.140625,33226752,15626240,12,208,28032
2026-10-03T20:06:24.7756099Z,13488,powershell.exe,29.328125,100806656,81944576,12,644,9624
2026-10-03T20:06:26.4920918Z,32444,python.exe,0.015625,4317184,831488,1,60,31112
2026-10-03T20:06:26.4920918Z,27860,python.exe,9.875,134479872,652873728,16,225,32444
2026-10-03T20:06:26.4920918Z,5492,sherpa-onnx-nemotron-worker.exe,267.015625,797462528,820981760,5,151,31000
2026-10-03T20:06:26.4920918Z,28032,chrome.exe,22.921875,186277888,71368704,48,1630,3080
2026-10-03T20:06:26.4920918Z,24628,chrome.exe,0.03125,10596352,2564096,9,172,28032
2026-10-03T20:06:26.4920918Z,28216,chrome.exe,4.234375,92688384,71020544,18,608,28032
2026-10-03T20:06:26.4920918Z,31140,chrome.exe,5.671875,44392448,14176256,24,413,28032
2026-10-03T20:06:26.4920918Z,18580,chrome.exe,0.09375,18440192,8019968,11,169,28032
2026-10-03T20:06:26.4920918Z,30988,chrome.exe,2.828125,79982592,35946496,27,326,28032
2026-10-03T20:06:26.4920918Z,21744,chrome.exe,18.296875,155058176,115474432,33,397,28032
2026-10-03T20:06:26.4920918Z,25516,chrome.exe,3.578125,23998464,8761344,11,265,28032
2026-10-03T20:06:26.4920918Z,30996,chrome.exe,1.140625,33226752,15626240,12,208,28032
2026-10-03T20:06:26.4920918Z,13488,powershell.exe,29.75,101535744,82759680,12,647,9624
2026-10-03T20:06:29.2138484Z,32444,python.exe,0.015625,4317184,831488,1,60,31112
2026-10-03T20:06:29.2138484Z,27860,python.exe,9.875,134479872,652873728,16,225,32444
2026-10-03T20:06:29.2138484Z,5492,sherpa-onnx-nemotron-worker.exe,271.109375,797462528,820981760,5,151,31000
2026-10-03T20:06:29.2138484Z,28032,chrome.exe,22.9375,186589184,71626752,48,1634,3080
2026-10-03T20:06:29.2138484Z,24628,chrome.exe,0.03125,10596352,2564096,9,172,28032
2026-10-03T20:06:29.2138484Z,28216,chrome.exe,4.328125,102273024,81219584,18,611,28032
2026-10-03T20:06:29.2138484Z,31140,chrome.exe,5.703125,44392448,14176256,24,413,28032
2026-10-03T20:06:29.2138484Z,18580,chrome.exe,0.09375,18440192,8019968,11,169,28032
2026-10-03T20:06:29.2138484Z,30988,chrome.exe,2.828125,79835136,35946496,27,326,28032
2026-10-03T20:06:29.2138484Z,21744,chrome.exe,18.390625,155598848,115871744,33,397,28032
2026-10-03T20:06:29.2138484Z,25516,chrome.exe,3.59375,23998464,8761344,11,265,28032
2026-10-03T20:06:29.2138484Z,30996,chrome.exe,1.140625,33226752,15626240,12,208,28032
2026-10-03T20:06:29.2138484Z,13488,powershell.exe,30.046875,101781504,82817024,12,647,9624
2026-10-03T20:06:30.9457289Z,32444,python.exe,0.015625,4317184,831488,1,60,31112
2026-10-03T20:06:30.9457289Z,27860,python.exe,9.875,134479872,652873728,16,225,32444
2026-10-03T20:06:30.9457289Z,5492,sherpa-onnx-nemotron-worker.exe,271.109375,797462528,820981760,5,151,31000
2026-10-03T20:06:30.9457289Z,28032,chrome.exe,22.984375,186302464,71372800,48,1634,3080
2026-10-03T20:06:30.9457289Z,24628,chrome.exe,0.03125,10596352,2564096,9,172,28032
2026-10-03T20:06:30.9457289Z,28216,chrome.exe,4.328125,102195200,81129472,18,611,28032
2026-10-03T20:06:30.9457289Z,31140,chrome.exe,5.71875,44392448,14176256,24,413,28032
2026-10-03T20:06:30.9457289Z,18580,chrome.exe,0.09375,18440192,8019968,11,169,28032
2026-10-03T20:06:30.9457289Z,30988,chrome.exe,2.828125,79642624,35946496,27,326,28032
2026-10-03T20:06:30.9457289Z,21744,chrome.exe,18.46875,155795456,116211712,33,397,28032
2026-10-03T20:06:30.9457289Z,25516,chrome.exe,3.609375,23998464,8761344,11,265,28032
2026-10-03T20:06:30.9457289Z,30996,chrome.exe,1.140625,33226752,15626240,12,208,28032
2026-10-03T20:06:30.9457289Z,13488,powershell.exe,30.34375,102039552,82767872,12,647,9624
2026-10-03T20:06:32.6856860Z,32444,python.exe,0.015625,4317184,831488,1,60,31112
2026-10-03T20:06:32.6856860Z,27860,python.exe,9.875,134479872,652873728,16,225,32444
2026-10-03T20:06:32.6856860Z,5492,sherpa-onnx-nemotron-worker.exe,271.109375,797462528,820981760,5,151,31000
2026-10-03T20:06:32.6856860Z,28032,chrome.exe,22.984375,186277888,71368704,48,1631,3080
2026-10-03T20:06:32.6856860Z,24628,chrome.exe,0.03125,10596352,2564096,9,172,28032
2026-10-03T20:06:32.6856860Z,28216,chrome.exe,4.328125,102170624,81068032,18,608,28032
2026-10-03T20:06:32.6856860Z,31140,chrome.exe,5.734375,44392448,14176256,24,413,28032
2026-10-03T20:06:32.6856860Z,18580,chrome.exe,0.09375,18440192,8019968,11,169,28032
2026-10-03T20:06:32.6856860Z,30988,chrome.exe,2.828125,79347712,35946496,27,326,28032
2026-10-03T20:06:32.6856860Z,21744,chrome.exe,18.5,155029504,115302400,33,397,28032
2026-10-03T20:06:32.6856860Z,25516,chrome.exe,3.625,23998464,8761344,11,265,28032
2026-10-03T20:06:32.6856860Z,30996,chrome.exe,1.140625,33226752,15626240,12,208,28032
2026-10-03T20:06:32.6856860Z,13488,powershell.exe,30.671875,100872192,81408000,12,639,9624
2026-10-03T20:06:34.4483795Z,32444,python.exe,0.015625,4317184,831488,1,60,31112
2026-10-03T20:06:34.4483795Z,27860,python.exe,9.875,134479872,652873728,16,225,32444
2026-10-03T20:06:34.4483795Z,5492,sherpa-onnx-nemotron-worker.exe,271.109375,797462528,820981760,5,151,31000
2026-10-03T20:06:34.4483795Z,28032,chrome.exe,22.984375,186273792,71364608,48,1631,3080
2026-10-03T20:06:34.4483795Z,24628,chrome.exe,0.03125,10596352,2564096,9,172,28032
2026-10-03T20:06:34.4483795Z,28216,chrome.exe,4.328125,102141952,80490496,18,608,28032
2026-10-03T20:06:34.4483795Z,31140,chrome.exe,5.734375,44392448,14176256,24,410,28032
2026-10-03T20:06:34.4483795Z,18580,chrome.exe,0.09375,18440192,8019968,11,169,28032
2026-10-03T20:06:34.4483795Z,30988,chrome.exe,2.828125,79106048,35946496,27,326,28032
2026-10-03T20:06:34.4483795Z,21744,chrome.exe,18.578125,155176960,115646464,33,397,28032
2026-10-03T20:06:34.4483795Z,25516,chrome.exe,3.65625,23998464,8761344,11,265,28032
2026-10-03T20:06:34.4483795Z,30996,chrome.exe,1.140625,33226752,15626240,12,208,28032
2026-10-03T20:06:34.4483795Z,13488,powershell.exe,30.78125,100831232,81211392,12,643,9624
2026-10-03T20:06:36.0105800Z,32444,python.exe,0.015625,4317184,831488,1,60,31112
2026-10-03T20:06:36.0105800Z,27860,python.exe,9.875,134479872,652873728,16,225,32444
2026-10-03T20:06:36.0105800Z,5492,sherpa-onnx-nemotron-worker.exe,271.109375,797462528,820981760,5,151,31000
2026-10-03T20:06:36.0105800Z,28032,chrome.exe,22.984375,186273792,71364608,48,1631,3080
2026-10-03T20:06:36.0105800Z,24628,chrome.exe,0.03125,10596352,2564096,9,172,28032
2026-10-03T20:06:36.0105800Z,28216,chrome.exe,4.328125,99586048,77877248,18,608,28032
2026-10-03T20:06:36.0105800Z,31140,chrome.exe,5.765625,44392448,14176256,24,410,28032
2026-10-03T20:06:36.0105800Z,18580,chrome.exe,0.09375,18440192,8019968,11,169,28032
2026-10-03T20:06:36.0105800Z,30988,chrome.exe,2.828125,78888960,35946496,27,326,28032
2026-10-03T20:06:36.0105800Z,21744,chrome.exe,18.625,155365376,115699712,33,397,28032
2026-10-03T20:06:36.0105800Z,25516,chrome.exe,3.671875,23998464,8761344,11,265,28032
2026-10-03T20:06:36.0105800Z,30996,chrome.exe,1.140625,33226752,15626240,12,208,28032
2026-10-03T20:06:36.0105800Z,13488,powershell.exe,30.9375,100937728,81285120,12,647,9624
2026-10-03T20:06:37.5408484Z,32444,python.exe,0.015625,4317184,831488,1,60,31112
2026-10-03T20:06:37.5408484Z,27860,python.exe,9.875,134479872,652873728,16,225,32444
2026-10-03T20:06:37.5408484Z,5492,sherpa-onnx-nemotron-worker.exe,271.109375,797462528,820981760,5,151,31000
2026-10-03T20:06:37.5408484Z,28032,chrome.exe,22.984375,186273792,71364608,48,1631,3080
2026-10-03T20:06:37.5408484Z,24628,chrome.exe,0.03125,10596352,2564096,9,172,28032
2026-10-03T20:06:37.5408484Z,28216,chrome.exe,4.328125,89264128,67477504,18,608,28032
2026-10-03T20:06:37.5408484Z,31140,chrome.exe,5.765625,44392448,14176256,24,410,28032
2026-10-03T20:06:37.5408484Z,18580,chrome.exe,0.09375,18440192,8019968,11,169,28032
2026-10-03T20:06:37.5408484Z,30988,chrome.exe,2.828125,78888960,35946496,27,326,28032
2026-10-03T20:06:37.5408484Z,21744,chrome.exe,18.71875,155389952,115720192,33,397,28032
2026-10-03T20:06:37.5408484Z,25516,chrome.exe,3.671875,23998464,8761344,11,265,28032
2026-10-03T20:06:37.5408484Z,30996,chrome.exe,1.140625,33226752,15626240,12,208,28032
2026-10-03T20:06:37.5408484Z,13488,powershell.exe,31.109375,100876288,81223680,12,647,9624
2026-10-03T20:06:39.1467152Z,32444,python.exe,0.015625,4317184,831488,1,60,31112
2026-10-03T20:06:39.1467152Z,27860,python.exe,9.875,134479872,652873728,16,225,32444
2026-10-03T20:06:39.1467152Z,5492,sherpa-onnx-nemotron-worker.exe,271.109375,797462528,820981760,5,151,31000
2026-10-03T20:06:39.1467152Z,28032,chrome.exe,22.984375,186273792,71364608,48,1631,3080
2026-10-03T20:06:39.1467152Z,24628,chrome.exe,0.03125,10596352,2564096,9,172,28032
2026-10-03T20:06:39.1467152Z,28216,chrome.exe,4.328125,89264128,67477504,18,608,28032
2026-10-03T20:06:39.1467152Z,31140,chrome.exe,5.78125,44392448,14176256,24,410,28032
2026-10-03T20:06:39.1467152Z,18580,chrome.exe,0.09375,18440192,8019968,11,169,28032
2026-10-03T20:06:39.1467152Z,30988,chrome.exe,2.828125,78888960,35946496,27,326,28032
2026-10-03T20:06:39.1467152Z,21744,chrome.exe,18.8125,155496448,115761152,33,397,28032
2026-10-03T20:06:39.1467152Z,25516,chrome.exe,3.703125,23998464,8761344,11,265,28032
2026-10-03T20:06:39.1467152Z,30996,chrome.exe,1.140625,33226752,15626240,12,208,28032
2026-10-03T20:06:39.1467152Z,13488,powershell.exe,31.34375,101806080,82751488,12,647,9624
2026-10-03T20:06:40.7657980Z,32444,python.exe,0.015625,4317184,831488,1,60,31112
2026-10-03T20:06:40.7657980Z,27860,python.exe,9.875,134479872,652873728,16,225,32444
2026-10-03T20:06:40.7657980Z,5492,sherpa-onnx-nemotron-worker.exe,271.109375,797462528,820981760,5,151,31000
2026-10-03T20:06:40.7657980Z,28032,chrome.exe,22.984375,186273792,71364608,48,1631,3080
2026-10-03T20:06:40.7657980Z,24628,chrome.exe,0.03125,10596352,2564096,9,172,28032
2026-10-03T20:06:40.7657980Z,28216,chrome.exe,4.328125,89264128,67477504,18,608,28032
2026-10-03T20:06:40.7657980Z,31140,chrome.exe,5.78125,44392448,14176256,24,410,28032
2026-10-03T20:06:40.7657980Z,18580,chrome.exe,0.09375,18440192,8019968,11,169,28032
2026-10-03T20:06:40.7657980Z,30988,chrome.exe,2.828125,78888960,35946496,27,326,28032
2026-10-03T20:06:40.7657980Z,21744,chrome.exe,18.859375,155553792,116056064,33,397,28032
2026-10-03T20:06:40.7657980Z,25516,chrome.exe,3.75,23998464,8761344,11,265,28032
2026-10-03T20:06:40.7657980Z,30996,chrome.exe,1.140625,33226752,15626240,12,208,28032
2026-10-03T20:06:40.7657980Z,13488,powershell.exe,31.5,100954112,81297408,12,638,9624
2026-10-03T20:06:42.3585125Z,32444,python.exe,0.015625,4317184,831488,1,60,31112
2026-10-03T20:06:42.3585125Z,27860,python.exe,9.875,134479872,652873728,16,225,32444
2026-10-03T20:06:42.3585125Z,5492,sherpa-onnx-nemotron-worker.exe,271.109375,797462528,820981760,5,151,31000
2026-10-03T20:06:42.3585125Z,28032,chrome.exe,22.984375,186273792,71364608,48,1631,3080
2026-10-03T20:06:42.3585125Z,24628,chrome.exe,0.03125,10596352,2564096,9,172,28032
2026-10-03T20:06:42.3585125Z,28216,chrome.exe,4.328125,89264128,67477504,18,608,28032
2026-10-03T20:06:42.3585125Z,31140,chrome.exe,5.78125,44392448,14176256,24,410,28032
2026-10-03T20:06:42.3585125Z,18580,chrome.exe,0.09375,18440192,8019968,11,169,28032
2026-10-03T20:06:42.3585125Z,30988,chrome.exe,2.828125,78888960,35946496,27,326,28032
2026-10-03T20:06:42.3585125Z,21744,chrome.exe,18.921875,156405760,116957184,33,397,28032
2026-10-03T20:06:42.3585125Z,25516,chrome.exe,3.765625,23998464,8761344,11,265,28032
2026-10-03T20:06:42.3585125Z,30996,chrome.exe,1.140625,33226752,15626240,12,208,28032
2026-10-03T20:06:42.3585125Z,13488,powershell.exe,31.640625,100843520,81293312,12,643,9624
2026-10-03T20:06:43.9634582Z,32444,python.exe,0.015625,4317184,831488,1,60,31112
2026-10-03T20:06:43.9634582Z,27860,python.exe,9.875,134479872,652873728,16,225,32444
2026-10-03T20:06:43.9634582Z,5492,sherpa-onnx-nemotron-worker.exe,271.109375,797462528,820981760,5,151,31000
2026-10-03T20:06:43.9634582Z,28032,chrome.exe,22.984375,186273792,71364608,48,1631,3080
2026-10-03T20:06:43.9634582Z,24628,chrome.exe,0.03125,10596352,2564096,9,172,28032
2026-10-03T20:06:43.9634582Z,28216,chrome.exe,4.328125,89264128,67477504,18,608,28032
2026-10-03T20:06:43.9634582Z,31140,chrome.exe,5.78125,44400640,14188544,24,407,28032
2026-10-03T20:06:43.9634582Z,18580,chrome.exe,0.09375,18440192,8019968,11,169,28032
2026-10-03T20:06:43.9634582Z,30988,chrome.exe,2.828125,78888960,35946496,27,326,28032
2026-10-03T20:06:43.9634582Z,21744,chrome.exe,19,156508160,117051392,33,397,28032
2026-10-03T20:06:43.9634582Z,25516,chrome.exe,3.828125,23998464,8761344,11,265,28032
2026-10-03T20:06:43.9634582Z,30996,chrome.exe,1.140625,33226752,15626240,12,208,28032
2026-10-03T20:06:43.9634582Z,13488,powershell.exe,31.828125,100945920,81252352,12,647,9624
2026-10-03T20:06:45.5843394Z,32444,python.exe,0.015625,4317184,831488,1,60,31112
2026-10-03T20:06:45.5843394Z,27860,python.exe,9.890625,134479872,652873728,16,225,32444
2026-10-03T20:06:45.5843394Z,5492,sherpa-onnx-nemotron-worker.exe,271.109375,797462528,820981760,5,151,31000
2026-10-03T20:06:45.5843394Z,28032,chrome.exe,22.984375,186273792,71364608,48,1631,3080
2026-10-03T20:06:45.5843394Z,24628,chrome.exe,0.03125,10596352,2564096,9,172,28032
2026-10-03T20:06:45.5843394Z,28216,chrome.exe,4.328125,89264128,67477504,18,608,28032
2026-10-03T20:06:45.5843394Z,31140,chrome.exe,5.78125,44400640,14188544,24,407,28032
2026-10-03T20:06:45.5843394Z,18580,chrome.exe,0.09375,18440192,8019968,11,169,28032
2026-10-03T20:06:45.5843394Z,30988,chrome.exe,2.828125,78888960,35946496,27,326,28032
2026-10-03T20:06:45.5843394Z,21744,chrome.exe,19.09375,156557312,117100544,33,397,28032
2026-10-03T20:06:45.5843394Z,25516,chrome.exe,3.84375,23998464,8761344,11,265,28032
2026-10-03T20:06:45.5843394Z,30996,chrome.exe,1.140625,33226752,15626240,12,208,28032
2026-10-03T20:06:45.5843394Z,13488,powershell.exe,31.984375,101515264,82206720,12,647,9624
2026-10-03T20:06:47.1899523Z,32444,python.exe,0.015625,4317184,831488,1,60,31112
2026-10-03T20:06:47.1899523Z,27860,python.exe,9.890625,134479872,652873728,16,225,32444
2026-10-03T20:06:47.1899523Z,5492,sherpa-onnx-nemotron-worker.exe,271.109375,797462528,820981760,5,151,31000
2026-10-03T20:06:47.1899523Z,28032,chrome.exe,22.984375,186273792,71364608,48,1631,3080
2026-10-03T20:06:47.1899523Z,24628,chrome.exe,0.03125,10596352,2564096,9,172,28032
2026-10-03T20:06:47.1899523Z,28216,chrome.exe,4.328125,89231360,67444736,18,608,28032
2026-10-03T20:06:47.1899523Z,31140,chrome.exe,5.78125,44388352,14172160,24,407,28032
2026-10-03T20:06:47.1899523Z,18580,chrome.exe,0.09375,18440192,8019968,11,169,28032
2026-10-03T20:06:47.1899523Z,30988,chrome.exe,2.828125,78888960,35946496,27,326,28032
2026-10-03T20:06:47.1899523Z,21744,chrome.exe,19.140625,156590080,117125120,33,397,28032
2026-10-03T20:06:47.1899523Z,25516,chrome.exe,3.84375,23994368,8757248,11,265,28032
2026-10-03T20:06:47.1899523Z,30996,chrome.exe,1.140625,33226752,15626240,12,208,28032
2026-10-03T20:06:47.1899523Z,13488,powershell.exe,32.171875,101724160,82796544,12,647,9624
2026-10-03T20:06:48.7964690Z,32444,python.exe,0.015625,4317184,831488,1,60,31112
2026-10-03T20:06:48.7964690Z,27860,python.exe,9.890625,134479872,652873728,16,225,32444
2026-10-03T20:06:48.7964690Z,5492,sherpa-onnx-nemotron-worker.exe,271.109375,797462528,820981760,5,151,31000
2026-10-03T20:06:48.7964690Z,28032,chrome.exe,22.984375,186277888,71368704,48,1631,3080
2026-10-03T20:06:48.7964690Z,24628,chrome.exe,0.03125,10596352,2564096,9,172,28032
2026-10-03T20:06:48.7964690Z,28216,chrome.exe,4.328125,89231360,67444736,18,608,28032
2026-10-03T20:06:48.7964690Z,31140,chrome.exe,5.78125,44388352,14172160,24,407,28032
2026-10-03T20:06:48.7964690Z,18580,chrome.exe,0.09375,18440192,8019968,11,169,28032
2026-10-03T20:06:48.7964690Z,30988,chrome.exe,2.828125,78888960,35946496,27,326,28032
2026-10-03T20:06:48.7964690Z,21744,chrome.exe,19.1875,156651520,117186560,33,397,28032
2026-10-03T20:06:48.7964690Z,25516,chrome.exe,3.875,23994368,8757248,11,265,28032
2026-10-03T20:06:48.7964690Z,30996,chrome.exe,1.140625,33226752,15626240,12,208,28032
2026-10-03T20:06:48.7964690Z,13488,powershell.exe,32.34375,101253120,82251776,12,638,9624
2026-10-03T20:06:50.3861911Z,32444,python.exe,0.015625,4317184,831488,1,60,31112
2026-10-03T20:06:50.3861911Z,27860,python.exe,9.890625,134479872,652873728,16,225,32444
2026-10-03T20:06:50.3861911Z,5492,sherpa-onnx-nemotron-worker.exe,271.109375,797462528,820981760,5,151,31000
2026-10-03T20:06:50.3861911Z,28032,chrome.exe,23.03125,186310656,71368704,48,1634,3080
2026-10-03T20:06:50.3861911Z,24628,chrome.exe,0.03125,10596352,2564096,9,172,28032
2026-10-03T20:06:50.3861911Z,28216,chrome.exe,4.390625,98766848,77635584,18,611,28032
2026-10-03T20:06:50.3861911Z,31140,chrome.exe,5.796875,44388352,14172160,24,407,28032
2026-10-03T20:06:50.3861911Z,18580,chrome.exe,0.09375,18440192,8019968,11,169,28032
2026-10-03T20:06:50.3861911Z,30988,chrome.exe,2.828125,78888960,35946496,27,326,28032
2026-10-03T20:06:50.3861911Z,21744,chrome.exe,19.234375,156700672,117235712,33,397,28032
2026-10-03T20:06:50.3861911Z,25516,chrome.exe,3.875,23994368,8757248,11,265,28032
2026-10-03T20:06:50.3861911Z,30996,chrome.exe,1.140625,33226752,15626240,12,208,28032
2026-10-03T20:06:50.3861911Z,13488,powershell.exe,32.5,100818944,82604032,12,643,9624
2026-10-03T20:06:51.9283670Z,32444,python.exe,0.015625,4317184,831488,1,60,31112
2026-10-03T20:06:51.9283670Z,27860,python.exe,9.890625,134479872,652873728,16,225,32444
2026-10-03T20:06:51.9283670Z,5492,sherpa-onnx-nemotron-worker.exe,271.109375,797462528,820981760,5,151,31000
2026-10-03T20:06:51.9283670Z,28032,chrome.exe,23.03125,186286080,71364608,48,1631,3080
2026-10-03T20:06:51.9283670Z,24628,chrome.exe,0.03125,10596352,2564096,9,172,28032
2026-10-03T20:06:51.9283670Z,28216,chrome.exe,4.421875,98992128,77668352,18,611,28032
2026-10-03T20:06:51.9283670Z,31140,chrome.exe,5.828125,44388352,14172160,24,407,28032
2026-10-03T20:06:51.9283670Z,18580,chrome.exe,0.09375,18440192,8019968,11,169,28032
2026-10-03T20:06:51.9283670Z,30988,chrome.exe,2.828125,78888960,35946496,27,326,28032
2026-10-03T20:06:51.9283670Z,21744,chrome.exe,19.734375,202649600,163061760,33,400,28032
2026-10-03T20:06:51.9283670Z,25516,chrome.exe,3.890625,23994368,8757248,11,265,28032
2026-10-03T20:06:51.9283670Z,30996,chrome.exe,1.140625,33226752,15626240,12,208,28032
2026-10-03T20:06:51.9283670Z,13488,powershell.exe,32.703125,100777984,81207296,12,647,9624
2026-10-03T20:06:53.5349586Z,32444,python.exe,0.015625,4317184,831488,1,60,31112
2026-10-03T20:06:53.5349586Z,27860,python.exe,9.890625,134479872,652873728,16,225,32444
2026-10-03T20:06:53.5349586Z,5492,sherpa-onnx-nemotron-worker.exe,271.109375,797462528,820981760,5,151,31000
2026-10-03T20:06:53.5349586Z,28032,chrome.exe,23.1875,186597376,71626752,48,1633,3080
2026-10-03T20:06:53.5349586Z,24628,chrome.exe,0.03125,10596352,2564096,9,172,28032
2026-10-03T20:06:53.5349586Z,28216,chrome.exe,4.59375,107905024,86466560,18,611,28032
2026-10-03T20:06:53.5349586Z,31140,chrome.exe,5.84375,44388352,14172160,24,407,28032
2026-10-03T20:06:53.5349586Z,18580,chrome.exe,0.09375,18440192,8019968,11,169,28032
2026-10-03T20:06:53.5349586Z,30988,chrome.exe,2.828125,78888960,35946496,27,326,28032
2026-10-03T20:06:53.5349586Z,21744,chrome.exe,19.796875,200548352,160989184,33,397,28032
2026-10-03T20:06:53.5349586Z,25516,chrome.exe,3.90625,23994368,8757248,11,265,28032
2026-10-03T20:06:53.5349586Z,30996,chrome.exe,1.140625,33226752,15626240,12,208,28032
2026-10-03T20:06:53.5349586Z,13488,powershell.exe,32.859375,101515264,82141184,12,647,9624
2026-10-03T20:06:55.1103556Z,32444,python.exe,0.015625,4317184,831488,1,60,31112
2026-10-03T20:06:55.1103556Z,27860,python.exe,9.890625,134479872,652873728,16,225,32444
2026-10-03T20:06:55.1103556Z,5492,sherpa-onnx-nemotron-worker.exe,271.109375,797462528,820981760,5,151,31000
2026-10-03T20:06:55.1103556Z,28032,chrome.exe,23.21875,186609664,71614464,48,1635,3080
2026-10-03T20:06:55.1103556Z,24628,chrome.exe,0.03125,10596352,2564096,9,172,28032
2026-10-03T20:06:55.1103556Z,28216,chrome.exe,4.59375,107761664,86310912,18,611,28032
2026-10-03T20:06:55.1103556Z,31140,chrome.exe,5.875,44437504,14307328,24,410,28032
2026-10-03T20:06:55.1103556Z,18580,chrome.exe,0.09375,18440192,8019968,11,169,28032
2026-10-03T20:06:55.1103556Z,30988,chrome.exe,2.828125,78888960,35946496,27,326,28032
2026-10-03T20:06:55.1103556Z,21744,chrome.exe,19.84375,199598080,160038912,33,397,28032
2026-10-03T20:06:55.1103556Z,25516,chrome.exe,3.90625,23994368,8757248,11,265,28032
2026-10-03T20:06:55.1103556Z,30996,chrome.exe,1.140625,33226752,15626240,12,208,28032
2026-10-03T20:06:55.1103556Z,13488,powershell.exe,33,101842944,83189760,12,647,9624
2026-10-03T20:06:56.6546907Z,32444,python.exe,0.015625,4317184,831488,1,60,31112
2026-10-03T20:06:56.6546907Z,27860,python.exe,9.890625,134479872,652873728,16,225,32444
2026-10-03T20:06:56.6546907Z,5492,sherpa-onnx-nemotron-worker.exe,271.109375,797462528,820981760,5,151,31000
2026-10-03T20:06:56.6546907Z,28032,chrome.exe,23.21875,186585088,71610368,48,1632,3080
2026-10-03T20:06:56.6546907Z,24628,chrome.exe,0.03125,10596352,2564096,9,172,28032
2026-10-03T20:06:56.6546907Z,28216,chrome.exe,4.59375,107462656,85811200,18,608,28032
2026-10-03T20:06:56.6546907Z,31140,chrome.exe,5.890625,44437504,14307328,24,410,28032
2026-10-03T20:06:56.6546907Z,18580,chrome.exe,0.09375,18440192,8019968,11,169,28032
2026-10-03T20:06:56.6546907Z,30988,chrome.exe,2.828125,78888960,35946496,27,326,28032
2026-10-03T20:06:56.6546907Z,21744,chrome.exe,19.9375,199598080,160038912,33,397,28032
2026-10-03T20:06:56.6546907Z,25516,chrome.exe,3.90625,23994368,8757248,11,265,28032
2026-10-03T20:06:56.6546907Z,30996,chrome.exe,1.140625,33226752,15626240,12,208,28032
2026-10-03T20:06:56.6546907Z,13488,powershell.exe,33.21875,100978688,81805312,12,637,9624
2026-10-03T20:06:58.2592470Z,32444,python.exe,0.015625,4317184,831488,1,60,31112
2026-10-03T20:06:58.2592470Z,27860,python.exe,9.890625,134479872,652873728,16,225,32444
2026-10-03T20:06:58.2592470Z,5492,sherpa-onnx-nemotron-worker.exe,271.109375,797462528,820981760,5,151,31000
2026-10-03T20:06:58.2592470Z,28032,chrome.exe,23.234375,186269696,71327744,48,1632,3080
2026-10-03T20:06:58.2592470Z,24628,chrome.exe,0.03125,10596352,2564096,9,172,28032
2026-10-03T20:06:58.2592470Z,28216,chrome.exe,4.59375,107229184,85536768,18,608,28032
2026-10-03T20:06:58.2592470Z,31140,chrome.exe,5.90625,44388352,14172160,24,410,28032
2026-10-03T20:06:58.2592470Z,18580,chrome.exe,0.09375,18440192,8019968,11,169,28032
2026-10-03T20:06:58.2592470Z,30988,chrome.exe,2.828125,78888960,35946496,27,326,28032
2026-10-03T20:06:58.2592470Z,21744,chrome.exe,20,199602176,160038912,33,397,28032
2026-10-03T20:06:58.2592470Z,25516,chrome.exe,3.96875,23994368,8757248,11,265,28032
2026-10-03T20:06:58.2592470Z,30996,chrome.exe,1.140625,33226752,15626240,12,208,28032
2026-10-03T20:06:58.2592470Z,13488,powershell.exe,33.390625,100917248,81223680,12,642,9624
2026-10-03T20:06:59.8681559Z,32444,python.exe,0.015625,4317184,831488,1,60,31112
2026-10-03T20:06:59.8681559Z,27860,python.exe,9.890625,134479872,652873728,16,225,32444
2026-10-03T20:06:59.8681559Z,5492,sherpa-onnx-nemotron-worker.exe,274.046875,797462528,820981760,5,151,31000
2026-10-03T20:06:59.8681559Z,28032,chrome.exe,23.265625,187154432,72241152,48,1632,3080
2026-10-03T20:06:59.8681559Z,24628,chrome.exe,0.03125,10596352,2564096,9,172,28032
2026-10-03T20:06:59.8681559Z,28216,chrome.exe,4.59375,107229184,85536768,18,608,28032
2026-10-03T20:06:59.8681559Z,31140,chrome.exe,5.921875,44425216,14295040,24,410,28032
2026-10-03T20:06:59.8681559Z,18580,chrome.exe,0.09375,18440192,8019968,11,169,28032
2026-10-03T20:06:59.8681559Z,30988,chrome.exe,2.828125,78888960,35946496,27,326,28032
2026-10-03T20:06:59.8681559Z,21744,chrome.exe,20.1875,169263104,129564672,33,397,28032
2026-10-03T20:06:59.8681559Z,25516,chrome.exe,3.96875,23998464,8761344,11,265,28032
2026-10-03T20:06:59.8681559Z,30996,chrome.exe,1.140625,33226752,15626240,12,208,28032
2026-10-03T20:06:59.8681559Z,13488,powershell.exe,33.609375,101265408,81743872,12,647,9624
2026-10-03T20:07:01.4557064Z,32444,python.exe,0.015625,4317184,831488,1,60,31112
2026-10-03T20:07:01.4557064Z,27860,python.exe,10.296875,135360512,654278656,16,225,32444
2026-10-03T20:07:01.4557064Z,5492,sherpa-onnx-nemotron-worker.exe,278.21875,797462528,820981760,5,151,31000
2026-10-03T20:07:01.4557064Z,28032,chrome.exe,23.265625,187154432,72241152,48,1632,3080
2026-10-03T20:07:01.4557064Z,24628,chrome.exe,0.03125,10596352,2564096,9,172,28032
2026-10-03T20:07:01.4557064Z,28216,chrome.exe,4.59375,107229184,85536768,18,608,28032
2026-10-03T20:07:01.4557064Z,31140,chrome.exe,5.953125,44466176,14295040,24,410,28032
2026-10-03T20:07:01.4557064Z,18580,chrome.exe,0.09375,18440192,8019968,11,169,28032
2026-10-03T20:07:01.4557064Z,30988,chrome.exe,2.828125,78888960,35946496,27,326,28032
2026-10-03T20:07:01.4557064Z,21744,chrome.exe,20.328125,171876352,132263936,33,397,28032
2026-10-03T20:07:01.4557064Z,25516,chrome.exe,3.96875,23998464,8761344,11,265,28032
2026-10-03T20:07:01.4557064Z,30996,chrome.exe,1.140625,33226752,15626240,12,208,28032
2026-10-03T20:07:01.4557064Z,13488,powershell.exe,33.828125,102019072,82599936,12,647,9624
2026-10-03T20:07:03.0566026Z,32444,python.exe,0.015625,4317184,831488,1,60,31112
2026-10-03T20:07:03.0566026Z,27860,python.exe,10.3125,135360512,654278656,16,225,32444
2026-10-03T20:07:03.0566026Z,5492,sherpa-onnx-nemotron-worker.exe,284.609375,797462528,820981760,5,151,31000
2026-10-03T20:07:03.0566026Z,28032,chrome.exe,23.265625,186925056,72011776,48,1632,3080
2026-10-03T20:07:03.0566026Z,24628,chrome.exe,0.03125,10596352,2564096,9,172,28032
2026-10-03T20:07:03.0566026Z,28216,chrome.exe,4.59375,91803648,70082560,18,608,28032
2026-10-03T20:07:03.0566026Z,31140,chrome.exe,5.953125,44429312,14172160,24,410,28032
2026-10-03T20:07:03.0566026Z,18580,chrome.exe,0.09375,18440192,8019968,11,169,28032
2026-10-03T20:07:03.0566026Z,30988,chrome.exe,2.828125,78888960,35946496,27,326,28032
2026-10-03T20:07:03.0566026Z,21744,chrome.exe,20.375,167395328,127660032,33,397,28032
2026-10-03T20:07:03.0566026Z,25516,chrome.exe,4,23998464,8761344,11,265,28032
2026-10-03T20:07:03.0566026Z,30996,chrome.exe,1.140625,33226752,15626240,12,208,28032
2026-10-03T20:07:03.0566026Z,13488,powershell.exe,34.0625,102137856,82628608,12,647,9624
2026-10-03T20:07:04.9403441Z,32444,python.exe,0.015625,4317184,831488,1,60,31112
2026-10-03T20:07:04.9403441Z,27860,python.exe,10.3125,135360512,654278656,16,225,32444
2026-10-03T20:07:04.9403441Z,5492,sherpa-onnx-nemotron-worker.exe,292.078125,797462528,820981760,5,151,31000
2026-10-03T20:07:04.9403441Z,28032,chrome.exe,23.296875,186945536,72036352,48,1632,3080
2026-10-03T20:07:04.9403441Z,24628,chrome.exe,0.03125,10596352,2564096,9,172,28032
2026-10-03T20:07:04.9403441Z,28216,chrome.exe,4.59375,91803648,70082560,18,608,28032
2026-10-03T20:07:04.9403441Z,31140,chrome.exe,5.953125,44429312,14172160,24,410,28032
2026-10-03T20:07:04.9403441Z,18580,chrome.exe,0.09375,18440192,8019968,11,169,28032
2026-10-03T20:07:04.9403441Z,30988,chrome.exe,2.828125,78888960,35946496,27,326,28032
2026-10-03T20:07:04.9403441Z,21744,chrome.exe,20.46875,167395328,127660032,33,397,28032
2026-10-03T20:07:04.9403441Z,25516,chrome.exe,4.03125,23998464,8761344,11,265,28032
2026-10-03T20:07:04.9403441Z,30996,chrome.exe,1.140625,33226752,15626240,12,208,28032
2026-10-03T20:07:04.9403441Z,13488,powershell.exe,34.328125,100978688,81297408,12,637,9624
2026-10-03T20:07:06.6393111Z,32444,python.exe,0.015625,4317184,831488,1,60,31112
2026-10-03T20:07:06.6393111Z,27860,python.exe,10.3125,135360512,654278656,16,225,32444
2026-10-03T20:07:06.6393111Z,5492,sherpa-onnx-nemotron-worker.exe,298.703125,797462528,820981760,5,151,31000
2026-10-03T20:07:06.6393111Z,28032,chrome.exe,23.296875,186925056,72011776,48,1632,3080
2026-10-03T20:07:06.6393111Z,24628,chrome.exe,0.03125,10596352,2564096,9,172,28032
2026-10-03T20:07:06.6393111Z,28216,chrome.exe,4.59375,91803648,70082560,18,608,28032
2026-10-03T20:07:06.6393111Z,31140,chrome.exe,5.953125,44429312,14172160,24,410,28032
2026-10-03T20:07:06.6393111Z,18580,chrome.exe,0.09375,18440192,8019968,11,169,28032
2026-10-03T20:07:06.6393111Z,30988,chrome.exe,2.828125,78888960,35946496,27,326,28032
2026-10-03T20:07:06.6393111Z,21744,chrome.exe,20.484375,167395328,127660032,33,397,28032
2026-10-03T20:07:06.6393111Z,25516,chrome.exe,4.046875,23998464,8761344,11,265,28032
2026-10-03T20:07:06.6393111Z,30996,chrome.exe,1.140625,33226752,15626240,12,208,28032
2026-10-03T20:07:06.6393111Z,13488,powershell.exe,34.640625,101851136,82485248,12,642,9624
2026-10-03T20:07:08.3505471Z,32444,python.exe,0.015625,4317184,831488,1,60,31112
2026-10-03T20:07:08.3505471Z,27860,python.exe,10.328125,135360512,654278656,16,225,32444
2026-10-03T20:07:08.3505471Z,5492,sherpa-onnx-nemotron-worker.exe,304.234375,797462528,820981760,5,151,31000
2026-10-03T20:07:08.3505471Z,28032,chrome.exe,23.390625,191066112,76275712,47,1630,3080
2026-10-03T20:07:08.3505471Z,24628,chrome.exe,0.03125,10592256,2519040,8,172,28032
2026-10-03T20:07:08.3505471Z,28216,chrome.exe,4.59375,91766784,69988352,16,606,28032
2026-10-03T20:07:08.3505471Z,31140,chrome.exe,5.96875,44441600,14245888,23,408,28032
2026-10-03T20:07:08.3505471Z,18580,chrome.exe,0.09375,18464768,7970816,10,169,28032
2026-10-03T20:07:08.3505471Z,30988,chrome.exe,2.828125,78876672,35864576,25,326,28032
2026-10-03T20:07:08.3505471Z,21744,chrome.exe,20.609375,167456768,127590400,31,397,28032
2026-10-03T20:07:08.3505471Z,25516,chrome.exe,4.0625,23973888,8712192,10,265,28032
2026-10-03T20:07:08.3505471Z,30996,chrome.exe,1.140625,33226752,15626240,12,208,28032
2026-10-03T20:07:08.3505471Z,13488,powershell.exe,34.875,101097472,81580032,12,646,9624
2026-10-03T20:07:10.0352884Z,32444,python.exe,0.015625,4317184,831488,1,60,31112
2026-10-03T20:07:10.0352884Z,27860,python.exe,10.328125,135360512,654278656,16,225,32444
2026-10-03T20:07:10.0352884Z,5492,sherpa-onnx-nemotron-worker.exe,304.234375,797462528,820981760,5,151,31000
2026-10-03T20:07:10.0352884Z,28032,chrome.exe,23.421875,188915712,73945088,47,1634,3080
2026-10-03T20:07:10.0352884Z,24628,chrome.exe,0.03125,10592256,2519040,8,172,28032
2026-10-03T20:07:10.0352884Z,28216,chrome.exe,4.6875,101302272,80138240,16,609,28032
2026-10-03T20:07:10.0352884Z,31140,chrome.exe,6.015625,44408832,14127104,23,408,28032
2026-10-03T20:07:10.0352884Z,18580,chrome.exe,0.09375,18464768,7970816,10,169,28032
2026-10-03T20:07:10.0352884Z,30988,chrome.exe,2.828125,78876672,35864576,25,326,28032
2026-10-03T20:07:10.0352884Z,21744,chrome.exe,20.734375,167993344,128274432,31,397,28032
2026-10-03T20:07:10.0352884Z,25516,chrome.exe,4.078125,23973888,8712192,10,265,28032
2026-10-03T20:07:10.0352884Z,30996,chrome.exe,1.140625,33226752,15626240,12,208,28032
2026-10-03T20:07:10.0352884Z,13488,powershell.exe,35.140625,101994496,82804736,12,647,9624
2026-10-03T20:07:11.7055915Z,32444,python.exe,0.015625,4317184,831488,1,60,31112
2026-10-03T20:07:11.7055915Z,27860,python.exe,10.328125,135360512,654278656,16,225,32444
2026-10-03T20:07:11.7055915Z,5492,sherpa-onnx-nemotron-worker.exe,304.234375,797462528,820981760,5,151,31000
2026-10-03T20:07:11.7055915Z,28032,chrome.exe,23.421875,188891136,73940992,47,1631,3080
2026-10-03T20:07:11.7055915Z,24628,chrome.exe,0.03125,10592256,2519040,8,172,28032
2026-10-03T20:07:11.7055915Z,28216,chrome.exe,4.6875,101277696,80138240,16,606,28032
2026-10-03T20:07:11.7055915Z,31140,chrome.exe,6.046875,44408832,14127104,23,408,28032
2026-10-03T20:07:11.7055915Z,18580,chrome.exe,0.09375,18464768,7970816,10,169,28032
2026-10-03T20:07:11.7055915Z,30988,chrome.exe,2.828125,78876672,35864576,25,326,28032
2026-10-03T20:07:11.7055915Z,21744,chrome.exe,20.875,168247296,128364544,31,397,28032
2026-10-03T20:07:11.7055915Z,25516,chrome.exe,4.109375,23973888,8712192,10,265,28032
2026-10-03T20:07:11.7055915Z,30996,chrome.exe,1.140625,33226752,15626240,12,208,28032
2026-10-03T20:07:11.7055915Z,13488,powershell.exe,35.453125,102305792,83161088,12,647,9624
2026-10-03T20:07:13.4174957Z,32444,python.exe,0.015625,4317184,831488,1,60,31112
2026-10-03T20:07:13.4174957Z,27860,python.exe,10.328125,135360512,654278656,16,225,32444
2026-10-03T20:07:13.4174957Z,5492,sherpa-onnx-nemotron-worker.exe,304.234375,797462528,820981760,5,151,31000
2026-10-03T20:07:13.4174957Z,28032,chrome.exe,23.453125,188891136,73940992,47,1631,3080
2026-10-03T20:07:13.4174957Z,24628,chrome.exe,0.03125,10592256,2519040,8,172,28032
2026-10-03T20:07:13.4174957Z,28216,chrome.exe,4.6875,101277696,80138240,16,606,28032
2026-10-03T20:07:13.4174957Z,31140,chrome.exe,6.046875,44408832,14127104,23,408,28032
2026-10-03T20:07:13.4174957Z,18580,chrome.exe,0.09375,18464768,7970816,10,169,28032
2026-10-03T20:07:13.4174957Z,30988,chrome.exe,2.828125,78876672,35864576,25,326,28032
2026-10-03T20:07:13.4174957Z,21744,chrome.exe,20.921875,168349696,128401408,31,397,28032
2026-10-03T20:07:13.4174957Z,25516,chrome.exe,4.125,23973888,8712192,10,265,28032
2026-10-03T20:07:13.4174957Z,30996,chrome.exe,1.140625,33226752,15626240,12,208,28032
2026-10-03T20:07:13.4174957Z,13488,powershell.exe,35.625,101470208,82243584,12,637,9624
2026-10-03T20:07:15.0086647Z,32444,python.exe,0.015625,4317184,831488,1,60,31112
2026-10-03T20:07:15.0086647Z,27860,python.exe,10.328125,135360512,654278656,16,225,32444
2026-10-03T20:07:15.0086647Z,5492,sherpa-onnx-nemotron-worker.exe,304.234375,797462528,820981760,5,151,31000
2026-10-03T20:07:15.0086647Z,28032,chrome.exe,23.453125,188887040,73936896,47,1631,3080
2026-10-03T20:07:15.0086647Z,24628,chrome.exe,0.03125,10592256,2519040,8,172,28032
2026-10-03T20:07:15.0086647Z,28216,chrome.exe,4.6875,101249024,79560704,16,606,28032
2026-10-03T20:07:15.0086647Z,31140,chrome.exe,6.046875,44408832,14127104,23,408,28032
2026-10-03T20:07:15.0086647Z,18580,chrome.exe,0.09375,18464768,7970816,10,169,28032
2026-10-03T20:07:15.0086647Z,30988,chrome.exe,2.828125,78876672,35864576,25,326,28032
2026-10-03T20:07:15.0086647Z,21744,chrome.exe,20.953125,168697856,129142784,31,397,28032
2026-10-03T20:07:15.0086647Z,25516,chrome.exe,4.140625,23973888,8712192,10,265,28032
2026-10-03T20:07:15.0086647Z,30996,chrome.exe,1.140625,33226752,15626240,12,208,28032
2026-10-03T20:07:15.0086647Z,13488,powershell.exe,35.875,101838848,82419712,12,641,9624
2026-10-03T20:07:16.6268954Z,32444,python.exe,0.015625,4317184,831488,1,60,31112
2026-10-03T20:07:16.6268954Z,27860,python.exe,10.328125,135360512,654278656,16,225,32444
2026-10-03T20:07:16.6268954Z,5492,sherpa-onnx-nemotron-worker.exe,304.234375,797462528,820981760,5,151,31000
2026-10-03T20:07:16.6268954Z,28032,chrome.exe,23.46875,188887040,73936896,47,1631,3080
2026-10-03T20:07:16.6268954Z,24628,chrome.exe,0.03125,10592256,2519040,8,172,28032
2026-10-03T20:07:16.6268954Z,28216,chrome.exe,4.6875,98713600,77045760,17,606,28032
2026-10-03T20:07:16.6268954Z,31140,chrome.exe,6.0625,44408832,14127104,23,408,28032
2026-10-03T20:07:16.6268954Z,18580,chrome.exe,0.09375,18464768,7970816,10,169,28032
2026-10-03T20:07:16.6268954Z,30988,chrome.exe,2.828125,78876672,35864576,25,326,28032
2026-10-03T20:07:16.6268954Z,21744,chrome.exe,21,168804352,129183744,31,397,28032
2026-10-03T20:07:16.6268954Z,25516,chrome.exe,4.140625,23973888,8712192,10,265,28032
2026-10-03T20:07:16.6268954Z,30996,chrome.exe,1.140625,33226752,15626240,12,208,28032
2026-10-03T20:07:16.6268954Z,13488,powershell.exe,36.078125,101068800,81362944,12,646,9624
2026-10-03T20:07:18.2632763Z,32444,python.exe,0.015625,4317184,831488,1,60,31112
2026-10-03T20:07:18.2632763Z,27860,python.exe,10.328125,135360512,654278656,16,225,32444
2026-10-03T20:07:18.2632763Z,5492,sherpa-onnx-nemotron-worker.exe,304.234375,797462528,820981760,5,151,31000
2026-10-03T20:07:18.2632763Z,28032,chrome.exe,23.484375,188887040,73936896,47,1631,3080
2026-10-03T20:07:18.2632763Z,24628,chrome.exe,0.03125,10592256,2519040,8,172,28032
2026-10-03T20:07:18.2632763Z,28216,chrome.exe,4.6875,89231360,67497984,17,606,28032
2026-10-03T20:07:18.2632763Z,31140,chrome.exe,6.0625,44408832,14127104,23,408,28032
2026-10-03T20:07:18.2632763Z,18580,chrome.exe,0.09375,18464768,7970816,10,169,28032
2026-10-03T20:07:18.2632763Z,30988,chrome.exe,2.828125,78876672,35864576,25,326,28032
2026-10-03T20:07:18.2632763Z,21744,chrome.exe,21.015625,168914944,129228800,31,397,28032
2026-10-03T20:07:18.2632763Z,25516,chrome.exe,4.140625,23973888,8712192,10,265,28032
2026-10-03T20:07:18.2632763Z,30996,chrome.exe,1.140625,33226752,15626240,12,208,28032
2026-10-03T20:07:18.2632763Z,13488,powershell.exe,36.265625,102064128,83218432,12,647,9624
2026-10-03T20:07:19.8496799Z,32444,python.exe,0.015625,4317184,831488,1,60,31112
2026-10-03T20:07:19.8496799Z,27860,python.exe,10.328125,135360512,654278656,16,225,32444
2026-10-03T20:07:19.8496799Z,5492,sherpa-onnx-nemotron-worker.exe,304.234375,797462528,820981760,5,151,31000
2026-10-03T20:07:19.8496799Z,28032,chrome.exe,23.515625,189063168,73945088,47,1667,3080
2026-10-03T20:07:19.8496799Z,24628,chrome.exe,0.03125,10592256,2519040,8,179,28032
2026-10-03T20:07:19.8496799Z,28216,chrome.exe,4.6875,89231360,67497984,17,606,28032
2026-10-03T20:07:19.8496799Z,31140,chrome.exe,6.078125,44408832,14127104,23,408,28032
2026-10-03T20:07:19.8496799Z,18580,chrome.exe,0.09375,18464768,7970816,10,169,28032
2026-10-03T20:07:19.8496799Z,30988,chrome.exe,2.828125,78876672,35864576,25,326,28032
2026-10-03T20:07:19.8496799Z,21744,chrome.exe,21.109375,168972288,129540096,31,397,28032
2026-10-03T20:07:19.8496799Z,25516,chrome.exe,4.140625,23973888,8712192,10,265,28032
2026-10-03T20:07:19.8496799Z,30996,chrome.exe,1.140625,33255424,15589376,11,208,28032
2026-10-03T20:07:19.8496799Z,13488,powershell.exe,36.390625,102322176,83222528,12,647,9624
2026-10-03T20:07:21.3986853Z,32444,python.exe,0.015625,4317184,831488,1,60,31112
2026-10-03T20:07:21.3986853Z,27860,python.exe,10.328125,135360512,654278656,16,225,32444
2026-10-03T20:07:21.3986853Z,5492,sherpa-onnx-nemotron-worker.exe,304.234375,797462528,820981760,5,151,31000
2026-10-03T20:07:21.3986853Z,28032,chrome.exe,23.625,188903424,73953280,47,1631,3080
2026-10-03T20:07:21.3986853Z,24628,chrome.exe,0.03125,10592256,2519040,8,172,28032
2026-10-03T20:07:21.3986853Z,28216,chrome.exe,4.6875,89231360,67497984,17,606,28032
2026-10-03T20:07:21.3986853Z,31140,chrome.exe,6.078125,44445696,14249984,23,408,28032
2026-10-03T20:07:21.3986853Z,18580,chrome.exe,0.09375,18464768,7970816,10,169,28032
2026-10-03T20:07:21.3986853Z,30988,chrome.exe,2.828125,78876672,35864576,25,326,28032
2026-10-03T20:07:21.3986853Z,21744,chrome.exe,21.15625,169316352,129904640,31,397,28032
2026-10-03T20:07:21.3986853Z,25516,chrome.exe,4.140625,23973888,8712192,10,265,28032
2026-10-03T20:07:21.3986853Z,30996,chrome.exe,1.140625,33255424,15589376,11,208,28032
2026-10-03T20:07:21.3986853Z,13488,powershell.exe,36.59375,101101568,81240064,12,637,9624
2026-10-03T20:07:23.0147540Z,32444,python.exe,0.015625,4317184,831488,1,60,31112
2026-10-03T20:07:23.0147540Z,27860,python.exe,10.328125,135360512,654278656,16,225,32444
2026-10-03T20:07:23.0147540Z,5492,sherpa-onnx-nemotron-worker.exe,304.234375,797462528,820981760,5,151,31000
2026-10-03T20:07:23.0147540Z,28032,chrome.exe,23.625,188891136,73940992,47,1631,3080
2026-10-03T20:07:23.0147540Z,24628,chrome.exe,0.03125,10592256,2519040,8,172,28032
2026-10-03T20:07:23.0147540Z,28216,chrome.exe,4.6875,89231360,67497984,17,606,28032
2026-10-03T20:07:23.0147540Z,31140,chrome.exe,6.109375,44408832,14127104,23,408,28032
2026-10-03T20:07:23.0147540Z,18580,chrome.exe,0.09375,18464768,7970816,10,169,28032
2026-10-03T20:07:23.0147540Z,30988,chrome.exe,2.828125,78876672,35864576,25,326,28032
2026-10-03T20:07:23.0147540Z,21744,chrome.exe,21.21875,169422848,129986560,31,397,28032
2026-10-03T20:07:23.0147540Z,25516,chrome.exe,4.171875,23973888,8712192,10,265,28032
2026-10-03T20:07:23.0147540Z,30996,chrome.exe,1.140625,33255424,15589376,11,208,28032
2026-10-03T20:07:23.0147540Z,13488,powershell.exe,36.765625,100970496,81108992,12,642,9624
2026-10-03T20:07:24.5584942Z,32444,python.exe,0.015625,4317184,831488,1,60,31112
2026-10-03T20:07:24.5584942Z,27860,python.exe,10.328125,135360512,654278656,16,225,32444
2026-10-03T20:07:24.5584942Z,5492,sherpa-onnx-nemotron-worker.exe,304.234375,797462528,820981760,5,151,31000
2026-10-03T20:07:24.5584942Z,28032,chrome.exe,23.640625,188891136,73940992,47,1631,3080
2026-10-03T20:07:24.5584942Z,24628,chrome.exe,0.03125,10592256,2519040,8,172,28032
2026-10-03T20:07:24.5584942Z,28216,chrome.exe,4.6875,89231360,67497984,17,606,28032
2026-10-03T20:07:24.5584942Z,31140,chrome.exe,6.109375,44408832,14127104,23,408,28032
2026-10-03T20:07:24.5584942Z,18580,chrome.exe,0.09375,18464768,7970816,10,169,28032
2026-10-03T20:07:24.5584942Z,30988,chrome.exe,2.828125,78876672,35864576,25,326,28032
2026-10-03T20:07:24.5584942Z,21744,chrome.exe,21.296875,169824256,130383872,31,397,28032
2026-10-03T20:07:24.5584942Z,25516,chrome.exe,4.21875,23973888,8712192,10,265,28032
2026-10-03T20:07:24.5584942Z,30996,chrome.exe,1.140625,33255424,15589376,11,208,28032
2026-10-03T20:07:24.5584942Z,13488,powershell.exe,36.921875,100544512,80904192,12,646,9624
2026-10-03T20:07:26.1423453Z,32444,python.exe,0.015625,4317184,831488,1,60,31112
2026-10-03T20:07:26.1423453Z,27860,python.exe,10.328125,135360512,654278656,16,225,32444
2026-10-03T20:07:26.1423453Z,5492,sherpa-onnx-nemotron-worker.exe,304.234375,797462528,820981760,5,151,31000
2026-10-03T20:07:26.1423453Z,28032,chrome.exe,23.65625,188874752,73936896,47,1631,3080
2026-10-03T20:07:26.1423453Z,24628,chrome.exe,0.03125,10592256,2519040,8,172,28032
2026-10-03T20:07:26.1423453Z,28216,chrome.exe,4.71875,96165888,74711040,17,609,28032
2026-10-03T20:07:26.1423453Z,31140,chrome.exe,6.109375,44408832,14127104,23,408,28032
2026-10-03T20:07:26.1423453Z,18580,chrome.exe,0.09375,18464768,7970816,10,169,28032
2026-10-03T20:07:26.1423453Z,30988,chrome.exe,2.828125,78876672,35864576,25,326,28032
2026-10-03T20:07:26.1423453Z,21744,chrome.exe,21.765625,217604096,178339840,31,400,28032
2026-10-03T20:07:26.1423453Z,25516,chrome.exe,4.25,23973888,8712192,10,265,28032
2026-10-03T20:07:26.1423453Z,30996,chrome.exe,1.140625,33255424,15589376,11,208,28032
2026-10-03T20:07:26.1423453Z,13488,powershell.exe,37.125,101638144,82149376,12,647,9624
2026-10-03T20:07:27.7635987Z,32444,python.exe,0.015625,4317184,831488,1,60,31112
2026-10-03T20:07:27.7635987Z,27860,python.exe,10.328125,135360512,654278656,16,225,32444
2026-10-03T20:07:27.7635987Z,5492,sherpa-onnx-nemotron-worker.exe,304.234375,797462528,820981760,5,151,31000
2026-10-03T20:07:27.7635987Z,28032,chrome.exe,23.828125,189206528,74211328,47,1633,3080
2026-10-03T20:07:27.7635987Z,24628,chrome.exe,0.03125,10592256,2519040,8,172,28032
2026-10-03T20:07:27.7635987Z,28216,chrome.exe,4.9375,105652224,84746240,17,609,28032
2026-10-03T20:07:27.7635987Z,31140,chrome.exe,6.125,44408832,14127104,23,408,28032
2026-10-03T20:07:27.7635987Z,18580,chrome.exe,0.09375,18464768,7970816,10,169,28032
2026-10-03T20:07:27.7635987Z,30988,chrome.exe,2.828125,78876672,35864576,25,326,28032
2026-10-03T20:07:27.7635987Z,21744,chrome.exe,21.84375,215457792,176226304,31,397,28032
2026-10-03T20:07:27.7635987Z,25516,chrome.exe,4.25,23973888,8712192,10,265,28032
2026-10-03T20:07:27.7635987Z,30996,chrome.exe,1.140625,33255424,15589376,11,208,28032
2026-10-03T20:07:27.7635987Z,13488,powershell.exe,37.28125,101904384,82153472,12,647,9624
2026-10-03T20:07:29.3715672Z,32444,python.exe,0.015625,4317184,831488,1,60,31112
2026-10-03T20:07:29.3715672Z,27860,python.exe,10.328125,135360512,654278656,16,225,32444
2026-10-03T20:07:29.3715672Z,5492,sherpa-onnx-nemotron-worker.exe,304.234375,797462528,820981760,5,151,31000
2026-10-03T20:07:29.3715672Z,28032,chrome.exe,23.875,189206528,74211328,47,1633,3080
2026-10-03T20:07:29.3715672Z,24628,chrome.exe,0.03125,10592256,2519040,8,172,28032
2026-10-03T20:07:29.3715672Z,28216,chrome.exe,4.9375,105652224,84721664,17,609,28032
2026-10-03T20:07:29.3715672Z,31140,chrome.exe,6.140625,44408832,14127104,23,408,28032
2026-10-03T20:07:29.3715672Z,18580,chrome.exe,0.09375,18464768,7970816,10,169,28032
2026-10-03T20:07:29.3715672Z,30988,chrome.exe,2.828125,78876672,35864576,25,326,28032
2026-10-03T20:07:29.3715672Z,21744,chrome.exe,21.90625,215465984,176226304,31,397,28032
2026-10-03T20:07:29.3715672Z,25516,chrome.exe,4.296875,23977984,8716288,10,265,28032
2026-10-03T20:07:29.3715672Z,30996,chrome.exe,1.140625,33255424,15589376,11,208,28032
2026-10-03T20:07:29.3715672Z,13488,powershell.exe,37.453125,100802560,80941056,12,637,9624
2026-10-03T20:07:30.9794065Z,32444,python.exe,0.015625,4317184,831488,1,60,31112
2026-10-03T20:07:30.9794065Z,27860,python.exe,10.34375,135360512,654278656,16,225,32444
2026-10-03T20:07:30.9794065Z,5492,sherpa-onnx-nemotron-worker.exe,304.234375,797462528,820981760,5,151,31000
2026-10-03T20:07:30.9794065Z,28032,chrome.exe,23.921875,188895232,73961472,47,1630,3080
2026-10-03T20:07:30.9794065Z,24628,chrome.exe,0.03125,10592256,2519040,8,172,28032
2026-10-03T20:07:30.9794065Z,28216,chrome.exe,4.9375,105467904,83886080,17,606,28032
2026-10-03T20:07:30.9794065Z,31140,chrome.exe,6.140625,44408832,14127104,23,408,28032
2026-10-03T20:07:30.9794065Z,18580,chrome.exe,0.09375,18464768,7970816,10,169,28032
2026-10-03T20:07:30.9794065Z,30988,chrome.exe,2.828125,78876672,35864576,25,326,28032
2026-10-03T20:07:30.9794065Z,21744,chrome.exe,21.9375,215162880,175702016,31,397,28032
2026-10-03T20:07:30.9794065Z,25516,chrome.exe,4.359375,23977984,8716288,10,265,28032
2026-10-03T20:07:30.9794065Z,30996,chrome.exe,1.140625,33255424,15589376,11,208,28032
2026-10-03T20:07:30.9794065Z,13488,powershell.exe,37.671875,101122048,81264640,12,641,9624
2026-10-03T20:07:32.5838206Z,32444,python.exe,0.015625,4317184,831488,1,60,31112
2026-10-03T20:07:32.5838206Z,27860,python.exe,10.34375,135360512,654278656,16,225,32444
2026-10-03T20:07:32.5838206Z,5492,sherpa-onnx-nemotron-worker.exe,304.234375,797462528,820981760,5,151,31000
2026-10-03T20:07:32.5838206Z,28032,chrome.exe,23.921875,188895232,73961472,47,1630,3080
2026-10-03T20:07:32.5838206Z,24628,chrome.exe,0.03125,10592256,2519040,8,172,28032
2026-10-03T20:07:32.5838206Z,28216,chrome.exe,4.9375,105467904,83881984,17,606,28032
2026-10-03T20:07:32.5838206Z,31140,chrome.exe,6.171875,44408832,14127104,23,408,28032
2026-10-03T20:07:32.5838206Z,18580,chrome.exe,0.09375,18464768,7970816,10,169,28032
2026-10-03T20:07:32.5838206Z,30988,chrome.exe,2.828125,78876672,35864576,25,326,28032
2026-10-03T20:07:32.5838206Z,21744,chrome.exe,21.984375,215203840,175714304,31,397,28032
2026-10-03T20:07:32.5838206Z,25516,chrome.exe,4.375,23977984,8716288,10,265,28032
2026-10-03T20:07:32.5838206Z,30996,chrome.exe,1.140625,33255424,15589376,11,208,28032
2026-10-03T20:07:32.5838206Z,13488,powershell.exe,37.859375,101056512,81215488,12,646,9624
2026-10-03T20:07:34.2234517Z,32444,python.exe,0.015625,4317184,831488,1,60,31112
2026-10-03T20:07:34.2234517Z,27860,python.exe,10.34375,135360512,654278656,16,225,32444
2026-10-03T20:07:34.2234517Z,5492,sherpa-onnx-nemotron-worker.exe,308.984375,797462528,820981760,5,151,31000
2026-10-03T20:07:34.2234517Z,28032,chrome.exe,23.921875,188887040,73936896,47,1630,3080
2026-10-03T20:07:34.2234517Z,24628,chrome.exe,0.03125,10592256,2519040,8,172,28032
2026-10-03T20:07:34.2234517Z,28216,chrome.exe,4.9375,105447424,83861504,17,606,28032
2026-10-03T20:07:34.2234517Z,31140,chrome.exe,6.203125,44408832,14127104,23,408,28032
2026-10-03T20:07:34.2234517Z,18580,chrome.exe,0.09375,18464768,7970816,10,169,28032
2026-10-03T20:07:34.2234517Z,30988,chrome.exe,2.828125,78876672,35864576,25,326,28032
2026-10-03T20:07:34.2234517Z,21744,chrome.exe,22.359375,174116864,134938624,31,397,28032
2026-10-03T20:07:34.2234517Z,25516,chrome.exe,4.40625,23977984,8716288,10,265,28032
2026-10-03T20:07:34.2234517Z,30996,chrome.exe,1.140625,33255424,15589376,11,208,28032
2026-10-03T20:07:34.2234517Z,13488,powershell.exe,38.125,101801984,82620416,12,647,9624
2026-10-03T20:07:36.0298635Z,32444,python.exe,0.015625,4317184,831488,1,60,31112
2026-10-03T20:07:36.0298635Z,27860,python.exe,11.046875,135360512,654278656,16,225,32444
2026-10-03T20:07:36.0298635Z,5492,sherpa-onnx-nemotron-worker.exe,316.0625,797462528,820981760,5,151,31000
2026-10-03T20:07:36.0298635Z,28032,chrome.exe,23.921875,188887040,73936896,47,1630,3080
2026-10-03T20:07:36.0298635Z,24628,chrome.exe,0.03125,10592256,2519040,8,172,28032
2026-10-03T20:07:36.0298635Z,28216,chrome.exe,4.9375,91799552,70160384,17,606,28032
2026-10-03T20:07:36.0298635Z,31140,chrome.exe,6.203125,44408832,14127104,23,408,28032
2026-10-03T20:07:36.0298635Z,18580,chrome.exe,0.09375,18464768,7970816,10,169,28032
2026-10-03T20:07:36.0298635Z,30988,chrome.exe,2.828125,78876672,35864576,25,326,28032
2026-10-03T20:07:36.0298635Z,21744,chrome.exe,22.359375,172494848,133234688,31,397,28032
2026-10-03T20:07:36.0298635Z,25516,chrome.exe,4.421875,23977984,8716288,10,265,28032
2026-10-03T20:07:36.0298635Z,30996,chrome.exe,1.140625,33255424,15589376,11,208,28032
2026-10-03T20:07:36.0298635Z,13488,powershell.exe,38.390625,102051840,82640896,12,647,9624
2026-10-03T20:07:37.7101566Z,32444,python.exe,0.015625,4317184,831488,1,60,31112
2026-10-03T20:07:37.7101566Z,27860,python.exe,11.046875,135360512,654278656,16,225,32444
2026-10-03T20:07:37.7101566Z,5492,sherpa-onnx-nemotron-worker.exe,322.515625,797462528,820981760,5,151,31000
2026-10-03T20:07:37.7101566Z,28032,chrome.exe,23.96875,188895232,73936896,47,1630,3080
2026-10-03T20:07:37.7101566Z,24628,chrome.exe,0.03125,10592256,2519040,8,172,28032
2026-10-03T20:07:37.7101566Z,28216,chrome.exe,4.9375,91799552,70160384,17,606,28032
2026-10-03T20:07:37.7101566Z,31140,chrome.exe,6.203125,44445696,14249984,23,408,28032
2026-10-03T20:07:37.7101566Z,18580,chrome.exe,0.09375,18464768,7970816,10,169,28032
2026-10-03T20:07:37.7101566Z,30988,chrome.exe,2.828125,78876672,35864576,25,326,28032
2026-10-03T20:07:37.7101566Z,21744,chrome.exe,22.421875,172494848,133234688,31,397,28032
2026-10-03T20:07:37.7101566Z,25516,chrome.exe,4.4375,23977984,8716288,10,265,28032
2026-10-03T20:07:37.7101566Z,30996,chrome.exe,1.140625,33255424,15589376,11,208,28032
2026-10-03T20:07:37.7101566Z,13488,powershell.exe,38.6875,100814848,80953344,12,636,9624
2026-10-03T20:07:39.3309628Z,32444,python.exe,0.015625,4317184,831488,1,60,31112
2026-10-03T20:07:39.3309628Z,27860,python.exe,11.046875,135360512,654278656,16,225,32444
2026-10-03T20:07:39.3309628Z,5492,sherpa-onnx-nemotron-worker.exe,328.9375,797462528,820981760,5,151,31000
2026-10-03T20:07:39.3309628Z,28032,chrome.exe,23.96875,188895232,73936896,47,1630,3080
2026-10-03T20:07:39.3309628Z,24628,chrome.exe,0.03125,10592256,2519040,8,172,28032
2026-10-03T20:07:39.3309628Z,28216,chrome.exe,4.9375,91799552,70160384,17,606,28032
2026-10-03T20:07:39.3309628Z,31140,chrome.exe,6.203125,44408832,14127104,23,408,28032
2026-10-03T20:07:39.3309628Z,18580,chrome.exe,0.09375,18464768,7970816,10,169,28032
2026-10-03T20:07:39.3309628Z,30988,chrome.exe,2.828125,78876672,35864576,25,326,28032
2026-10-03T20:07:39.3309628Z,21744,chrome.exe,22.46875,169291776,130019328,31,397,28032
2026-10-03T20:07:39.3309628Z,25516,chrome.exe,4.453125,23977984,8716288,10,265,28032
2026-10-03T20:07:39.3309628Z,30996,chrome.exe,1.140625,33255424,15589376,11,208,28032
2026-10-03T20:07:39.3309628Z,13488,powershell.exe,38.953125,101191680,81334272,12,641,9624
2026-10-03T20:07:40.9696314Z,32444,python.exe,0.015625,4317184,831488,1,60,31112
2026-10-03T20:07:40.9696314Z,27860,python.exe,11.046875,135360512,654278656,16,225,32444
2026-10-03T20:07:40.9696314Z,5492,sherpa-onnx-nemotron-worker.exe,335.3125,797462528,820981760,5,151,31000
2026-10-03T20:07:40.9696314Z,28032,chrome.exe,23.96875,188907520,73949184,47,1630,3080
2026-10-03T20:07:40.9696314Z,24628,chrome.exe,0.03125,10592256,2519040,8,172,28032
2026-10-03T20:07:40.9696314Z,28216,chrome.exe,4.9375,91799552,70160384,17,606,28032
2026-10-03T20:07:40.9696314Z,31140,chrome.exe,6.21875,44457984,14262272,23,411,28032
2026-10-03T20:07:40.9696314Z,18580,chrome.exe,0.09375,18464768,7970816,10,169,28032
2026-10-03T20:07:40.9696314Z,30988,chrome.exe,2.828125,78876672,35864576,25,326,28032
2026-10-03T20:07:40.9696314Z,21744,chrome.exe,22.546875,169291776,130019328,31,397,28032
2026-10-03T20:07:40.9696314Z,25516,chrome.exe,4.46875,23977984,8716288,10,265,28032
2026-10-03T20:07:40.9696314Z,30996,chrome.exe,1.140625,33255424,15589376,11,208,28032
2026-10-03T20:07:40.9696314Z,13488,powershell.exe,39.21875,101064704,81334272,12,645,9624
2026-10-03T20:07:42.6933517Z,32444,python.exe,0.015625,4317184,831488,1,60,31112
2026-10-03T20:07:42.6933517Z,27860,python.exe,11.046875,135360512,654278656,16,225,32444
2026-10-03T20:07:42.6933517Z,5492,sherpa-onnx-nemotron-worker.exe,340.1875,797462528,820981760,5,151,31000
2026-10-03T20:07:42.6933517Z,28032,chrome.exe,23.96875,188895232,73936896,47,1630,3080
2026-10-03T20:07:42.6933517Z,24628,chrome.exe,0.03125,10592256,2519040,8,172,28032
2026-10-03T20:07:42.6933517Z,28216,chrome.exe,4.9375,91799552,70160384,17,606,28032
2026-10-03T20:07:42.6933517Z,31140,chrome.exe,6.21875,44412928,14127104,23,411,28032
2026-10-03T20:07:42.6933517Z,18580,chrome.exe,0.09375,18464768,7970816,10,169,28032
2026-10-03T20:07:42.6933517Z,30988,chrome.exe,2.828125,78876672,35864576,25,326,28032
2026-10-03T20:07:42.6933517Z,21744,chrome.exe,22.578125,169398272,130019328,31,397,28032
2026-10-03T20:07:42.6933517Z,25516,chrome.exe,4.5,23977984,8716288,10,265,28032
2026-10-03T20:07:42.6933517Z,30996,chrome.exe,1.140625,33255424,15589376,11,208,28032
2026-10-03T20:07:42.6933517Z,13488,powershell.exe,39.4375,101908480,82309120,12,647,9624
2026-10-03T20:07:44.3667588Z,32444,python.exe,0.015625,4317184,831488,1,60,31112
2026-10-03T20:07:44.3667588Z,27860,python.exe,11.046875,135360512,654278656,16,225,32444
2026-10-03T20:07:44.3667588Z,5492,sherpa-onnx-nemotron-worker.exe,340.1875,797462528,820981760,5,151,31000
2026-10-03T20:07:44.3667588Z,28032,chrome.exe,24.078125,189313024,74276864,47,1634,3080
2026-10-03T20:07:44.3667588Z,24628,chrome.exe,0.03125,10592256,2519040,8,172,28032
2026-10-03T20:07:44.3667588Z,28216,chrome.exe,5,101449728,80359424,17,609,28032
2026-10-03T20:07:44.3667588Z,31140,chrome.exe,6.234375,44412928,14127104,23,411,28032
2026-10-03T20:07:44.3667588Z,18580,chrome.exe,0.09375,18464768,7970816,10,169,28032
2026-10-03T20:07:44.3667588Z,30988,chrome.exe,2.828125,78876672,35864576,25,326,28032
2026-10-03T20:07:44.3667588Z,21744,chrome.exe,22.671875,170409984,131145728,31,397,28032
2026-10-03T20:07:44.3667588Z,25516,chrome.exe,4.515625,23977984,8716288,10,265,28032
2026-10-03T20:07:44.3667588Z,30996,chrome.exe,1.140625,33255424,15589376,11,208,28032
2026-10-03T20:07:44.3667588Z,13488,powershell.exe,39.6875,101945344,82321408,12,647,9624
2026-10-03T20:07:46.0199979Z,32444,python.exe,0.015625,4317184,831488,1,60,31112
2026-10-03T20:07:46.0199979Z,27860,python.exe,11.046875,135360512,654278656,16,225,32444
2026-10-03T20:07:46.0199979Z,5492,sherpa-onnx-nemotron-worker.exe,340.1875,797462528,820981760,5,151,31000
2026-10-03T20:07:46.0199979Z,28032,chrome.exe,24.078125,188985344,74002432,47,1631,3080
2026-10-03T20:07:46.0199979Z,24628,chrome.exe,0.03125,10592256,2519040,8,172,28032
2026-10-03T20:07:46.0199979Z,28216,chrome.exe,5,101322752,79671296,17,606,28032
2026-10-03T20:07:46.0199979Z,31140,chrome.exe,6.28125,44412928,14127104,23,411,28032
2026-10-03T20:07:46.0199979Z,18580,chrome.exe,0.09375,18464768,7970816,10,169,28032
2026-10-03T20:07:46.0199979Z,30988,chrome.exe,2.828125,78876672,35864576,25,326,28032
2026-10-03T20:07:46.0199979Z,21744,chrome.exe,22.765625,170631168,131235840,31,397,28032
2026-10-03T20:07:46.0199979Z,25516,chrome.exe,4.578125,23977984,8716288,10,265,28032
2026-10-03T20:07:46.0199979Z,30996,chrome.exe,1.140625,33255424,15589376,11,208,28032
2026-10-03T20:07:46.0199979Z,13488,powershell.exe,40.046875,101572608,81924096,12,636,9624
2026-10-03T20:07:47.7177498Z,32444,python.exe,0.015625,4317184,831488,1,60,31112
2026-10-03T20:07:47.7177498Z,27860,python.exe,11.046875,135360512,654278656,16,225,32444
2026-10-03T20:07:47.7177498Z,5492,sherpa-onnx-nemotron-worker.exe,340.1875,797462528,820981760,5,151,31000
2026-10-03T20:07:47.7177498Z,28032,chrome.exe,24.109375,189001728,74027008,47,1631,3080
2026-10-03T20:07:47.7177498Z,24628,chrome.exe,0.03125,10592256,2519040,8,172,28032
2026-10-03T20:07:47.7177498Z,28216,chrome.exe,5,100413440,78577664,17,606,28032
2026-10-03T20:07:47.7177498Z,31140,chrome.exe,6.28125,44412928,14127104,23,411,28032
2026-10-03T20:07:47.7177498Z,18580,chrome.exe,0.09375,18464768,7970816,10,169,28032
2026-10-03T20:07:47.7177498Z,30988,chrome.exe,2.828125,78876672,35864576,25,326,28032
2026-10-03T20:07:47.7177498Z,21744,chrome.exe,22.8125,169820160,130547712,31,397,28032
2026-10-03T20:07:47.7177498Z,25516,chrome.exe,4.59375,23973888,8712192,10,265,28032
2026-10-03T20:07:47.7177498Z,30996,chrome.exe,1.140625,33255424,15589376,11,208,28032
2026-10-03T20:07:47.7177498Z,13488,powershell.exe,40.28125,101842944,82419712,12,641,9624
2026-10-03T20:07:49.3788192Z,32444,python.exe,0.015625,4317184,831488,1,60,31112
2026-10-03T20:07:49.3788192Z,27860,python.exe,11.046875,135360512,654278656,16,225,32444
2026-10-03T20:07:49.3788192Z,5492,sherpa-onnx-nemotron-worker.exe,340.1875,797462528,820981760,5,151,31000
2026-10-03T20:07:49.3788192Z,28032,chrome.exe,24.109375,189001728,74027008,47,1631,3080
2026-10-03T20:07:49.3788192Z,24628,chrome.exe,0.03125,10592256,2519040,8,172,28032
2026-10-03T20:07:49.3788192Z,28216,chrome.exe,5,100413440,78573568,17,606,28032
2026-10-03T20:07:49.3788192Z,31140,chrome.exe,6.28125,44412928,14127104,23,411,28032
2026-10-03T20:07:49.3788192Z,18580,chrome.exe,0.09375,18464768,7970816,10,169,28032
2026-10-03T20:07:49.3788192Z,30988,chrome.exe,2.828125,78876672,35864576,25,326,28032
2026-10-03T20:07:49.3788192Z,21744,chrome.exe,22.921875,170016768,130609152,31,397,28032
2026-10-03T20:07:49.3788192Z,25516,chrome.exe,4.625,23973888,8712192,10,265,28032
2026-10-03T20:07:49.3788192Z,30996,chrome.exe,1.140625,33255424,15589376,11,208,28032
2026-10-03T20:07:49.3788192Z,13488,powershell.exe,40.4375,101044224,81174528,12,645,9624
2026-10-03T20:07:50.9701566Z,32444,python.exe,0.015625,4317184,831488,1,60,31112
2026-10-03T20:07:50.9701566Z,27860,python.exe,11.046875,135360512,654278656,16,225,32444
2026-10-03T20:07:50.9701566Z,5492,sherpa-onnx-nemotron-worker.exe,340.1875,797462528,820981760,5,151,31000
2026-10-03T20:07:50.9701566Z,28032,chrome.exe,24.109375,188981248,74002432,47,1631,3080
2026-10-03T20:07:50.9701566Z,24628,chrome.exe,0.03125,10592256,2519040,8,172,28032
2026-10-03T20:07:50.9701566Z,28216,chrome.exe,5,100380672,78540800,17,606,28032
2026-10-03T20:07:50.9701566Z,31140,chrome.exe,6.296875,44412928,14127104,23,411,28032
2026-10-03T20:07:50.9701566Z,18580,chrome.exe,0.09375,18464768,7970816,10,169,28032
2026-10-03T20:07:50.9701566Z,30988,chrome.exe,2.828125,78876672,35864576,25,326,28032
2026-10-03T20:07:50.9701566Z,21744,chrome.exe,22.9375,170131456,130658304,31,397,28032
2026-10-03T20:07:50.9701566Z,25516,chrome.exe,4.65625,23961600,8699904,10,265,28032
2026-10-03T20:07:50.9701566Z,30996,chrome.exe,1.140625,33255424,15589376,11,208,28032
2026-10-03T20:07:50.9701566Z,13488,powershell.exe,40.578125,101322752,81739776,12,647,9624
2026-10-03T20:07:52.5779685Z,32444,python.exe,0.015625,4317184,831488,1,60,31112
2026-10-03T20:07:52.5779685Z,27860,python.exe,11.046875,135360512,654278656,16,225,32444
2026-10-03T20:07:52.5779685Z,5492,sherpa-onnx-nemotron-worker.exe,340.1875,797462528,820981760,5,151,31000
2026-10-03T20:07:52.5779685Z,28032,chrome.exe,24.109375,188981248,74002432,47,1631,3080
2026-10-03T20:07:52.5779685Z,24628,chrome.exe,0.03125,10592256,2519040,8,172,28032
2026-10-03T20:07:52.5779685Z,28216,chrome.exe,5,88334336,66420736,17,606,28032
2026-10-03T20:07:52.5779685Z,31140,chrome.exe,6.328125,44412928,14127104,23,411,28032
2026-10-03T20:07:52.5779685Z,18580,chrome.exe,0.09375,18464768,7970816,10,169,28032
2026-10-03T20:07:52.5779685Z,30988,chrome.exe,2.828125,78876672,35864576,25,326,28032
2026-10-03T20:07:52.5779685Z,21744,chrome.exe,22.96875,170246144,130965504,31,397,28032
2026-10-03T20:07:52.5779685Z,25516,chrome.exe,4.65625,23961600,8699904,10,265,28032
2026-10-03T20:07:52.5779685Z,30996,chrome.exe,1.140625,33255424,15589376,11,208,28032
2026-10-03T20:07:52.5779685Z,13488,powershell.exe,40.75,101986304,82628608,12,647,9624
2026-10-03T20:07:54.1827862Z,32444,python.exe,0.015625,4317184,831488,1,60,31112
2026-10-03T20:07:54.1827862Z,27860,python.exe,11.046875,135360512,654278656,16,225,32444
2026-10-03T20:07:54.1827862Z,5492,sherpa-onnx-nemotron-worker.exe,340.1875,797462528,820981760,5,151,31000
2026-10-03T20:07:54.1827862Z,28032,chrome.exe,24.109375,188981248,74002432,47,1631,3080
2026-10-03T20:07:54.1827862Z,24628,chrome.exe,0.03125,10592256,2519040,8,172,28032
2026-10-03T20:07:54.1827862Z,28216,chrome.exe,5.015625,88334336,66420736,17,606,28032
2026-10-03T20:07:54.1827862Z,31140,chrome.exe,6.34375,44412928,14127104,23,411,28032
2026-10-03T20:07:54.1827862Z,18580,chrome.exe,0.09375,18464768,7970816,10,169,28032
2026-10-03T20:07:54.1827862Z,30988,chrome.exe,2.828125,78876672,35864576,25,326,28032
2026-10-03T20:07:54.1827862Z,21744,chrome.exe,23.078125,170483712,131284992,31,397,28032
2026-10-03T20:07:54.1827862Z,25516,chrome.exe,4.671875,23961600,8699904,10,265,28032
2026-10-03T20:07:54.1827862Z,30996,chrome.exe,1.140625,33255424,15589376,11,208,28032
2026-10-03T20:07:54.1827862Z,13488,powershell.exe,40.921875,101081088,81223680,12,635,9624
2026-10-03T20:07:55.8009289Z,32444,python.exe,0.015625,4317184,831488,1,60,31112
2026-10-03T20:07:55.8009289Z,27860,python.exe,11.046875,135360512,654278656,16,225,32444
2026-10-03T20:07:55.8009289Z,5492,sherpa-onnx-nemotron-worker.exe,340.1875,797462528,820981760,5,151,31000
2026-10-03T20:07:55.8009289Z,28032,chrome.exe,24.140625,188985344,74006528,47,1631,3080
2026-10-03T20:07:55.8009289Z,24628,chrome.exe,0.03125,10592256,2519040,8,172,28032
2026-10-03T20:07:55.8009289Z,28216,chrome.exe,5.015625,88334336,66420736,17,606,28032
2026-10-03T20:07:55.8009289Z,31140,chrome.exe,6.359375,44412928,14127104,23,411,28032
2026-10-03T20:07:55.8009289Z,18580,chrome.exe,0.09375,18464768,7970816,10,169,28032
2026-10-03T20:07:55.8009289Z,30988,chrome.exe,2.828125,78876672,35864576,25,326,28032
2026-10-03T20:07:55.8009289Z,21744,chrome.exe,23.140625,170577920,131334144,31,397,28032
2026-10-03T20:07:55.8009289Z,25516,chrome.exe,4.671875,23961600,8699904,10,265,28032
2026-10-03T20:07:55.8009289Z,30996,chrome.exe,1.140625,33255424,15589376,11,208,28032
2026-10-03T20:07:55.8009289Z,13488,powershell.exe,41.171875,102211584,82825216,12,640,9624
2026-10-03T20:07:57.3614637Z,32444,python.exe,0.015625,4317184,831488,1,60,31112
2026-10-03T20:07:57.3614637Z,27860,python.exe,11.046875,135360512,654278656,16,225,32444
2026-10-03T20:07:57.3614637Z,5492,sherpa-onnx-nemotron-worker.exe,340.1875,797462528,820981760,5,151,31000
2026-10-03T20:07:57.3614637Z,28032,chrome.exe,24.140625,188985344,74006528,47,1631,3080
2026-10-03T20:07:57.3614637Z,24628,chrome.exe,0.03125,10592256,2519040,8,172,28032
2026-10-03T20:07:57.3614637Z,28216,chrome.exe,5.015625,88334336,66420736,17,606,28032
2026-10-03T20:07:57.3614637Z,31140,chrome.exe,6.359375,44412928,14127104,23,411,28032
2026-10-03T20:07:57.3614637Z,18580,chrome.exe,0.09375,18464768,7970816,10,169,28032
2026-10-03T20:07:57.3614637Z,30988,chrome.exe,2.828125,78876672,35864576,25,326,28032
2026-10-03T20:07:57.3614637Z,21744,chrome.exe,23.1875,170622976,131371008,31,397,28032
2026-10-03T20:07:57.3614637Z,25516,chrome.exe,4.671875,23965696,8704000,10,265,28032
2026-10-03T20:07:57.3614637Z,30996,chrome.exe,1.140625,33255424,15589376,11,208,28032
2026-10-03T20:07:57.3614637Z,13488,powershell.exe,41.359375,102281216,82825216,12,645,9624
2026-10-03T20:07:58.9809003Z,32444,python.exe,0.015625,4317184,831488,1,60,31112
2026-10-03T20:07:58.9809003Z,27860,python.exe,11.046875,135360512,654278656,16,225,32444
2026-10-03T20:07:58.9809003Z,5492,sherpa-onnx-nemotron-worker.exe,340.1875,797462528,820981760,5,151,31000
2026-10-03T20:07:58.9809003Z,28032,chrome.exe,24.15625,189009920,74018816,47,1631,3080
2026-10-03T20:07:58.9809003Z,24628,chrome.exe,0.03125,10592256,2519040,8,172,28032
2026-10-03T20:07:58.9809003Z,28216,chrome.exe,5.015625,88334336,66420736,17,606,28032
2026-10-03T20:07:58.9809003Z,31140,chrome.exe,6.375,44445696,14249984,23,411,28032
2026-10-03T20:07:58.9809003Z,18580,chrome.exe,0.09375,18464768,7970816,10,169,28032
2026-10-03T20:07:58.9809003Z,30988,chrome.exe,2.828125,78876672,35864576,25,326,28032
2026-10-03T20:07:58.9809003Z,21744,chrome.exe,23.21875,170655744,131403776,31,397,28032
2026-10-03T20:07:58.9809003Z,25516,chrome.exe,4.6875,23965696,8704000,10,265,28032
2026-10-03T20:07:58.9809003Z,30996,chrome.exe,1.140625,33255424,15589376,11,208,28032
2026-10-03T20:07:58.9809003Z,13488,powershell.exe,41.5,102498304,82829312,12,647,9624
2026-10-03T20:08:00.5534414Z,32444,python.exe,0.015625,4317184,831488,1,60,31112
2026-10-03T20:08:00.5534414Z,27860,python.exe,11.046875,135360512,654278656,16,225,32444
2026-10-03T20:08:00.5534414Z,5492,sherpa-onnx-nemotron-worker.exe,340.1875,797462528,820981760,5,151,31000
2026-10-03T20:08:00.5534414Z,28032,chrome.exe,24.15625,189009920,74018816,47,1631,3080
2026-10-03T20:08:00.5534414Z,24628,chrome.exe,0.03125,10592256,2519040,8,172,28032
2026-10-03T20:08:00.5534414Z,28216,chrome.exe,5.015625,94433280,72720384,17,609,28032
2026-10-03T20:08:00.5534414Z,31140,chrome.exe,6.375,44445696,14249984,23,411,28032
2026-10-03T20:08:00.5534414Z,18580,chrome.exe,0.09375,18464768,7970816,10,169,28032
2026-10-03T20:08:00.5534414Z,30988,chrome.exe,2.828125,78876672,35864576,25,326,28032
2026-10-03T20:08:00.5534414Z,21744,chrome.exe,24.09375,226713600,187768832,31,400,28032
2026-10-03T20:08:00.5534414Z,25516,chrome.exe,4.703125,23965696,8704000,10,265,28032
2026-10-03T20:08:00.5534414Z,30996,chrome.exe,1.140625,33255424,15589376,11,208,28032
2026-10-03T20:08:00.5534414Z,13488,powershell.exe,41.734375,102731776,82841600,12,647,9624
2026-10-03T20:08:02.2042885Z,32444,python.exe,0.015625,4317184,831488,1,60,31112
2026-10-03T20:08:02.2042885Z,27860,python.exe,11.046875,135360512,654278656,16,225,32444
2026-10-03T20:08:02.2042885Z,5492,sherpa-onnx-nemotron-worker.exe,340.1875,797462528,820981760,5,151,31000
2026-10-03T20:08:02.2042885Z,28032,chrome.exe,24.28125,189214720,74174464,47,1633,3080
2026-10-03T20:08:02.2042885Z,24628,chrome.exe,0.03125,10592256,2519040,8,172,28032
2026-10-03T20:08:02.2042885Z,28216,chrome.exe,5.28125,104914944,83849216,17,612,28032
2026-10-03T20:08:02.2042885Z,31140,chrome.exe,6.390625,44412928,14127104,23,411,28032
2026-10-03T20:08:02.2042885Z,18580,chrome.exe,0.09375,18464768,7970816,10,169,28032
2026-10-03T20:08:02.2042885Z,30988,chrome.exe,2.828125,78876672,35864576,25,326,28032
2026-10-03T20:08:02.2042885Z,21744,chrome.exe,24.109375,225644544,186699776,31,400,28032
2026-10-03T20:08:02.2042885Z,25516,chrome.exe,4.734375,23965696,8704000,10,265,28032
2026-10-03T20:08:02.2042885Z,30996,chrome.exe,1.140625,33255424,15589376,11,208,28032
2026-10-03T20:08:02.2042885Z,13488,powershell.exe,41.890625,101691392,82087936,12,635,9624
2026-10-03T20:08:03.7954539Z,32444,python.exe,0.015625,4317184,831488,1,60,31112
2026-10-03T20:08:03.7954539Z,27860,python.exe,11.046875,135360512,654278656,16,225,32444
2026-10-03T20:08:03.7954539Z,5492,sherpa-onnx-nemotron-worker.exe,340.1875,797462528,820981760,5,151,31000
2026-10-03T20:08:03.7954539Z,28032,chrome.exe,24.359375,189198336,74174464,47,1630,3080
2026-10-03T20:08:03.7954539Z,24628,chrome.exe,0.03125,10592256,2519040,8,172,28032
2026-10-03T20:08:03.7954539Z,28216,chrome.exe,5.3125,104845312,83845120,17,606,28032
2026-10-03T20:08:03.7954539Z,31140,chrome.exe,6.40625,44412928,14127104,23,411,28032
2026-10-03T20:08:03.7954539Z,18580,chrome.exe,0.09375,18464768,7970816,10,169,28032
2026-10-03T20:08:03.7954539Z,30988,chrome.exe,2.828125,78876672,35864576,25,326,28032
2026-10-03T20:08:03.7954539Z,21744,chrome.exe,24.171875,224567296,185659392,31,397,28032
2026-10-03T20:08:03.7954539Z,25516,chrome.exe,4.78125,23965696,8704000,10,265,28032
2026-10-03T20:08:03.7954539Z,30996,chrome.exe,1.140625,33255424,15589376,11,208,28032
2026-10-03T20:08:03.7954539Z,13488,powershell.exe,42.109375,101593088,81666048,12,640,9624
2026-10-03T20:08:05.4150877Z,32444,python.exe,0.015625,4317184,831488,1,60,31112
2026-10-03T20:08:05.4150877Z,27860,python.exe,11.046875,135360512,654278656,16,225,32444
2026-10-03T20:08:05.4150877Z,5492,sherpa-onnx-nemotron-worker.exe,340.1875,797462528,820981760,5,151,31000
2026-10-03T20:08:05.4150877Z,28032,chrome.exe,24.40625,191930368,76640256,47,1630,3080
2026-10-03T20:08:05.4150877Z,24628,chrome.exe,0.03125,10592256,2519040,8,172,28032
2026-10-03T20:08:05.4150877Z,28216,chrome.exe,5.328125,105234432,83460096,18,612,28032
2026-10-03T20:08:05.4150877Z,31140,chrome.exe,6.421875,44761088,14270464,24,417,28032
2026-10-03T20:08:05.4150877Z,18580,chrome.exe,0.109375,18989056,8134656,11,175,28032
2026-10-03T20:08:05.4150877Z,30988,chrome.exe,2.84375,79536128,36241408,26,332,28032
2026-10-03T20:08:05.4150877Z,21744,chrome.exe,24.25,223956992,185094144,31,397,28032
2026-10-03T20:08:05.4150877Z,25516,chrome.exe,4.796875,24420352,8835072,11,271,28032
2026-10-03T20:08:05.4150877Z,30996,chrome.exe,1.15625,33771520,15765504,12,214,28032
2026-10-03T20:08:05.4150877Z,13488,powershell.exe,42.328125,102342656,82788352,12,644,9624
2026-10-03T20:08:07.0651682Z,32444,python.exe,0.015625,4317184,831488,1,60,31112
2026-10-03T20:08:07.0651682Z,27860,python.exe,11.046875,135360512,654278656,16,225,32444
2026-10-03T20:08:07.0651682Z,5492,sherpa-onnx-nemotron-worker.exe,340.1875,797462528,820981760,5,151,31000
2026-10-03T20:08:07.0651682Z,28032,chrome.exe,24.40625,189894656,74645504,47,1630,3080
2026-10-03T20:08:07.0651682Z,24628,chrome.exe,0.03125,10592256,2519040,8,172,28032
2026-10-03T20:08:07.0651682Z,28216,chrome.exe,5.328125,104984576,83066880,18,612,28032
2026-10-03T20:08:07.0651682Z,31140,chrome.exe,6.453125,44658688,14188544,24,418,28032
2026-10-03T20:08:07.0651682Z,18580,chrome.exe,0.109375,18935808,8077312,11,175,28032
2026-10-03T20:08:07.0651682Z,30988,chrome.exe,2.84375,79536128,36241408,26,332,28032
2026-10-03T20:08:07.0651682Z,21744,chrome.exe,24.265625,223961088,185094144,31,397,28032
2026-10-03T20:08:07.0651682Z,25516,chrome.exe,4.796875,24383488,8798208,11,271,28032
2026-10-03T20:08:07.0651682Z,30996,chrome.exe,1.15625,33771520,15765504,12,214,28032
2026-10-03T20:08:07.0651682Z,13488,powershell.exe,42.546875,102232064,82743296,12,647,9624
2026-10-03T20:08:08.6852252Z,32444,python.exe,0.015625,4317184,831488,1,60,31112
2026-10-03T20:08:08.6852252Z,27860,python.exe,11.046875,135360512,654278656,16,225,32444
2026-10-03T20:08:08.6852252Z,5492,sherpa-onnx-nemotron-worker.exe,342.875,797462528,820981760,5,151,31000
2026-10-03T20:08:08.6852252Z,28032,chrome.exe,24.40625,189923328,74674176,47,1630,3080
2026-10-03T20:08:08.6852252Z,24628,chrome.exe,0.03125,10592256,2519040,8,172,28032
2026-10-03T20:08:08.6852252Z,28216,chrome.exe,5.328125,104984576,83062784,18,612,28032
2026-10-03T20:08:08.6852252Z,31140,chrome.exe,6.46875,44670976,14196736,24,417,28032
2026-10-03T20:08:08.6852252Z,18580,chrome.exe,0.109375,18935808,8077312,11,175,28032
2026-10-03T20:08:08.6852252Z,30988,chrome.exe,2.84375,79536128,36241408,26,332,28032
2026-10-03T20:08:08.6852252Z,21744,chrome.exe,24.40625,181633024,142368768,31,397,28032
2026-10-03T20:08:08.6852252Z,25516,chrome.exe,4.796875,24383488,8798208,11,271,28032
2026-10-03T20:08:08.6852252Z,30996,chrome.exe,1.15625,33771520,15765504,12,214,28032
2026-10-03T20:08:08.6852252Z,13488,powershell.exe,42.71875,102330368,82780160,12,647,9624
2026-10-03T20:08:10.2394996Z,32444,python.exe,0.015625,4317184,831488,1,60,31112
2026-10-03T20:08:10.2394996Z,27860,python.exe,11.40625,135364608,654278656,16,225,32444
2026-10-03T20:08:10.2394996Z,5492,sherpa-onnx-nemotron-worker.exe,347.34375,797982720,821506048,5,151,31000
2026-10-03T20:08:10.2394996Z,28032,chrome.exe,24.40625,189894656,74645504,47,1630,3080
2026-10-03T20:08:10.2394996Z,24628,chrome.exe,0.03125,10592256,2519040,8,172,28032
2026-10-03T20:08:10.2394996Z,28216,chrome.exe,5.328125,104980480,83058688,18,612,28032
2026-10-03T20:08:10.2394996Z,31140,chrome.exe,6.46875,44666880,14196736,24,414,28032
2026-10-03T20:08:10.2394996Z,18580,chrome.exe,0.109375,18935808,8077312,11,175,28032
2026-10-03T20:08:10.2394996Z,30988,chrome.exe,2.84375,79536128,36241408,26,332,28032
2026-10-03T20:08:10.2394996Z,21744,chrome.exe,24.578125,181534720,142221312,31,397,28032
2026-10-03T20:08:10.2394996Z,25516,chrome.exe,4.828125,24383488,8798208,11,271,28032
2026-10-03T20:08:10.2394996Z,30996,chrome.exe,1.15625,33771520,15765504,12,214,28032
2026-10-03T20:08:10.2394996Z,13488,powershell.exe,42.90625,102924288,83111936,12,635,9624
2026-10-03T20:08:11.8314849Z,32444,python.exe,0.015625,4317184,831488,1,60,31112
2026-10-03T20:08:11.8314849Z,27860,python.exe,11.40625,135364608,654278656,16,225,32444
2026-10-03T20:08:11.8314849Z,5492,sherpa-onnx-nemotron-worker.exe,353.6875,797982720,821506048,5,151,31000
2026-10-03T20:08:11.8314849Z,28032,chrome.exe,24.40625,190173184,75018240,47,1630,3080
2026-10-03T20:08:11.8314849Z,24628,chrome.exe,0.03125,10592256,2519040,8,172,28032
2026-10-03T20:08:11.8314849Z,28216,chrome.exe,5.328125,92016640,69902336,18,612,28032
2026-10-03T20:08:11.8314849Z,31140,chrome.exe,6.46875,44666880,14196736,24,414,28032
2026-10-03T20:08:11.8314849Z,18580,chrome.exe,0.109375,18935808,8077312,11,175,28032
2026-10-03T20:08:11.8314849Z,30988,chrome.exe,2.84375,79536128,36241408,26,332,28032
2026-10-03T20:08:11.8314849Z,21744,chrome.exe,24.65625,179609600,140161024,31,397,28032
2026-10-03T20:08:11.8314849Z,25516,chrome.exe,4.875,24383488,8798208,11,271,28032
2026-10-03T20:08:11.8314849Z,30996,chrome.exe,1.15625,33771520,15765504,12,214,28032
2026-10-03T20:08:11.8314849Z,13488,powershell.exe,43.1875,101642240,82083840,12,640,9624
2026-10-03T20:08:13.5254607Z,32444,python.exe,0.015625,4317184,831488,1,60,31112
2026-10-03T20:08:13.5254607Z,27860,python.exe,11.421875,135364608,654278656,16,225,32444
2026-10-03T20:08:13.5254607Z,5492,sherpa-onnx-nemotron-worker.exe,360.203125,797982720,821506048,5,151,31000
2026-10-03T20:08:13.5254607Z,28032,chrome.exe,24.40625,190173184,75018240,47,1630,3080
2026-10-03T20:08:13.5254607Z,24628,chrome.exe,0.03125,10592256,2519040,8,172,28032
2026-10-03T20:08:13.5254607Z,28216,chrome.exe,5.328125,92016640,69902336,18,612,28032
2026-10-03T20:08:13.5254607Z,31140,chrome.exe,6.46875,44666880,14196736,24,414,28032
2026-10-03T20:08:13.5254607Z,18580,chrome.exe,0.109375,18935808,8077312,11,175,28032
2026-10-03T20:08:13.5254607Z,30988,chrome.exe,2.84375,79532032,36241408,26,332,28032
2026-10-03T20:08:13.5254607Z,21744,chrome.exe,24.71875,179609600,140161024,31,397,28032
2026-10-03T20:08:13.5254607Z,25516,chrome.exe,4.90625,24383488,8798208,11,271,28032
2026-10-03T20:08:13.5254607Z,30996,chrome.exe,1.15625,33771520,15765504,12,214,28032
2026-10-03T20:08:13.5254607Z,13488,powershell.exe,43.5,102326272,83079168,12,644,9624
2026-10-03T20:08:15.2111286Z,32444,python.exe,0.015625,4317184,831488,1,60,31112
2026-10-03T20:08:15.2111286Z,27860,python.exe,11.421875,135364608,654278656,16,225,32444
2026-10-03T20:08:15.2111286Z,5492,sherpa-onnx-nemotron-worker.exe,366.390625,797982720,821506048,5,151,31000
2026-10-03T20:08:15.2111286Z,28032,chrome.exe,24.4375,189878272,74600448,46,1626,3080
2026-10-03T20:08:15.2111286Z,24628,chrome.exe,0.03125,10592256,2519040,8,172,28032
2026-10-03T20:08:15.2111286Z,28216,chrome.exe,5.328125,92016640,69902336,18,612,28032
2026-10-03T20:08:15.2111286Z,31140,chrome.exe,6.46875,44646400,14147584,23,408,28032
2026-10-03T20:08:15.2111286Z,18580,chrome.exe,0.109375,18935808,8077312,11,175,28032
2026-10-03T20:08:15.2111286Z,30988,chrome.exe,2.84375,79532032,36241408,26,332,28032
2026-10-03T20:08:15.2111286Z,21744,chrome.exe,24.78125,179609600,140161024,31,397,28032
2026-10-03T20:08:15.2111286Z,25516,chrome.exe,4.96875,24383488,8798208,11,271,28032
2026-10-03T20:08:15.2111286Z,30996,chrome.exe,1.15625,33771520,15765504,12,214,28032
2026-10-03T20:08:15.2111286Z,13488,powershell.exe,43.65625,102170624,82661376,12,647,9624
2026-10-03T20:08:16.8202483Z,32444,python.exe,0.015625,4317184,831488,1,60,31112
2026-10-03T20:08:16.8202483Z,27860,python.exe,11.421875,135364608,654278656,16,225,32444
2026-10-03T20:08:16.8202483Z,5492,sherpa-onnx-nemotron-worker.exe,366.875,797982720,821506048,5,151,31000
2026-10-03T20:08:16.8202483Z,28032,chrome.exe,24.453125,189878272,74600448,46,1626,3080
2026-10-03T20:08:16.8202483Z,24628,chrome.exe,0.03125,10592256,2519040,8,172,28032
2026-10-03T20:08:16.8202483Z,28216,chrome.exe,5.328125,92016640,69902336,18,612,28032
2026-10-03T20:08:16.8202483Z,31140,chrome.exe,6.484375,44646400,14147584,23,408,28032
2026-10-03T20:08:16.8202483Z,18580,chrome.exe,0.109375,18935808,8077312,11,175,28032
2026-10-03T20:08:16.8202483Z,30988,chrome.exe,2.84375,79532032,36241408,26,332,28032
2026-10-03T20:08:16.8202483Z,21744,chrome.exe,24.84375,179675136,140161024,31,397,28032
2026-10-03T20:08:16.8202483Z,25516,chrome.exe,4.96875,24383488,8798208,11,271,28032
2026-10-03T20:08:16.8202483Z,30996,chrome.exe,1.15625,33771520,15765504,12,214,28032
2026-10-03T20:08:16.8202483Z,13488,powershell.exe,43.9375,102498304,82661376,12,647,9624
2026-10-03T20:08:18.5018930Z,32444,python.exe,0.015625,4317184,831488,1,60,31112
2026-10-03T20:08:18.5018930Z,27860,python.exe,11.421875,135364608,654278656,16,225,32444
2026-10-03T20:08:18.5018930Z,5492,sherpa-onnx-nemotron-worker.exe,366.875,797982720,821506048,5,151,31000
2026-10-03T20:08:18.5018930Z,28032,chrome.exe,24.515625,189915136,74620928,46,1630,3080
2026-10-03T20:08:18.5018930Z,24628,chrome.exe,0.03125,10592256,2519040,8,172,28032
2026-10-03T20:08:18.5018930Z,28216,chrome.exe,5.375,101552128,80039936,18,615,28032
2026-10-03T20:08:18.5018930Z,31140,chrome.exe,6.5,44646400,14147584,23,408,28032
2026-10-03T20:08:18.5018930Z,18580,chrome.exe,0.109375,18935808,8077312,11,175,28032
2026-10-03T20:08:18.5018930Z,30988,chrome.exe,2.84375,79532032,36241408,26,332,28032
2026-10-03T20:08:18.5018930Z,21744,chrome.exe,24.890625,180314112,140877824,31,397,28032
2026-10-03T20:08:18.5018930Z,25516,chrome.exe,4.96875,24383488,8798208,11,271,28032
2026-10-03T20:08:18.5018930Z,30996,chrome.exe,1.15625,33771520,15765504,12,214,28032
2026-10-03T20:08:18.5018930Z,13488,powershell.exe,44.203125,102780928,83107840,12,647,9624
2026-10-03T20:08:20.2141365Z,32444,python.exe,0.015625,4317184,831488,1,60,31112
2026-10-03T20:08:20.2141365Z,27860,python.exe,11.421875,135364608,654278656,16,225,32444
2026-10-03T20:08:20.2141365Z,5492,sherpa-onnx-nemotron-worker.exe,366.875,797982720,821506048,5,151,31000
2026-10-03T20:08:20.2141365Z,28032,chrome.exe,24.53125,189890560,74612736,46,1627,3080
2026-10-03T20:08:20.2141365Z,24628,chrome.exe,0.03125,10592256,2519040,8,172,28032
2026-10-03T20:08:20.2141365Z,28216,chrome.exe,5.375,101527552,80035840,18,612,28032
2026-10-03T20:08:20.2141365Z,31140,chrome.exe,6.5,44646400,14147584,23,408,28032
2026-10-03T20:08:20.2141365Z,18580,chrome.exe,0.109375,18935808,8077312,11,175,28032
2026-10-03T20:08:20.2141365Z,30988,chrome.exe,2.84375,79532032,36241408,26,332,28032
2026-10-03T20:08:20.2141365Z,21744,chrome.exe,24.96875,180547584,140984320,31,397,28032
2026-10-03T20:08:20.2141365Z,25516,chrome.exe,4.984375,24383488,8798208,11,271,28032
2026-10-03T20:08:20.2141365Z,30996,chrome.exe,1.15625,33771520,15765504,12,214,28032
2026-10-03T20:08:20.2141365Z,13488,powershell.exe,44.484375,102518784,82644992,12,639,9624
2026-10-03T20:08:21.9248314Z,32444,python.exe,0.015625,4317184,831488,1,60,31112
2026-10-03T20:08:21.9248314Z,27860,python.exe,11.421875,135364608,654278656,16,225,32444
2026-10-03T20:08:21.9248314Z,5492,sherpa-onnx-nemotron-worker.exe,366.875,797982720,821506048,5,151,31000
2026-10-03T20:08:21.9248314Z,28032,chrome.exe,24.53125,189865984,74588160,46,1627,3080
2026-10-03T20:08:21.9248314Z,24628,chrome.exe,0.03125,10592256,2519040,8,172,28032
2026-10-03T20:08:21.9248314Z,28216,chrome.exe,5.375,101527552,79921152,18,612,28032
2026-10-03T20:08:21.9248314Z,31140,chrome.exe,6.515625,44646400,14147584,23,408,28032
2026-10-03T20:08:21.9248314Z,18580,chrome.exe,0.109375,18935808,8077312,11,175,28032
2026-10-03T20:08:21.9248314Z,30988,chrome.exe,2.84375,79532032,36241408,26,332,28032
2026-10-03T20:08:21.9248314Z,21744,chrome.exe,25.03125,180633600,141291520,31,397,28032
2026-10-03T20:08:21.9248314Z,25516,chrome.exe,4.984375,24387584,8802304,11,271,28032
2026-10-03T20:08:21.9248314Z,30996,chrome.exe,1.15625,33771520,15765504,12,214,28032
2026-10-03T20:08:21.9248314Z,13488,powershell.exe,44.671875,101511168,81539072,12,644,9624
2026-10-03T20:08:23.5310624Z,32444,python.exe,0.015625,4317184,831488,1,60,31112
2026-10-03T20:08:23.5310624Z,27860,python.exe,11.421875,135364608,654278656,16,225,32444
2026-10-03T20:08:23.5310624Z,5492,sherpa-onnx-nemotron-worker.exe,366.875,797982720,821506048,5,151,31000
2026-10-03T20:08:23.5310624Z,28032,chrome.exe,24.53125,189865984,74588160,46,1627,3080
2026-10-03T20:08:23.5310624Z,24628,chrome.exe,0.03125,10592256,2519040,8,172,28032
2026-10-03T20:08:23.5310624Z,28216,chrome.exe,5.375,101498880,79343616,18,612,28032
2026-10-03T20:08:23.5310624Z,31140,chrome.exe,6.53125,44646400,14147584,23,408,28032
2026-10-03T20:08:23.5310624Z,18580,chrome.exe,0.109375,18935808,8077312,11,175,28032
2026-10-03T20:08:23.5310624Z,30988,chrome.exe,2.84375,79532032,36241408,26,332,28032
2026-10-03T20:08:23.5310624Z,21744,chrome.exe,25.0625,181030912,141492224,31,397,28032
2026-10-03T20:08:23.5310624Z,25516,chrome.exe,5,24387584,8802304,11,271,28032
2026-10-03T20:08:23.5310624Z,30996,chrome.exe,1.15625,33771520,15765504,12,214,28032
2026-10-03T20:08:23.5310624Z,13488,powershell.exe,44.859375,102260736,83038208,12,647,9624
2026-10-03T20:08:25.1366173Z,32444,python.exe,0.015625,4317184,831488,1,60,31112
2026-10-03T20:08:25.1366173Z,27860,python.exe,11.421875,135364608,654278656,16,225,32444
2026-10-03T20:08:25.1366173Z,5492,sherpa-onnx-nemotron-worker.exe,366.875,797982720,821506048,5,151,31000
2026-10-03T20:08:25.1366173Z,28032,chrome.exe,24.59375,189902848,74661888,47,1632,3080
2026-10-03T20:08:25.1366173Z,24628,chrome.exe,0.03125,10592256,2519040,8,172,28032
2026-10-03T20:08:25.1366173Z,28216,chrome.exe,5.375,99794944,77582336,18,612,28032
2026-10-03T20:08:25.1366173Z,31140,chrome.exe,6.546875,44683264,14270464,23,408,28032
2026-10-03T20:08:25.1366173Z,18580,chrome.exe,0.109375,18939904,8081408,11,175,28032
2026-10-03T20:08:25.1366173Z,30988,chrome.exe,2.84375,79532032,36241408,26,332,28032
2026-10-03T20:08:25.1366173Z,21744,chrome.exe,25.140625,181137408,141533184,31,397,28032
2026-10-03T20:08:25.1366173Z,25516,chrome.exe,5,24387584,8802304,11,271,28032
2026-10-03T20:08:25.1366173Z,30996,chrome.exe,1.15625,33771520,15765504,12,214,28032
2026-10-03T20:08:25.1366173Z,13488,powershell.exe,45.046875,102486016,83066880,12,647,9624
2026-10-03T20:08:26.7272008Z,32444,python.exe,0.015625,4317184,831488,1,60,31112
2026-10-03T20:08:26.7272008Z,27860,python.exe,11.421875,135364608,654278656,16,225,32444
2026-10-03T20:08:26.7272008Z,5492,sherpa-onnx-nemotron-worker.exe,366.875,797982720,821506048,5,151,31000
2026-10-03T20:08:26.7272008Z,28032,chrome.exe,24.609375,189841408,74600448,47,1627,3080
2026-10-03T20:08:26.7272008Z,24628,chrome.exe,0.03125,10592256,2519040,8,172,28032
2026-10-03T20:08:26.7272008Z,28216,chrome.exe,5.375,88621056,66342912,18,612,28032
2026-10-03T20:08:26.7272008Z,31140,chrome.exe,6.5625,44646400,14147584,23,408,28032
2026-10-03T20:08:26.7272008Z,18580,chrome.exe,0.109375,18939904,8081408,11,175,28032
2026-10-03T20:08:26.7272008Z,30988,chrome.exe,2.84375,79532032,36241408,26,332,28032
2026-10-03T20:08:26.7272008Z,21744,chrome.exe,25.21875,181297152,141979648,31,397,28032
2026-10-03T20:08:26.7272008Z,25516,chrome.exe,5,24391680,8806400,11,271,28032
2026-10-03T20:08:26.7272008Z,30996,chrome.exe,1.15625,33771520,15765504,12,214,28032
2026-10-03T20:08:26.7272008Z,13488,powershell.exe,45.28125,102600704,83095552,12,647,9624
2026-10-03T20:08:28.3439181Z,32444,python.exe,0.015625,4317184,831488,1,60,31112
2026-10-03T20:08:28.3439181Z,27860,python.exe,11.421875,135364608,654278656,16,225,32444
2026-10-03T20:08:28.3439181Z,5492,sherpa-onnx-nemotron-worker.exe,366.875,797982720,821506048,5,151,31000
2026-10-03T20:08:28.3439181Z,28032,chrome.exe,24.609375,189841408,74600448,47,1627,3080
2026-10-03T20:08:28.3439181Z,24628,chrome.exe,0.03125,10592256,2519040,8,172,28032
2026-10-03T20:08:28.3439181Z,28216,chrome.exe,5.375,88621056,66342912,18,612,28032
2026-10-03T20:08:28.3439181Z,31140,chrome.exe,6.5625,44646400,14147584,23,408,28032
2026-10-03T20:08:28.3439181Z,18580,chrome.exe,0.109375,18939904,8081408,11,175,28032
2026-10-03T20:08:28.3439181Z,30988,chrome.exe,2.84375,79532032,36241408,26,332,28032
2026-10-03T20:08:28.3439181Z,21744,chrome.exe,25.328125,181542912,142286848,31,397,28032
2026-10-03T20:08:28.3439181Z,25516,chrome.exe,5.015625,24391680,8806400,11,271,28032
2026-10-03T20:08:28.3439181Z,30996,chrome.exe,1.15625,33771520,15765504,12,214,28032
2026-10-03T20:08:28.3439181Z,13488,powershell.exe,45.46875,101482496,81444864,12,639,9624
2026-10-03T20:08:29.9792015Z,32444,python.exe,0.015625,4317184,831488,1,60,31112
2026-10-03T20:08:29.9792015Z,27860,python.exe,11.421875,135364608,654278656,16,225,32444
2026-10-03T20:08:29.9792015Z,5492,sherpa-onnx-nemotron-worker.exe,366.875,797982720,821506048,5,151,31000
2026-10-03T20:08:29.9792015Z,28032,chrome.exe,24.625,189841408,74600448,47,1627,3080
2026-10-03T20:08:29.9792015Z,24628,chrome.exe,0.03125,10592256,2519040,8,172,28032
2026-10-03T20:08:29.9792015Z,28216,chrome.exe,5.375,88621056,66342912,18,612,28032
2026-10-03T20:08:29.9792015Z,31140,chrome.exe,6.5625,44646400,14147584,23,408,28032
2026-10-03T20:08:29.9792015Z,18580,chrome.exe,0.109375,18939904,8081408,11,175,28032
2026-10-03T20:08:29.9792015Z,30988,chrome.exe,2.84375,79532032,36241408,26,332,28032
2026-10-03T20:08:29.9792015Z,21744,chrome.exe,25.40625,181727232,142618624,31,397,28032
2026-10-03T20:08:29.9792015Z,25516,chrome.exe,5.015625,24395776,8810496,11,271,28032
2026-10-03T20:08:29.9792015Z,30996,chrome.exe,1.15625,33771520,15765504,12,214,28032
2026-10-03T20:08:29.9792015Z,13488,powershell.exe,45.65625,102334464,82497536,12,644,9624
2026-10-03T20:08:31.5814835Z,32444,python.exe,0.015625,4317184,831488,1,60,31112
2026-10-03T20:08:31.5814835Z,27860,python.exe,11.421875,135364608,654278656,16,225,32444
2026-10-03T20:08:31.5814835Z,5492,sherpa-onnx-nemotron-worker.exe,366.875,797982720,821506048,5,151,31000
2026-10-03T20:08:31.5814835Z,28032,chrome.exe,24.625,189841408,74600448,47,1627,3080
2026-10-03T20:08:31.5814835Z,24628,chrome.exe,0.03125,10592256,2519040,8,172,28032
2026-10-03T20:08:31.5814835Z,28216,chrome.exe,5.375,88621056,66342912,18,612,28032
2026-10-03T20:08:31.5814835Z,31140,chrome.exe,6.578125,44646400,14147584,23,408,28032
2026-10-03T20:08:31.5814835Z,18580,chrome.exe,0.109375,18939904,8081408,11,175,28032
2026-10-03T20:08:31.5814835Z,30988,chrome.exe,2.84375,79532032,36241408,26,332,28032
2026-10-03T20:08:31.5814835Z,21744,chrome.exe,25.46875,181866496,142712832,31,397,28032
2026-10-03T20:08:31.5814835Z,25516,chrome.exe,5.046875,24395776,8810496,11,271,28032
2026-10-03T20:08:31.5814835Z,30996,chrome.exe,1.15625,33771520,15765504,12,214,28032
2026-10-03T20:08:31.5814835Z,13488,powershell.exe,45.84375,101527552,81489920,12,647,9624
2026-10-03T20:08:33.1883241Z,32444,python.exe,0.015625,4317184,831488,1,60,31112
2026-10-03T20:08:33.1883241Z,27860,python.exe,11.421875,135364608,654278656,16,225,32444
2026-10-03T20:08:33.1883241Z,5492,sherpa-onnx-nemotron-worker.exe,366.875,797982720,821506048,5,151,31000
2026-10-03T20:08:33.1883241Z,28032,chrome.exe,24.625,189841408,74600448,47,1627,3080
2026-10-03T20:08:33.1883241Z,24628,chrome.exe,0.03125,10592256,2519040,8,172,28032
2026-10-03T20:08:33.1883241Z,28216,chrome.exe,5.375,88621056,66342912,18,612,28032
2026-10-03T20:08:33.1883241Z,31140,chrome.exe,6.578125,44646400,14147584,23,408,28032
2026-10-03T20:08:33.1883241Z,18580,chrome.exe,0.109375,18939904,8081408,11,175,28032
2026-10-03T20:08:33.1883241Z,30988,chrome.exe,2.84375,79532032,36241408,26,332,28032
2026-10-03T20:08:33.1883241Z,21744,chrome.exe,25.515625,181870592,142716928,31,397,28032
2026-10-03T20:08:33.1883241Z,25516,chrome.exe,5.046875,24395776,8810496,11,271,28032
2026-10-03T20:08:33.1883241Z,30996,chrome.exe,1.15625,33771520,15765504,12,214,28032
2026-10-03T20:08:33.1883241Z,13488,powershell.exe,46.046875,102068224,82313216,12,647,9624
2026-10-03T20:08:34.8281264Z,32444,python.exe,0.015625,4317184,831488,1,60,31112
2026-10-03T20:08:34.8281264Z,27860,python.exe,11.421875,135364608,654278656,16,225,32444
2026-10-03T20:08:34.8281264Z,5492,sherpa-onnx-nemotron-worker.exe,366.875,797982720,821506048,5,151,31000
2026-10-03T20:08:34.8281264Z,28032,chrome.exe,24.65625,189865984,74625024,47,1627,3080
2026-10-03T20:08:34.8281264Z,24628,chrome.exe,0.03125,10592256,2519040,8,172,28032
2026-10-03T20:08:34.8281264Z,28216,chrome.exe,5.375,95551488,73494528,18,615,28032
2026-10-03T20:08:34.8281264Z,31140,chrome.exe,6.578125,44646400,14147584,23,408,28032
2026-10-03T20:08:34.8281264Z,18580,chrome.exe,0.109375,18939904,8081408,11,175,28032
2026-10-03T20:08:34.8281264Z,30988,chrome.exe,2.84375,79532032,36241408,26,332,28032
2026-10-03T20:08:34.8281264Z,21744,chrome.exe,26.15625,244105216,204955648,31,400,28032
2026-10-03T20:08:34.8281264Z,25516,chrome.exe,5.078125,24395776,8810496,11,271,28032
2026-10-03T20:08:34.8281264Z,30996,chrome.exe,1.15625,33771520,15765504,12,214,28032
2026-10-03T20:08:34.8281264Z,13488,powershell.exe,46.1875,102563840,83034112,12,647,9624
2026-10-03T20:08:36.4192882Z,32444,python.exe,0.015625,4317184,831488,1,60,31112
2026-10-03T20:08:36.4192882Z,27860,python.exe,11.421875,135364608,654278656,16,225,32444
2026-10-03T20:08:36.4192882Z,5492,sherpa-onnx-nemotron-worker.exe,366.875,797982720,821506048,5,151,31000
2026-10-03T20:08:36.4192882Z,28032,chrome.exe,24.734375,190152704,74862592,47,1629,3080
2026-10-03T20:08:36.4192882Z,24628,chrome.exe,0.03125,10592256,2519040,8,172,28032
2026-10-03T20:08:36.4192882Z,28216,chrome.exe,5.5,105017344,83562496,18,615,28032
2026-10-03T20:08:36.4192882Z,31140,chrome.exe,6.578125,44646400,14147584,23,408,28032
2026-10-03T20:08:36.4192882Z,18580,chrome.exe,0.109375,18939904,8081408,11,175,28032
2026-10-03T20:08:36.4192882Z,30988,chrome.exe,2.84375,79532032,36241408,26,332,28032
2026-10-03T20:08:36.4192882Z,21744,chrome.exe,26.171875,240926720,201728000,31,397,28032
2026-10-03T20:08:36.4192882Z,25516,chrome.exe,5.109375,24395776,8810496,11,271,28032
2026-10-03T20:08:36.4192882Z,30996,chrome.exe,1.15625,33771520,15765504,12,214,28032
2026-10-03T20:08:36.4192882Z,13488,powershell.exe,46.359375,102170624,82325504,12,639,9624
2026-10-03T20:08:38.0883207Z,32444,python.exe,0.015625,4317184,831488,1,60,31112
2026-10-03T20:08:38.0883207Z,27860,python.exe,11.421875,135364608,654278656,16,225,32444
2026-10-03T20:08:38.0883207Z,5492,sherpa-onnx-nemotron-worker.exe,366.875,797982720,821506048,5,151,31000
2026-10-03T20:08:38.0883207Z,28032,chrome.exe,24.84375,189865984,74600448,47,1629,3080
2026-10-03T20:08:38.0883207Z,24628,chrome.exe,0.03125,10592256,2519040,8,172,28032
2026-10-03T20:08:38.0883207Z,28216,chrome.exe,5.609375,104935424,82989056,18,615,28032
2026-10-03T20:08:38.0883207Z,31140,chrome.exe,6.609375,44646400,14147584,23,408,28032
2026-10-03T20:08:38.0883207Z,18580,chrome.exe,0.109375,18939904,8081408,11,175,28032
2026-10-03T20:08:38.0883207Z,30988,chrome.exe,2.84375,79532032,36241408,26,332,28032
2026-10-03T20:08:38.0883207Z,21744,chrome.exe,26.21875,240926720,201728000,31,397,28032
2026-10-03T20:08:38.0883207Z,25516,chrome.exe,5.125,24395776,8810496,11,271,28032
2026-10-03T20:08:38.0883207Z,30996,chrome.exe,1.15625,33771520,15765504,12,214,28032
2026-10-03T20:08:38.0883207Z,13488,powershell.exe,46.609375,101429248,81530880,12,644,9624
2026-10-03T20:08:39.6949182Z,32444,python.exe,0.015625,4317184,831488,1,60,31112
2026-10-03T20:08:39.6949182Z,27860,python.exe,11.421875,135364608,654278656,16,225,32444
2026-10-03T20:08:39.6949182Z,5492,sherpa-onnx-nemotron-worker.exe,366.875,797982720,821506048,5,151,31000
2026-10-03T20:08:39.6949182Z,28032,chrome.exe,24.84375,189837312,74596352,47,1626,3080
2026-10-03T20:08:39.6949182Z,24628,chrome.exe,0.03125,10592256,2519040,8,172,28032
2026-10-03T20:08:39.6949182Z,28216,chrome.exe,5.609375,104906752,82980864,18,612,28032
2026-10-03T20:08:39.6949182Z,31140,chrome.exe,6.640625,44646400,14147584,23,408,28032
2026-10-03T20:08:39.6949182Z,18580,chrome.exe,0.109375,18939904,8081408,11,175,28032
2026-10-03T20:08:39.6949182Z,30988,chrome.exe,2.84375,79532032,36241408,26,332,28032
2026-10-03T20:08:39.6949182Z,21744,chrome.exe,26.3125,240926720,201728000,31,397,28032
2026-10-03T20:08:39.6949182Z,25516,chrome.exe,5.140625,24395776,8810496,11,271,28032
2026-10-03T20:08:39.6949182Z,30996,chrome.exe,1.15625,33771520,15765504,12,214,28032
2026-10-03T20:08:39.6949182Z,13488,powershell.exe,46.78125,102187008,82452480,12,647,9624
2026-10-03T20:08:41.3000756Z,32444,python.exe,0.015625,4317184,831488,1,60,31112
2026-10-03T20:08:41.3000756Z,27860,python.exe,11.421875,135364608,654278656,16,225,32444
2026-10-03T20:08:41.3000756Z,5492,sherpa-onnx-nemotron-worker.exe,366.875,797982720,821506048,5,151,31000
2026-10-03T20:08:41.3000756Z,28032,chrome.exe,24.84375,189837312,74596352,47,1626,3080
2026-10-03T20:08:41.3000756Z,24628,chrome.exe,0.03125,10592256,2519040,8,172,28032
2026-10-03T20:08:41.3000756Z,28216,chrome.exe,5.609375,104906752,82976768,18,612,28032
2026-10-03T20:08:41.3000756Z,31140,chrome.exe,6.6875,44646400,14147584,23,409,28032
2026-10-03T20:08:41.3000756Z,18580,chrome.exe,0.109375,18939904,8081408,11,175,28032
2026-10-03T20:08:41.3000756Z,30988,chrome.exe,2.84375,79532032,36241408,26,332,28032
2026-10-03T20:08:41.3000756Z,21744,chrome.exe,26.421875,240939008,201740288,31,397,28032
2026-10-03T20:08:41.3000756Z,25516,chrome.exe,5.15625,24395776,8810496,11,271,28032
2026-10-03T20:08:41.3000756Z,30996,chrome.exe,1.15625,33771520,15765504,12,214,28032
2026-10-03T20:08:41.3000756Z,13488,powershell.exe,46.96875,102223872,82509824,12,647,9624
2026-10-03T20:08:42.8945308Z,32444,python.exe,0.015625,4317184,831488,1,60,31112
2026-10-03T20:08:42.8945308Z,27860,python.exe,11.421875,135364608,654278656,16,225,32444
2026-10-03T20:08:42.8945308Z,5492,sherpa-onnx-nemotron-worker.exe,368.640625,797982720,821506048,5,151,31000
2026-10-03T20:08:42.8945308Z,28032,chrome.exe,24.84375,189693952,74452992,47,1626,3080
2026-10-03T20:08:42.8945308Z,24628,chrome.exe,0.03125,10592256,2519040,8,172,28032
2026-10-03T20:08:42.8945308Z,28216,chrome.exe,5.609375,104845312,82722816,18,612,28032
2026-10-03T20:08:42.8945308Z,31140,chrome.exe,6.703125,44646400,14147584,23,408,28032
2026-10-03T20:08:42.8945308Z,18580,chrome.exe,0.109375,18939904,8081408,11,175,28032
2026-10-03T20:08:42.8945308Z,30988,chrome.exe,2.84375,79532032,36241408,26,332,28032
2026-10-03T20:08:42.8945308Z,21744,chrome.exe,26.8125,197922816,158109696,31,397,28032
2026-10-03T20:08:42.8945308Z,25516,chrome.exe,5.1875,24395776,8810496,11,271,28032
2026-10-03T20:08:42.8945308Z,30996,chrome.exe,1.15625,33771520,15765504,12,214,28032
2026-10-03T20:08:42.8945308Z,13488,powershell.exe,47.15625,102629376,83099648,12,647,9624
2026-10-03T20:08:44.4938596Z,32444,python.exe,0.015625,4317184,831488,1,60,31112
2026-10-03T20:08:44.4938596Z,27860,python.exe,11.59375,135364608,654278656,16,225,32444
2026-10-03T20:08:44.4938596Z,5492,sherpa-onnx-nemotron-worker.exe,375.09375,797982720,821506048,5,151,31000
2026-10-03T20:08:44.4938596Z,28032,chrome.exe,24.84375,189693952,74452992,47,1626,3080
2026-10-03T20:08:44.4938596Z,24628,chrome.exe,0.03125,10592256,2519040,8,172,28032
2026-10-03T20:08:44.4938596Z,28216,chrome.exe,5.609375,91197440,69013504,18,612,28032
2026-10-03T20:08:44.4938596Z,31140,chrome.exe,6.703125,44646400,14147584,23,408,28032
2026-10-03T20:08:44.4938596Z,18580,chrome.exe,0.109375,18939904,8081408,11,175,28032
2026-10-03T20:08:44.4938596Z,30988,chrome.exe,2.84375,79532032,36241408,26,332,28032
2026-10-03T20:08:44.4938596Z,21744,chrome.exe,26.90625,192331776,152412160,31,397,28032
2026-10-03T20:08:44.4938596Z,25516,chrome.exe,5.203125,24395776,8810496,11,271,28032
2026-10-03T20:08:44.4938596Z,30996,chrome.exe,1.15625,33771520,15765504,12,214,28032
2026-10-03T20:08:44.4938596Z,13488,powershell.exe,47.453125,101408768,81489920,12,639,9624
2026-10-03T20:08:46.1182095Z,32444,python.exe,0.015625,4317184,831488,1,60,31112
2026-10-03T20:08:46.1182095Z,27860,python.exe,11.59375,135364608,654278656,16,225,32444
2026-10-03T20:08:46.1182095Z,5492,sherpa-onnx-nemotron-worker.exe,381.4375,797982720,821506048,5,151,31000
2026-10-03T20:08:46.1182095Z,28032,chrome.exe,24.84375,189693952,74452992,47,1626,3080
2026-10-03T20:08:46.1182095Z,24628,chrome.exe,0.03125,10592256,2519040,8,172,28032
2026-10-03T20:08:46.1182095Z,28216,chrome.exe,5.609375,91197440,69013504,18,612,28032
2026-10-03T20:08:46.1182095Z,31140,chrome.exe,6.703125,44646400,14147584,23,408,28032
2026-10-03T20:08:46.1182095Z,18580,chrome.exe,0.109375,18939904,8081408,11,175,28032
2026-10-03T20:08:46.1182095Z,30988,chrome.exe,2.84375,79532032,36241408,26,332,28032
2026-10-03T20:08:46.1182095Z,21744,chrome.exe,26.96875,192331776,152412160,31,397,28032
2026-10-03T20:08:46.1182095Z,25516,chrome.exe,5.203125,24395776,8810496,11,271,28032
2026-10-03T20:08:46.1182095Z,30996,chrome.exe,1.15625,33771520,15765504,12,214,28032
2026-10-03T20:08:46.1182095Z,13488,powershell.exe,47.75,102346752,83070976,12,644,9624
2026-10-03T20:08:47.7414085Z,32444,python.exe,0.015625,4317184,831488,1,60,31112
2026-10-03T20:08:47.7414085Z,27860,python.exe,11.59375,135364608,654278656,16,225,32444
2026-10-03T20:08:47.7414085Z,5492,sherpa-onnx-nemotron-worker.exe,387.84375,797982720,821506048,5,151,31000
2026-10-03T20:08:47.7414085Z,28032,chrome.exe,24.84375,189693952,74452992,47,1626,3080
2026-10-03T20:08:47.7414085Z,24628,chrome.exe,0.03125,10592256,2519040,8,172,28032
2026-10-03T20:08:47.7414085Z,28216,chrome.exe,5.609375,91197440,69013504,18,612,28032
2026-10-03T20:08:47.7414085Z,31140,chrome.exe,6.703125,44646400,14147584,23,408,28032
2026-10-03T20:08:47.7414085Z,18580,chrome.exe,0.109375,18939904,8081408,11,175,28032
2026-10-03T20:08:47.7414085Z,30988,chrome.exe,2.84375,79532032,36241408,26,332,28032
2026-10-03T20:08:47.7414085Z,21744,chrome.exe,27,192331776,152412160,31,397,28032
2026-10-03T20:08:47.7414085Z,25516,chrome.exe,5.203125,24395776,8810496,11,271,28032
2026-10-03T20:08:47.7414085Z,30996,chrome.exe,1.15625,33771520,15765504,12,214,28032
2026-10-03T20:08:47.7414085Z,13488,powershell.exe,47.96875,102498304,83075072,12,647,9624
2026-10-03T20:08:49.3226791Z,32444,python.exe,0.015625,4317184,831488,1,60,31112
2026-10-03T20:08:49.3226791Z,27860,python.exe,11.59375,135364608,654278656,16,225,32444
2026-10-03T20:08:49.3226791Z,5492,sherpa-onnx-nemotron-worker.exe,394.015625,797982720,821506048,5,151,31000
2026-10-03T20:08:49.3226791Z,28032,chrome.exe,24.859375,189693952,74452992,47,1626,3080
2026-10-03T20:08:49.3226791Z,24628,chrome.exe,0.03125,10592256,2519040,8,172,28032
2026-10-03T20:08:49.3226791Z,28216,chrome.exe,5.609375,91197440,69013504,18,612,28032
2026-10-03T20:08:49.3226791Z,31140,chrome.exe,6.703125,44646400,14147584,23,408,28032
2026-10-03T20:08:49.3226791Z,18580,chrome.exe,0.109375,18939904,8081408,11,175,28032
2026-10-03T20:08:49.3226791Z,30988,chrome.exe,2.84375,79532032,36241408,26,332,28032
2026-10-03T20:08:49.3226791Z,21744,chrome.exe,27.0625,192331776,152412160,31,397,28032
2026-10-03T20:08:49.3226791Z,25516,chrome.exe,5.203125,24395776,8810496,11,271,28032
2026-10-03T20:08:49.3226791Z,30996,chrome.exe,1.15625,33771520,15765504,12,214,28032
2026-10-03T20:08:49.3226791Z,13488,powershell.exe,48.25,102543360,83095552,12,647,9624
2026-10-03T20:08:50.8668598Z,32444,python.exe,0.015625,4317184,831488,1,60,31112
2026-10-03T20:08:50.8668598Z,27860,python.exe,11.59375,135364608,654278656,16,225,32444
2026-10-03T20:08:50.8668598Z,5492,sherpa-onnx-nemotron-worker.exe,395.65625,797982720,821506048,5,151,31000
2026-10-03T20:08:50.8668598Z,28032,chrome.exe,24.875,189693952,74452992,47,1626,3080
2026-10-03T20:08:50.8668598Z,24628,chrome.exe,0.03125,10592256,2519040,8,172,28032
2026-10-03T20:08:50.8668598Z,28216,chrome.exe,5.625,100790272,79192064,18,615,28032
2026-10-03T20:08:50.8668598Z,31140,chrome.exe,6.71875,44646400,14147584,23,408,28032
2026-10-03T20:08:50.8668598Z,18580,chrome.exe,0.109375,18939904,8081408,11,175,28032
2026-10-03T20:08:50.8668598Z,30988,chrome.exe,2.84375,79532032,36241408,26,332,28032
2026-10-03T20:08:50.8668598Z,21744,chrome.exe,27.109375,192856064,152788992,31,397,28032
2026-10-03T20:08:50.8668598Z,25516,chrome.exe,5.203125,24395776,8810496,11,271,28032
2026-10-03T20:08:50.8668598Z,30996,chrome.exe,1.15625,33771520,15765504,12,214,28032
2026-10-03T20:08:50.8668598Z,13488,powershell.exe,48.453125,101826560,82149376,12,635,9624
2026-10-03T20:08:52.4801052Z,32444,python.exe,0.015625,4317184,831488,1,60,31112
2026-10-03T20:08:52.4801052Z,27860,python.exe,11.59375,135364608,654278656,16,225,32444
2026-10-03T20:08:52.4801052Z,5492,sherpa-onnx-nemotron-worker.exe,395.65625,797982720,821506048,5,151,31000
2026-10-03T20:08:52.4801052Z,28032,chrome.exe,24.921875,190013440,74719232,47,1630,3080
2026-10-03T20:08:52.4801052Z,24628,chrome.exe,0.03125,10592256,2519040,8,172,28032
2026-10-03T20:08:52.4801052Z,28216,chrome.exe,5.6875,100790272,79192064,18,615,28032
2026-10-03T20:08:52.4801052Z,31140,chrome.exe,6.75,44646400,14147584,23,408,28032
2026-10-03T20:08:52.4801052Z,18580,chrome.exe,0.109375,18939904,8081408,11,175,28032
2026-10-03T20:08:52.4801052Z,30988,chrome.exe,2.84375,79532032,36241408,26,332,28032
2026-10-03T20:08:52.4801052Z,21744,chrome.exe,27.25,193028096,153088000,31,397,28032
2026-10-03T20:08:52.4801052Z,25516,chrome.exe,5.203125,24395776,8810496,11,271,28032
2026-10-03T20:08:52.4801052Z,30996,chrome.exe,1.15625,33771520,15765504,12,214,28032
2026-10-03T20:08:52.4801052Z,13488,powershell.exe,48.671875,102105088,83075072,12,640,9624
2026-10-03T20:08:54.1133202Z,32444,python.exe,0.015625,4317184,831488,1,60,31112
2026-10-03T20:08:54.1133202Z,27860,python.exe,11.59375,135364608,654278656,16,225,32444
2026-10-03T20:08:54.1133202Z,5492,sherpa-onnx-nemotron-worker.exe,395.65625,797982720,821506048,5,151,31000
2026-10-03T20:08:54.1133202Z,28032,chrome.exe,24.921875,189702144,74461184,47,1627,3080
2026-10-03T20:08:54.1133202Z,24628,chrome.exe,0.03125,10592256,2519040,8,172,28032
2026-10-03T20:08:54.1133202Z,28216,chrome.exe,5.6875,100646912,78487552,18,612,28032
2026-10-03T20:08:54.1133202Z,31140,chrome.exe,6.78125,44638208,14139392,23,405,28032
2026-10-03T20:08:54.1133202Z,18580,chrome.exe,0.109375,18935808,8077312,11,175,28032
2026-10-03T20:08:54.1133202Z,30988,chrome.exe,2.84375,79532032,36241408,26,332,28032
2026-10-03T20:08:54.1133202Z,21744,chrome.exe,27.390625,193232896,153161728,31,397,28032
2026-10-03T20:08:54.1133202Z,25516,chrome.exe,5.234375,24395776,8810496,11,271,28032
2026-10-03T20:08:54.1133202Z,30996,chrome.exe,1.15625,33771520,15765504,12,214,28032
2026-10-03T20:08:54.1133202Z,13488,powershell.exe,48.859375,102326272,83079168,12,646,9624
2026-10-03T20:08:55.7333961Z,32444,python.exe,0.015625,4317184,831488,1,60,31112
2026-10-03T20:08:55.7333961Z,27860,python.exe,11.59375,135364608,654278656,16,225,32444
2026-10-03T20:08:55.7333961Z,5492,sherpa-onnx-nemotron-worker.exe,395.65625,797982720,821506048,5,151,31000
2026-10-03T20:08:55.7333961Z,28032,chrome.exe,24.921875,189702144,74461184,47,1627,3080
2026-10-03T20:08:55.7333961Z,24628,chrome.exe,0.03125,10592256,2519040,8,172,28032
2026-10-03T20:08:55.7333961Z,28216,chrome.exe,5.6875,100646912,78483456,18,612,28032
2026-10-03T20:08:55.7333961Z,31140,chrome.exe,6.78125,44638208,14139392,23,405,28032
2026-10-03T20:08:55.7333961Z,18580,chrome.exe,0.109375,18935808,8077312,11,175,28032
2026-10-03T20:08:55.7333961Z,30988,chrome.exe,2.84375,79532032,36241408,26,332,28032
2026-10-03T20:08:55.7333961Z,21744,chrome.exe,27.4375,193298432,153460736,31,397,28032
2026-10-03T20:08:55.7333961Z,25516,chrome.exe,5.25,24387584,8802304,11,271,28032
2026-10-03T20:08:55.7333961Z,30996,chrome.exe,1.15625,33771520,15765504,12,214,28032
2026-10-03T20:08:55.7333961Z,13488,powershell.exe,49.09375,102490112,83095552,12,649,9624
2026-10-03T20:08:57.3366233Z,32444,python.exe,0.015625,4317184,831488,1,60,31112
2026-10-03T20:08:57.3366233Z,27860,python.exe,11.59375,135364608,654278656,16,225,32444
2026-10-03T20:08:57.3366233Z,5492,sherpa-onnx-nemotron-worker.exe,395.65625,797982720,821506048,5,151,31000
2026-10-03T20:08:57.3366233Z,28032,chrome.exe,24.9375,189702144,74461184,47,1627,3080
2026-10-03T20:08:57.3366233Z,24628,chrome.exe,0.03125,10592256,2519040,8,172,28032
2026-10-03T20:08:57.3366233Z,28216,chrome.exe,5.6875,98091008,75886592,18,612,28032
2026-10-03T20:08:57.3366233Z,31140,chrome.exe,6.78125,44638208,14139392,23,405,28032
2026-10-03T20:08:57.3366233Z,18580,chrome.exe,0.109375,18935808,8077312,11,175,28032
2026-10-03T20:08:57.3366233Z,30988,chrome.exe,2.84375,79532032,36241408,26,332,28032
2026-10-03T20:08:57.3366233Z,21744,chrome.exe,27.53125,193552384,153546752,31,397,28032
2026-10-03T20:08:57.3366233Z,25516,chrome.exe,5.265625,24387584,8802304,11,271,28032
2026-10-03T20:08:57.3366233Z,30996,chrome.exe,1.15625,33771520,15765504,12,214,28032
2026-10-03T20:08:57.3366233Z,13488,powershell.exe,49.265625,102621184,83103744,12,649,9624
2026-10-03T20:08:58.9567046Z,32444,python.exe,0.015625,4317184,831488,1,60,31112
2026-10-03T20:08:58.9567046Z,27860,python.exe,11.59375,135364608,654278656,16,225,32444
2026-10-03T20:08:58.9567046Z,5492,sherpa-onnx-nemotron-worker.exe,395.65625,797982720,821506048,5,151,31000
2026-10-03T20:08:58.9567046Z,28032,chrome.exe,24.9375,189702144,74461184,47,1627,3080
2026-10-03T20:08:58.9567046Z,24628,chrome.exe,0.03125,10592256,2519040,8,172,28032
2026-10-03T20:08:58.9567046Z,28216,chrome.exe,5.6875,88621056,66371584,18,612,28032
2026-10-03T20:08:58.9567046Z,31140,chrome.exe,6.78125,44638208,14139392,23,405,28032
2026-10-03T20:08:58.9567046Z,18580,chrome.exe,0.109375,18935808,8077312,11,175,28032
2026-10-03T20:08:58.9567046Z,30988,chrome.exe,2.84375,79532032,36241408,26,332,28032
2026-10-03T20:08:58.9567046Z,21744,chrome.exe,27.578125,193638400,153563136,31,397,28032
2026-10-03T20:08:58.9567046Z,25516,chrome.exe,5.3125,24387584,8802304,11,271,28032
2026-10-03T20:08:58.9567046Z,30996,chrome.exe,1.15625,33771520,15765504,12,214,28032
2026-10-03T20:08:58.9567046Z,13488,powershell.exe,49.453125,103051264,83103744,12,649,9624
2026-10-03T20:09:00.5605227Z,32444,python.exe,0.015625,4317184,831488,1,60,31112
2026-10-03T20:09:00.5605227Z,27860,python.exe,11.59375,135364608,654278656,16,225,32444
2026-10-03T20:09:00.5605227Z,5492,sherpa-onnx-nemotron-worker.exe,395.65625,797982720,821506048,5,151,31000
2026-10-03T20:09:00.5605227Z,28032,chrome.exe,24.9375,189702144,74461184,47,1627,3080
2026-10-03T20:09:00.5605227Z,24628,chrome.exe,0.03125,10592256,2519040,8,172,28032
2026-10-03T20:09:00.5605227Z,28216,chrome.exe,5.6875,88621056,66371584,18,612,28032
2026-10-03T20:09:00.5605227Z,31140,chrome.exe,6.8125,44638208,14139392,23,405,28032
2026-10-03T20:09:00.5605227Z,18580,chrome.exe,0.109375,18935808,8077312,11,175,28032
2026-10-03T20:09:00.5605227Z,30988,chrome.exe,2.84375,79532032,36241408,26,332,28032
2026-10-03T20:09:00.5605227Z,21744,chrome.exe,27.6875,193748992,153608192,31,397,28032
2026-10-03T20:09:00.5605227Z,25516,chrome.exe,5.328125,24387584,8802304,11,271,28032
2026-10-03T20:09:00.5605227Z,30996,chrome.exe,1.15625,33771520,15765504,12,214,28032
2026-10-03T20:09:00.5605227Z,13488,powershell.exe,49.640625,102219776,82554880,12,641,9624
2026-10-03T20:09:02.1609214Z,32444,python.exe,0.015625,4317184,831488,1,60,31112
2026-10-03T20:09:02.1609214Z,27860,python.exe,11.59375,135364608,654278656,16,225,32444
2026-10-03T20:09:02.1609214Z,5492,sherpa-onnx-nemotron-worker.exe,395.65625,797982720,821506048,5,151,31000
2026-10-03T20:09:02.1609214Z,28032,chrome.exe,24.9375,189702144,74461184,47,1627,3080
2026-10-03T20:09:02.1609214Z,24628,chrome.exe,0.03125,10592256,2519040,8,172,28032
2026-10-03T20:09:02.1609214Z,28216,chrome.exe,5.6875,88621056,66371584,18,612,28032
2026-10-03T20:09:02.1609214Z,31140,chrome.exe,6.828125,44638208,14139392,23,405,28032
2026-10-03T20:09:02.1609214Z,18580,chrome.exe,0.109375,18935808,8077312,11,175,28032
2026-10-03T20:09:02.1609214Z,30988,chrome.exe,2.84375,79532032,36241408,26,332,28032
2026-10-03T20:09:02.1609214Z,21744,chrome.exe,27.734375,193900544,153923584,31,397,28032
2026-10-03T20:09:02.1609214Z,25516,chrome.exe,5.328125,24387584,8802304,11,271,28032
2026-10-03T20:09:02.1609214Z,30996,chrome.exe,1.15625,33771520,15765504,12,214,28032
2026-10-03T20:09:02.1609214Z,13488,powershell.exe,49.84375,102436864,82554880,12,646,9624
2026-10-03T20:09:03.7820761Z,32444,python.exe,0.015625,4317184,831488,1,60,31112
2026-10-03T20:09:03.7820761Z,27860,python.exe,11.59375,135364608,654278656,16,225,32444
2026-10-03T20:09:03.7820761Z,5492,sherpa-onnx-nemotron-worker.exe,395.65625,797982720,821506048,5,151,31000
2026-10-03T20:09:03.7820761Z,28032,chrome.exe,24.9375,189702144,74461184,47,1627,3080
2026-10-03T20:09:03.7820761Z,24628,chrome.exe,0.03125,10592256,2519040,8,172,28032
2026-10-03T20:09:03.7820761Z,28216,chrome.exe,5.6875,88621056,66371584,18,612,28032
2026-10-03T20:09:03.7820761Z,31140,chrome.exe,6.84375,44638208,14139392,23,405,28032
2026-10-03T20:09:03.7820761Z,18580,chrome.exe,0.109375,18935808,8077312,11,175,28032
2026-10-03T20:09:03.7820761Z,30988,chrome.exe,2.84375,79532032,36241408,26,332,28032
2026-10-03T20:09:03.7820761Z,21744,chrome.exe,27.765625,194248704,154324992,31,397,28032
2026-10-03T20:09:03.7820761Z,25516,chrome.exe,5.34375,24387584,8802304,11,271,28032
2026-10-03T20:09:03.7820761Z,30996,chrome.exe,1.15625,33771520,15765504,12,214,28032
2026-10-03T20:09:03.7820761Z,13488,powershell.exe,50.109375,102498304,83091456,12,649,9624
2026-10-03T20:09:05.4122947Z,32444,python.exe,0.015625,4317184,831488,1,60,31112
2026-10-03T20:09:05.4122947Z,27860,python.exe,11.59375,135364608,654278656,16,225,32444
2026-10-03T20:09:05.4122947Z,5492,sherpa-onnx-nemotron-worker.exe,395.65625,797982720,821506048,5,151,31000
2026-10-03T20:09:05.4122947Z,28032,chrome.exe,24.953125,189702144,74461184,47,1627,3080
2026-10-03T20:09:05.4122947Z,24628,chrome.exe,0.03125,10592256,2519040,8,172,28032
2026-10-03T20:09:05.4122947Z,28216,chrome.exe,5.6875,88621056,66371584,18,612,28032
2026-10-03T20:09:05.4122947Z,31140,chrome.exe,6.890625,44638208,14139392,23,405,28032
2026-10-03T20:09:05.4122947Z,18580,chrome.exe,0.109375,18935808,8077312,11,175,28032
2026-10-03T20:09:05.4122947Z,30988,chrome.exe,2.84375,79532032,36241408,26,332,28032
2026-10-03T20:09:05.4122947Z,21744,chrome.exe,27.828125,194387968,154456064,31,397,28032
2026-10-03T20:09:05.4122947Z,25516,chrome.exe,5.375,24387584,8802304,11,271,28032
2026-10-03T20:09:05.4122947Z,30996,chrome.exe,1.15625,33771520,15765504,12,214,28032
2026-10-03T20:09:05.4122947Z,13488,powershell.exe,50.28125,102498304,83095552,12,649,9624
2026-10-03T20:09:07.0180664Z,32444,python.exe,0.015625,4317184,831488,1,60,31112
2026-10-03T20:09:07.0180664Z,27860,python.exe,11.59375,135364608,654278656,16,225,32444
2026-10-03T20:09:07.0180664Z,5492,sherpa-onnx-nemotron-worker.exe,395.65625,797982720,821506048,5,151,31000
2026-10-03T20:09:07.0180664Z,28032,chrome.exe,24.953125,189566976,74326016,47,1627,3080
2026-10-03T20:09:07.0180664Z,24628,chrome.exe,0.03125,10592256,2519040,8,172,28032
2026-10-03T20:09:07.0180664Z,28216,chrome.exe,5.6875,88621056,66371584,18,612,28032
2026-10-03T20:09:07.0180664Z,31140,chrome.exe,6.890625,44638208,14139392,23,405,28032
2026-10-03T20:09:07.0180664Z,18580,chrome.exe,0.109375,18935808,8077312,11,175,28032
2026-10-03T20:09:07.0180664Z,30988,chrome.exe,2.84375,79527936,36241408,26,332,28032
2026-10-03T20:09:07.0180664Z,21744,chrome.exe,27.921875,194420736,154488832,31,397,28032
2026-10-03T20:09:07.0180664Z,25516,chrome.exe,5.390625,24387584,8802304,11,271,28032
2026-10-03T20:09:07.0180664Z,30996,chrome.exe,1.15625,33771520,15765504,12,214,28032
2026-10-03T20:09:07.0180664Z,13488,powershell.exe,50.4375,102711296,83107840,12,649,9624
2026-10-03T20:09:08.6508821Z,32444,python.exe,0.015625,4317184,831488,1,60,31112
2026-10-03T20:09:08.6508821Z,27860,python.exe,11.59375,135364608,654278656,16,225,32444
2026-10-03T20:09:08.6508821Z,5492,sherpa-onnx-nemotron-worker.exe,395.65625,797982720,821506048,5,151,31000
2026-10-03T20:09:08.6508821Z,28032,chrome.exe,24.953125,189566976,74326016,47,1627,3080
2026-10-03T20:09:08.6508821Z,24628,chrome.exe,0.03125,10592256,2519040,8,172,28032
2026-10-03T20:09:08.6508821Z,28216,chrome.exe,5.6875,88621056,66371584,18,612,28032
2026-10-03T20:09:08.6508821Z,31140,chrome.exe,6.890625,44617728,14094336,22,404,28032
2026-10-03T20:09:08.6508821Z,18580,chrome.exe,0.109375,18935808,8077312,11,175,28032
2026-10-03T20:09:08.6508821Z,30988,chrome.exe,2.84375,79527936,36241408,26,332,28032
2026-10-03T20:09:08.6508821Z,21744,chrome.exe,27.984375,194478080,154542080,31,397,28032
2026-10-03T20:09:08.6508821Z,25516,chrome.exe,5.390625,24387584,8802304,11,271,28032
2026-10-03T20:09:08.6508821Z,30996,chrome.exe,1.15625,33771520,15765504,12,214,28032
2026-10-03T20:09:08.6508821Z,13488,powershell.exe,50.65625,101412864,81375232,12,641,9624
2026-10-03T20:09:10.2808539Z,32444,python.exe,0.015625,4317184,831488,1,60,31112
2026-10-03T20:09:10.2808539Z,27860,python.exe,11.59375,135364608,654278656,16,225,32444
2026-10-03T20:09:10.2808539Z,5492,sherpa-onnx-nemotron-worker.exe,395.65625,797982720,821506048,5,151,31000
2026-10-03T20:09:10.2808539Z,28032,chrome.exe,24.953125,189566976,74326016,47,1627,3080
2026-10-03T20:09:10.2808539Z,24628,chrome.exe,0.03125,10592256,2519040,8,172,28032
2026-10-03T20:09:10.2808539Z,28216,chrome.exe,5.6875,88621056,66371584,18,612,28032
2026-10-03T20:09:10.2808539Z,31140,chrome.exe,6.890625,44617728,14094336,22,404,28032
2026-10-03T20:09:10.2808539Z,18580,chrome.exe,0.109375,18935808,8077312,11,175,28032
2026-10-03T20:09:10.2808539Z,30988,chrome.exe,2.84375,79527936,36241408,26,332,28032
2026-10-03T20:09:10.2808539Z,21744,chrome.exe,28.0625,194965504,155033600,31,397,28032
2026-10-03T20:09:10.2808539Z,25516,chrome.exe,5.40625,24387584,8802304,11,271,28032
2026-10-03T20:09:10.2808539Z,30996,chrome.exe,1.15625,33771520,15765504,12,214,28032
2026-10-03T20:09:10.2808539Z,13488,powershell.exe,50.84375,102268928,83066880,12,645,9624
2026-10-03T20:09:11.8916857Z,32444,python.exe,0.015625,4317184,831488,1,60,31112
2026-10-03T20:09:11.8916857Z,27860,python.exe,11.59375,135364608,654278656,16,225,32444
2026-10-03T20:09:11.8916857Z,5492,sherpa-onnx-nemotron-worker.exe,395.65625,797982720,821506048,5,151,31000
2026-10-03T20:09:11.8916857Z,28032,chrome.exe,24.953125,189571072,74330112,47,1627,3080
2026-10-03T20:09:11.8916857Z,24628,chrome.exe,0.03125,10592256,2519040,8,172,28032
2026-10-03T20:09:11.8916857Z,28216,chrome.exe,5.6875,88621056,66371584,18,612,28032
2026-10-03T20:09:11.8916857Z,31140,chrome.exe,6.890625,44617728,14094336,22,404,28032
2026-10-03T20:09:11.8916857Z,18580,chrome.exe,0.109375,18935808,8077312,11,175,28032
2026-10-03T20:09:11.8916857Z,30988,chrome.exe,2.84375,79527936,36241408,26,332,28032
2026-10-03T20:09:11.8916857Z,21744,chrome.exe,28.125,195002368,155070464,31,397,28032
2026-10-03T20:09:11.8916857Z,25516,chrome.exe,5.421875,24387584,8802304,11,271,28032
2026-10-03T20:09:11.8916857Z,30996,chrome.exe,1.15625,33771520,15765504,12,214,28032
2026-10-03T20:09:11.8916857Z,13488,powershell.exe,51.046875,101629952,81670144,12,649,9624
2026-10-03T20:09:13.5100288Z,32444,python.exe,0.015625,4317184,831488,1,60,31112
2026-10-03T20:09:13.5100288Z,27860,python.exe,11.59375,135364608,654278656,16,225,32444
2026-10-03T20:09:13.5100288Z,5492,sherpa-onnx-nemotron-worker.exe,395.65625,797982720,821506048,5,151,31000
2026-10-03T20:09:13.5100288Z,28032,chrome.exe,25.140625,189894656,74596352,47,1629,3080
2026-10-03T20:09:13.5100288Z,24628,chrome.exe,0.03125,10592256,2519040,8,172,28032
2026-10-03T20:09:13.5100288Z,28216,chrome.exe,5.859375,98226176,76664832,18,615,28032
2026-10-03T20:09:13.5100288Z,31140,chrome.exe,6.890625,44617728,14094336,22,404,28032
2026-10-03T20:09:13.5100288Z,18580,chrome.exe,0.109375,18935808,8077312,11,175,28032
2026-10-03T20:09:13.5100288Z,30988,chrome.exe,2.84375,79527936,36241408,26,332,28032
2026-10-03T20:09:13.5100288Z,21744,chrome.exe,28.203125,195072000,155140096,31,397,28032
2026-10-03T20:09:13.5100288Z,25516,chrome.exe,5.46875,24387584,8802304,11,271,28032
2026-10-03T20:09:13.5100288Z,30996,chrome.exe,1.15625,33771520,15765504,12,214,28032
2026-10-03T20:09:13.5100288Z,13488,powershell.exe,51.296875,102256640,82309120,12,649,9624
2026-10-03T20:09:15.1332343Z,32444,python.exe,0.015625,4317184,831488,1,60,31112
2026-10-03T20:09:15.1332343Z,27860,python.exe,11.59375,135364608,654278656,16,225,32444
2026-10-03T20:09:15.1332343Z,5492,sherpa-onnx-nemotron-worker.exe,395.65625,797982720,821506048,5,151,31000
2026-10-03T20:09:15.1332343Z,28032,chrome.exe,25.1875,189603840,74334208,47,1630,3080
2026-10-03T20:09:15.1332343Z,24628,chrome.exe,0.03125,10592256,2519040,8,172,28032
2026-10-03T20:09:15.1332343Z,28216,chrome.exe,5.890625,98144256,76558336,18,615,28032
2026-10-03T20:09:15.1332343Z,31140,chrome.exe,6.90625,44617728,14094336,22,404,28032
2026-10-03T20:09:15.1332343Z,18580,chrome.exe,0.109375,18935808,8077312,11,175,28032
2026-10-03T20:09:15.1332343Z,30988,chrome.exe,2.84375,79527936,36241408,26,332,28032
2026-10-03T20:09:15.1332343Z,21744,chrome.exe,28.234375,195121152,155185152,31,397,28032
2026-10-03T20:09:15.1332343Z,25516,chrome.exe,5.484375,24387584,8802304,11,271,28032
2026-10-03T20:09:15.1332343Z,30996,chrome.exe,1.15625,33771520,15765504,12,214,28032
2026-10-03T20:09:15.1332343Z,13488,powershell.exe,51.546875,102707200,83030016,12,649,9624
2026-10-03T20:09:16.7419445Z,32444,python.exe,0.015625,4317184,831488,1,60,31112
2026-10-03T20:09:16.7419445Z,27860,python.exe,11.59375,135364608,654278656,16,225,32444
2026-10-03T20:09:16.7419445Z,5492,sherpa-onnx-nemotron-worker.exe,395.65625,797982720,821506048,5,151,31000
2026-10-03T20:09:16.7419445Z,28032,chrome.exe,25.203125,189583360,74330112,47,1627,3080
2026-10-03T20:09:16.7419445Z,24628,chrome.exe,0.03125,10592256,2519040,8,172,28032
2026-10-03T20:09:16.7419445Z,28216,chrome.exe,5.90625,98111488,76550144,18,612,28032
2026-10-03T20:09:16.7419445Z,31140,chrome.exe,6.90625,44617728,14094336,22,404,28032
2026-10-03T20:09:16.7419445Z,18580,chrome.exe,0.109375,18935808,8077312,11,175,28032
2026-10-03T20:09:16.7419445Z,30988,chrome.exe,2.84375,79523840,36241408,26,332,28032
2026-10-03T20:09:16.7419445Z,21744,chrome.exe,28.59375,233897984,194170880,31,397,28032
2026-10-03T20:09:16.7419445Z,25516,chrome.exe,5.515625,24387584,8802304,11,271,28032
2026-10-03T20:09:16.7419445Z,30996,chrome.exe,1.15625,33771520,15765504,12,214,28032
2026-10-03T20:09:16.7419445Z,13488,powershell.exe,51.703125,102244352,83099648,12,640,9624
2026-10-03T20:09:18.2866670Z,32444,python.exe,0.015625,4317184,831488,1,60,31112
2026-10-03T20:09:18.2866670Z,27860,python.exe,11.59375,135364608,654278656,16,225,32444
2026-10-03T20:09:18.2866670Z,5492,sherpa-onnx-nemotron-worker.exe,395.65625,797982720,821506048,5,151,31000
2026-10-03T20:09:18.2866670Z,28032,chrome.exe,25.25,189882368,74584064,47,1629,3080
2026-10-03T20:09:18.2866670Z,24628,chrome.exe,0.03125,10592256,2519040,8,172,28032
2026-10-03T20:09:18.2866670Z,28216,chrome.exe,6,104812544,82857984,18,618,28032
2026-10-03T20:09:18.2866670Z,31140,chrome.exe,6.90625,44617728,14094336,22,404,28032
2026-10-03T20:09:18.2866670Z,18580,chrome.exe,0.109375,18935808,8077312,11,175,28032
2026-10-03T20:09:18.2866670Z,30988,chrome.exe,2.84375,79519744,36241408,26,332,28032
2026-10-03T20:09:18.2866670Z,21744,chrome.exe,29.09375,259231744,219152384,31,400,28032
2026-10-03T20:09:18.2866670Z,25516,chrome.exe,5.546875,24387584,8802304,11,271,28032
2026-10-03T20:09:18.2866670Z,30996,chrome.exe,1.15625,33771520,15765504,12,214,28032
2026-10-03T20:09:18.2866670Z,13488,powershell.exe,51.890625,102453248,83099648,12,645,9624
2026-10-03T20:09:19.8755517Z,32444,python.exe,0.015625,4317184,831488,1,60,31112
2026-10-03T20:09:19.8755517Z,27860,python.exe,11.59375,135364608,654278656,16,225,32444
2026-10-03T20:09:19.8755517Z,5492,sherpa-onnx-nemotron-worker.exe,395.65625,797982720,821506048,5,151,31000
2026-10-03T20:09:19.8755517Z,28032,chrome.exe,25.390625,189898752,74592256,47,1629,3080
2026-10-03T20:09:19.8755517Z,24628,chrome.exe,0.03125,10592256,2519040,8,172,28032
2026-10-03T20:09:19.8755517Z,28216,chrome.exe,6.140625,104783872,82870272,18,615,28032
2026-10-03T20:09:19.8755517Z,31140,chrome.exe,6.90625,44617728,14094336,22,404,28032
2026-10-03T20:09:19.8755517Z,18580,chrome.exe,0.109375,18935808,8077312,11,175,28032
2026-10-03T20:09:19.8755517Z,30988,chrome.exe,2.84375,79515648,36241408,26,332,28032
2026-10-03T20:09:19.8755517Z,21744,chrome.exe,29.125,258117632,218079232,31,397,28032
2026-10-03T20:09:19.8755517Z,25516,chrome.exe,5.546875,24387584,8802304,11,271,28032
2026-10-03T20:09:19.8755517Z,30996,chrome.exe,1.15625,33771520,15765504,12,214,28032
2026-10-03T20:09:19.8755517Z,13488,powershell.exe,52.109375,102514688,83099648,12,649,9624
2026-10-03T20:09:21.4689541Z,32444,python.exe,0.015625,4317184,831488,1,60,31112
2026-10-03T20:09:21.4689541Z,27860,python.exe,11.59375,135364608,654278656,16,225,32444
2026-10-03T20:09:21.4689541Z,5492,sherpa-onnx-nemotron-worker.exe,395.65625,797982720,821506048,5,151,31000
2026-10-03T20:09:21.4689541Z,28032,chrome.exe,25.390625,189874176,74588160,47,1626,3080
2026-10-03T20:09:21.4689541Z,24628,chrome.exe,0.03125,10592256,2519040,8,172,28032
2026-10-03T20:09:21.4689541Z,28216,chrome.exe,6.140625,104464384,82317312,18,612,28032
2026-10-03T20:09:21.4689541Z,31140,chrome.exe,6.90625,44617728,14094336,22,404,28032
2026-10-03T20:09:21.4689541Z,18580,chrome.exe,0.109375,18935808,8077312,11,175,28032
2026-10-03T20:09:21.4689541Z,30988,chrome.exe,2.84375,79515648,36241408,26,332,28032
2026-10-03T20:09:21.4689541Z,21744,chrome.exe,29.171875,258117632,218079232,31,397,28032
2026-10-03T20:09:21.4689541Z,25516,chrome.exe,5.5625,24387584,8802304,11,271,28032
2026-10-03T20:09:21.4689541Z,30996,chrome.exe,1.15625,33771520,15765504,12,214,28032
2026-10-03T20:09:21.4689541Z,13488,powershell.exe,52.296875,102526976,83099648,12,649,9624
2026-10-03T20:09:23.1012474Z,32444,python.exe,0.015625,4317184,831488,1,60,31112
2026-10-03T20:09:23.1012474Z,27860,python.exe,11.59375,135364608,654278656,16,225,32444
2026-10-03T20:09:23.1012474Z,5492,sherpa-onnx-nemotron-worker.exe,395.65625,797982720,821506048,5,151,31000
2026-10-03T20:09:23.1012474Z,28032,chrome.exe,25.40625,189571072,74317824,47,1626,3080
2026-10-03T20:09:23.1012474Z,24628,chrome.exe,0.03125,10592256,2519040,8,172,28032
2026-10-03T20:09:23.1012474Z,28216,chrome.exe,6.140625,104345600,82321408,18,615,28032
2026-10-03T20:09:23.1012474Z,31140,chrome.exe,6.90625,44621824,14094336,22,404,28032
2026-10-03T20:09:23.1012474Z,18580,chrome.exe,0.109375,18935808,8077312,11,175,28032
2026-10-03T20:09:23.1012474Z,30988,chrome.exe,2.84375,79515648,36241408,26,332,28032
2026-10-03T20:09:23.1012474Z,21744,chrome.exe,29.5625,333266944,293711872,31,400,28032
2026-10-03T20:09:23.1012474Z,25516,chrome.exe,5.609375,24387584,8802304,11,271,28032
2026-10-03T20:09:23.1012474Z,30996,chrome.exe,1.15625,33771520,15765504,12,214,28032
2026-10-03T20:09:23.1012474Z,13488,powershell.exe,52.484375,102563840,83099648,12,649,9624
2026-10-03T20:09:24.7239089Z,32444,python.exe,0.015625,4317184,831488,1,60,31112
2026-10-03T20:09:24.7239089Z,27860,python.exe,11.59375,135364608,654278656,16,225,32444
2026-10-03T20:09:24.7239089Z,5492,sherpa-onnx-nemotron-worker.exe,395.65625,797982720,821506048,5,151,31000
2026-10-03T20:09:24.7239089Z,28032,chrome.exe,25.40625,189571072,74317824,47,1626,3080
2026-10-03T20:09:24.7239089Z,24628,chrome.exe,0.03125,10592256,2519040,8,172,28032
2026-10-03T20:09:24.7239089Z,28216,chrome.exe,6.140625,104275968,82272256,18,612,28032
2026-10-03T20:09:24.7239089Z,31140,chrome.exe,6.90625,44380160,14094336,22,398,28032
2026-10-03T20:09:24.7239089Z,18580,chrome.exe,0.109375,18935808,8077312,11,175,28032
2026-10-03T20:09:24.7239089Z,30988,chrome.exe,2.84375,79515648,36241408,26,332,28032
2026-10-03T20:09:24.7239089Z,21744,chrome.exe,29.59375,332320768,292790272,31,397,28032
2026-10-03T20:09:24.7239089Z,25516,chrome.exe,5.625,24387584,8802304,11,271,28032
2026-10-03T20:09:24.7239089Z,30996,chrome.exe,1.15625,33771520,15765504,12,214,28032
2026-10-03T20:09:24.7239089Z,13488,powershell.exe,52.703125,100986880,80949248,12,640,9624
2026-10-03T20:09:26.3482090Z,32444,python.exe,0.015625,4317184,831488,1,60,31112
2026-10-03T20:09:26.3482090Z,27860,python.exe,11.59375,135364608,654278656,16,225,32444
2026-10-03T20:09:26.3482090Z,5492,sherpa-onnx-nemotron-worker.exe,395.65625,797982720,821506048,5,151,31000
2026-10-03T20:09:26.3482090Z,28032,chrome.exe,25.40625,189579264,74326016,47,1626,3080
2026-10-03T20:09:26.3482090Z,24628,chrome.exe,0.03125,10592256,2519040,8,172,28032
2026-10-03T20:09:26.3482090Z,28216,chrome.exe,6.140625,104185856,81981440,18,612,28032
2026-10-03T20:09:26.3482090Z,31140,chrome.exe,6.90625,44376064,14094336,22,398,28032
2026-10-03T20:09:26.3482090Z,18580,chrome.exe,0.109375,18935808,8077312,11,175,28032
2026-10-03T20:09:26.3482090Z,30988,chrome.exe,2.84375,79515648,36241408,26,332,28032
2026-10-03T20:09:26.3482090Z,21744,chrome.exe,29.625,332058624,292528128,31,397,28032
2026-10-03T20:09:26.3482090Z,25516,chrome.exe,5.671875,24395776,8810496,11,271,28032
2026-10-03T20:09:26.3482090Z,30996,chrome.exe,1.15625,33771520,15765504,12,214,28032
2026-10-03T20:09:26.3482090Z,13488,powershell.exe,52.875,101453824,81772544,12,644,9624
2026-10-03T20:09:27.9697189Z,32444,python.exe,0.015625,4317184,831488,1,60,31112
2026-10-03T20:09:27.9697189Z,27860,python.exe,11.59375,135364608,654278656,16,225,32444
2026-10-03T20:09:27.9697189Z,5492,sherpa-onnx-nemotron-worker.exe,395.65625,797982720,821506048,5,151,31000
2026-10-03T20:09:27.9697189Z,28032,chrome.exe,25.40625,189579264,74326016,47,1626,3080
2026-10-03T20:09:27.9697189Z,24628,chrome.exe,0.03125,10592256,2519040,8,172,28032
2026-10-03T20:09:27.9697189Z,28216,chrome.exe,6.140625,99815424,77598720,18,612,28032
2026-10-03T20:09:27.9697189Z,31140,chrome.exe,6.90625,44376064,14094336,22,398,28032
2026-10-03T20:09:27.9697189Z,18580,chrome.exe,0.109375,18935808,8077312,11,175,28032
2026-10-03T20:09:27.9697189Z,30988,chrome.exe,2.84375,79515648,36241408,26,332,28032
2026-10-03T20:09:27.9697189Z,21744,chrome.exe,29.671875,332058624,292528128,31,397,28032
2026-10-03T20:09:27.9697189Z,25516,chrome.exe,5.71875,24395776,8810496,11,271,28032
2026-10-03T20:09:27.9697189Z,30996,chrome.exe,1.15625,33771520,15765504,12,214,28032
2026-10-03T20:09:27.9697189Z,13488,powershell.exe,53.078125,102211584,82440192,12,649,9624
2026-10-03T20:09:29.6164621Z,32444,python.exe,0.015625,4317184,831488,1,60,31112
2026-10-03T20:09:29.6164621Z,27860,python.exe,11.59375,135364608,654278656,16,225,32444
2026-10-03T20:09:29.6164621Z,5492,sherpa-onnx-nemotron-worker.exe,395.65625,797982720,821506048,5,151,31000
2026-10-03T20:09:29.6164621Z,28032,chrome.exe,25.40625,189579264,74326016,47,1626,3080
2026-10-03T20:09:29.6164621Z,24628,chrome.exe,0.03125,10592256,2519040,8,172,28032
2026-10-03T20:09:29.6164621Z,28216,chrome.exe,6.140625,94384128,72110080,18,612,28032
2026-10-03T20:09:29.6164621Z,31140,chrome.exe,6.90625,44376064,14094336,22,398,28032
2026-10-03T20:09:29.6164621Z,18580,chrome.exe,0.109375,18935808,8077312,11,175,28032
2026-10-03T20:09:29.6164621Z,30988,chrome.exe,2.84375,79515648,36241408,26,332,28032
2026-10-03T20:09:29.6164621Z,21744,chrome.exe,29.6875,332058624,292528128,31,397,28032
2026-10-03T20:09:29.6164621Z,25516,chrome.exe,5.734375,24395776,8810496,11,271,28032
2026-10-03T20:09:29.6164621Z,30996,chrome.exe,1.15625,33771520,15765504,12,214,28032
2026-10-03T20:09:29.6164621Z,13488,powershell.exe,53.265625,102359040,82448384,12,649,9624
2026-10-03T20:09:31.2390791Z,32444,python.exe,0.015625,4317184,831488,1,60,31112
2026-10-03T20:09:31.2390791Z,27860,python.exe,11.59375,135364608,654278656,16,225,32444
2026-10-03T20:09:31.2390791Z,5492,sherpa-onnx-nemotron-worker.exe,395.65625,797982720,821506048,5,151,31000
2026-10-03T20:09:31.2390791Z,28032,chrome.exe,25.40625,189579264,74326016,47,1626,3080
2026-10-03T20:09:31.2390791Z,24628,chrome.exe,0.03125,10592256,2519040,8,172,28032
2026-10-03T20:09:31.2390791Z,28216,chrome.exe,6.140625,93483008,71155712,18,612,28032
2026-10-03T20:09:31.2390791Z,31140,chrome.exe,6.90625,44376064,14094336,22,398,28032
2026-10-03T20:09:31.2390791Z,18580,chrome.exe,0.109375,18935808,8077312,11,175,28032
2026-10-03T20:09:31.2390791Z,30988,chrome.exe,2.84375,79515648,36241408,26,332,28032
2026-10-03T20:09:31.2390791Z,21744,chrome.exe,29.75,332058624,292528128,31,397,28032
2026-10-03T20:09:31.2390791Z,25516,chrome.exe,5.765625,24395776,8810496,11,271,28032
2026-10-03T20:09:31.2390791Z,30996,chrome.exe,1.15625,33771520,15765504,12,214,28032
2026-10-03T20:09:31.2390791Z,13488,powershell.exe,53.46875,102391808,82472960,12,649,9624
2026-10-03T20:09:32.8217544Z,32444,python.exe,0.015625,4317184,831488,1,60,31112
2026-10-03T20:09:32.8217544Z,27860,python.exe,11.59375,135364608,654278656,16,225,32444
2026-10-03T20:09:32.8217544Z,5492,sherpa-onnx-nemotron-worker.exe,395.65625,797982720,821506048,5,151,31000
2026-10-03T20:09:32.8217544Z,28032,chrome.exe,25.40625,189579264,74326016,47,1626,3080
2026-10-03T20:09:32.8217544Z,24628,chrome.exe,0.03125,10592256,2519040,8,172,28032
2026-10-03T20:09:32.8217544Z,28216,chrome.exe,6.140625,93483008,71155712,18,612,28032
2026-10-03T20:09:32.8217544Z,31140,chrome.exe,6.90625,44376064,14094336,22,398,28032
2026-10-03T20:09:32.8217544Z,18580,chrome.exe,0.109375,18935808,8077312,11,175,28032
2026-10-03T20:09:32.8217544Z,30988,chrome.exe,2.84375,79515648,36241408,26,332,28032
2026-10-03T20:09:32.8217544Z,21744,chrome.exe,29.78125,332058624,292528128,31,397,28032
2026-10-03T20:09:32.8217544Z,25516,chrome.exe,5.8125,24395776,8810496,11,271,28032
2026-10-03T20:09:32.8217544Z,30996,chrome.exe,1.15625,33771520,15765504,12,214,28032
2026-10-03T20:09:32.8217544Z,13488,powershell.exe,53.6875,101437440,81399808,12,639,9624
2026-10-03T20:09:34.4616244Z,32444,python.exe,0.015625,4317184,831488,1,60,31112
2026-10-03T20:09:34.4616244Z,27860,python.exe,11.59375,135364608,654278656,16,225,32444
2026-10-03T20:09:34.4616244Z,5492,sherpa-onnx-nemotron-worker.exe,395.65625,797982720,821506048,5,151,31000
2026-10-03T20:09:34.4616244Z,28032,chrome.exe,25.40625,189579264,74326016,47,1626,3080
2026-10-03T20:09:34.4616244Z,24628,chrome.exe,0.03125,10592256,2519040,8,172,28032
2026-10-03T20:09:34.4616244Z,28216,chrome.exe,6.140625,93483008,71155712,18,612,28032
2026-10-03T20:09:34.4616244Z,31140,chrome.exe,6.90625,44376064,14094336,22,398,28032
2026-10-03T20:09:34.4616244Z,18580,chrome.exe,0.109375,18935808,8077312,11,175,28032
2026-10-03T20:09:34.4616244Z,30988,chrome.exe,2.84375,79515648,36241408,26,332,28032
2026-10-03T20:09:34.4616244Z,21744,chrome.exe,30.15625,212606976,172806144,31,395,28032
2026-10-03T20:09:34.4616244Z,25516,chrome.exe,5.828125,24395776,8810496,11,271,28032
2026-10-03T20:09:34.4616244Z,30996,chrome.exe,1.15625,33771520,15765504,12,214,28032
2026-10-03T20:09:34.4616244Z,13488,powershell.exe,53.890625,102502400,82890752,12,644,9624
2026-10-03T20:09:36.0904545Z,32444,python.exe,0.015625,4317184,831488,1,60,31112
2026-10-03T20:09:36.0904545Z,27860,python.exe,11.59375,135364608,654278656,16,225,32444
2026-10-03T20:09:36.0904545Z,5492,sherpa-onnx-nemotron-worker.exe,395.65625,797982720,821506048,5,151,31000
2026-10-03T20:09:36.0904545Z,28032,chrome.exe,25.40625,189579264,74326016,47,1626,3080
2026-10-03T20:09:36.0904545Z,24628,chrome.exe,0.03125,10592256,2519040,8,172,28032
2026-10-03T20:09:36.0904545Z,28216,chrome.exe,6.140625,93483008,71155712,18,612,28032
2026-10-03T20:09:36.0904545Z,31140,chrome.exe,6.90625,44376064,14094336,22,398,28032
2026-10-03T20:09:36.0904545Z,18580,chrome.exe,0.109375,18935808,8077312,11,175,28032
2026-10-03T20:09:36.0904545Z,30988,chrome.exe,2.84375,79515648,36241408,26,332,28032
2026-10-03T20:09:36.0904545Z,21744,chrome.exe,30.171875,211181568,171298816,31,395,28032
2026-10-03T20:09:36.0904545Z,25516,chrome.exe,5.828125,24395776,8810496,11,271,28032
2026-10-03T20:09:36.0904545Z,30996,chrome.exe,1.15625,33771520,15765504,12,214,28032
2026-10-03T20:09:36.0904545Z,13488,powershell.exe,54.078125,102617088,82976768,12,648,9624
2026-10-03T20:09:37.7157212Z,32444,python.exe,0.015625,4317184,831488,1,60,31112
2026-10-03T20:09:37.7157212Z,27860,python.exe,11.59375,135364608,654278656,16,225,32444
2026-10-03T20:09:37.7157212Z,5492,sherpa-onnx-nemotron-worker.exe,395.65625,797982720,821506048,5,151,31000
2026-10-03T20:09:37.7157212Z,28032,chrome.exe,25.421875,189579264,74326016,47,1626,3080
2026-10-03T20:09:37.7157212Z,24628,chrome.exe,0.03125,10592256,2519040,8,172,28032
2026-10-03T20:09:37.7157212Z,28216,chrome.exe,6.140625,93483008,71155712,18,612,28032
2026-10-03T20:09:37.7157212Z,31140,chrome.exe,6.90625,44376064,14094336,22,398,28032
2026-10-03T20:09:37.7157212Z,18580,chrome.exe,0.109375,18935808,8077312,11,175,28032
2026-10-03T20:09:37.7157212Z,30988,chrome.exe,2.84375,79515648,36241408,26,332,28032
2026-10-03T20:09:37.7157212Z,21744,chrome.exe,30.1875,211181568,171298816,31,395,28032
2026-10-03T20:09:37.7157212Z,25516,chrome.exe,5.859375,24395776,8810496,11,271,28032
2026-10-03T20:09:37.7157212Z,30996,chrome.exe,1.15625,33771520,15765504,12,214,28032
2026-10-03T20:09:37.7157212Z,13488,powershell.exe,54.25,102645760,82980864,12,649,9624
2026-10-03T20:09:39.3239212Z,32444,python.exe,0.015625,4317184,831488,1,60,31112
2026-10-03T20:09:39.3239212Z,27860,python.exe,11.59375,135364608,654278656,16,225,32444
2026-10-03T20:09:39.3239212Z,5492,sherpa-onnx-nemotron-worker.exe,395.65625,797982720,821506048,5,151,31000
2026-10-03T20:09:39.3239212Z,28032,chrome.exe,25.421875,189550592,74297344,47,1626,3080
2026-10-03T20:09:39.3239212Z,24628,chrome.exe,0.03125,10592256,2519040,8,172,28032
2026-10-03T20:09:39.3239212Z,28216,chrome.exe,6.140625,93483008,71155712,18,612,28032
2026-10-03T20:09:39.3239212Z,31140,chrome.exe,6.90625,44376064,14094336,22,398,28032
2026-10-03T20:09:39.3239212Z,18580,chrome.exe,0.109375,18935808,8077312,11,175,28032
2026-10-03T20:09:39.3239212Z,30988,chrome.exe,2.84375,79515648,36241408,26,332,28032
2026-10-03T20:09:39.3239212Z,21744,chrome.exe,30.203125,206589952,166707200,31,395,28032
2026-10-03T20:09:39.3239212Z,25516,chrome.exe,5.875,24395776,8810496,11,271,28032
2026-10-03T20:09:39.3239212Z,30996,chrome.exe,1.15625,33771520,15765504,12,214,28032
2026-10-03T20:09:39.3239212Z,13488,powershell.exe,54.53125,102739968,83099648,12,649,9624
2026-10-03T20:09:40.9142479Z,32444,python.exe,0.015625,4317184,831488,1,60,31112
2026-10-03T20:09:40.9142479Z,27860,python.exe,11.59375,135364608,654278656,16,225,32444
2026-10-03T20:09:40.9142479Z,5492,sherpa-onnx-nemotron-worker.exe,395.65625,797982720,821506048,5,151,31000
2026-10-03T20:09:40.9142479Z,28032,chrome.exe,25.421875,189550592,74297344,47,1626,3080
2026-10-03T20:09:40.9142479Z,24628,chrome.exe,0.03125,10592256,2519040,8,172,28032
2026-10-03T20:09:40.9142479Z,28216,chrome.exe,6.140625,93483008,71155712,18,612,28032
2026-10-03T20:09:40.9142479Z,31140,chrome.exe,6.90625,44376064,14094336,22,398,28032
2026-10-03T20:09:40.9142479Z,18580,chrome.exe,0.109375,18935808,8077312,11,175,28032
2026-10-03T20:09:40.9142479Z,30988,chrome.exe,2.84375,79515648,36241408,26,332,28032
2026-10-03T20:09:40.9142479Z,21744,chrome.exe,30.234375,206589952,166707200,31,395,28032
2026-10-03T20:09:40.9142479Z,25516,chrome.exe,5.90625,24395776,8810496,11,271,28032
2026-10-03T20:09:40.9142479Z,30996,chrome.exe,1.15625,33771520,15765504,12,214,28032
2026-10-03T20:09:40.9142479Z,13488,powershell.exe,54.78125,101773312,81874944,12,639,9624
2026-10-03T20:09:42.5634018Z,32444,python.exe,0.015625,4317184,831488,1,60,31112
2026-10-03T20:09:42.5634018Z,27860,python.exe,11.59375,135364608,654278656,16,225,32444
2026-10-03T20:09:42.5634018Z,5492,sherpa-onnx-nemotron-worker.exe,395.65625,797982720,821506048,5,151,31000
2026-10-03T20:09:42.5634018Z,28032,chrome.exe,25.421875,189550592,74297344,47,1626,3080
2026-10-03T20:09:42.5634018Z,24628,chrome.exe,0.03125,10592256,2519040,8,172,28032
2026-10-03T20:09:42.5634018Z,28216,chrome.exe,6.140625,93483008,71155712,18,612,28032
2026-10-03T20:09:42.5634018Z,31140,chrome.exe,6.90625,44376064,14094336,22,398,28032
2026-10-03T20:09:42.5634018Z,18580,chrome.exe,0.109375,18935808,8077312,11,175,28032
2026-10-03T20:09:42.5634018Z,30988,chrome.exe,2.84375,79515648,36241408,26,332,28032
2026-10-03T20:09:42.5634018Z,21744,chrome.exe,30.28125,206589952,166707200,31,395,28032
2026-10-03T20:09:42.5634018Z,25516,chrome.exe,5.921875,24395776,8810496,11,271,28032
2026-10-03T20:09:42.5634018Z,30996,chrome.exe,1.15625,33771520,15765504,12,214,28032
2026-10-03T20:09:42.5634018Z,13488,powershell.exe,55.03125,102514688,83079168,12,643,9624
2026-10-03T20:09:44.1641654Z,32444,python.exe,0.015625,4317184,831488,1,60,31112
2026-10-03T20:09:44.1641654Z,27860,python.exe,11.59375,135364608,654278656,16,225,32444
2026-10-03T20:09:44.1641654Z,5492,sherpa-onnx-nemotron-worker.exe,395.65625,797982720,821506048,5,151,31000
2026-10-03T20:09:44.1641654Z,28032,chrome.exe,25.421875,189550592,74297344,47,1626,3080
2026-10-03T20:09:44.1641654Z,24628,chrome.exe,0.03125,10592256,2519040,8,172,28032
2026-10-03T20:09:44.1641654Z,28216,chrome.exe,6.140625,93483008,71155712,18,612,28032
2026-10-03T20:09:44.1641654Z,31140,chrome.exe,6.90625,44376064,14094336,22,398,28032
2026-10-03T20:09:44.1641654Z,18580,chrome.exe,0.109375,18935808,8077312,11,175,28032
2026-10-03T20:09:44.1641654Z,30988,chrome.exe,2.84375,79515648,36241408,26,332,28032
2026-10-03T20:09:44.1641654Z,21744,chrome.exe,30.296875,206589952,166707200,31,395,28032
2026-10-03T20:09:44.1641654Z,25516,chrome.exe,5.921875,24395776,8810496,11,271,28032
2026-10-03T20:09:44.1641654Z,30996,chrome.exe,1.15625,33771520,15765504,12,214,28032
2026-10-03T20:09:44.1641654Z,13488,powershell.exe,55.203125,102993920,83083264,12,648,9624
2026-10-03T20:09:45.7724676Z,32444,python.exe,0.015625,4337664,864256,2,60,31112
2026-10-03T20:09:45.7724676Z,27860,python.exe,11.59375,135426048,654352384,18,225,32444
2026-10-03T20:09:45.7724676Z,5492,sherpa-onnx-nemotron-worker.exe,395.65625,798023680,821575680,7,151,31000
2026-10-03T20:09:45.7724676Z,28032,chrome.exe,25.421875,189841408,74678272,47,1626,3080
2026-10-03T20:09:45.7724676Z,24628,chrome.exe,0.03125,10592256,2519040,8,172,28032
2026-10-03T20:09:45.7724676Z,28216,chrome.exe,6.140625,93483008,71155712,18,612,28032
2026-10-03T20:09:45.7724676Z,31140,chrome.exe,6.90625,44376064,14094336,22,398,28032
2026-10-03T20:09:45.7724676Z,18580,chrome.exe,0.109375,18935808,8077312,11,175,28032
2026-10-03T20:09:45.7724676Z,30988,chrome.exe,2.84375,79515648,36241408,26,332,28032
2026-10-03T20:09:45.7724676Z,21744,chrome.exe,30.375,205807616,166121472,31,395,28032
2026-10-03T20:09:45.7724676Z,25516,chrome.exe,5.9375,24424448,8863744,12,267,28032
2026-10-03T20:09:45.7724676Z,30996,chrome.exe,1.15625,33771520,15765504,12,214,28032
2026-10-03T20:09:45.7724676Z,13488,powershell.exe,55.359375,102236160,82558976,12,649,9624
2026-10-03T20:09:47.3663425Z,32444,python.exe,0.015625,4337664,864256,2,60,31112
2026-10-03T20:09:47.3663425Z,27860,python.exe,11.59375,135426048,654352384,18,225,32444
2026-10-03T20:09:47.3663425Z,5492,sherpa-onnx-nemotron-worker.exe,395.65625,798023680,821575680,7,151,31000
2026-10-03T20:09:47.3663425Z,28032,chrome.exe,25.421875,189550592,74297344,47,1626,3080
2026-10-03T20:09:47.3663425Z,24628,chrome.exe,0.03125,10592256,2519040,8,172,28032
2026-10-03T20:09:47.3663425Z,28216,chrome.exe,6.140625,93483008,71155712,18,612,28032
2026-10-03T20:09:47.3663425Z,31140,chrome.exe,6.90625,44376064,14094336,22,398,28032
2026-10-03T20:09:47.3663425Z,18580,chrome.exe,0.109375,18935808,8077312,11,175,28032
2026-10-03T20:09:47.3663425Z,30988,chrome.exe,2.84375,79515648,36241408,26,332,28032
2026-10-03T20:09:47.3663425Z,21744,chrome.exe,30.4375,205807616,166121472,31,395,28032
2026-10-03T20:09:47.3663425Z,25516,chrome.exe,5.9375,24424448,8863744,12,267,28032
2026-10-03T20:09:47.3663425Z,30996,chrome.exe,1.15625,33771520,15765504,12,214,28032
2026-10-03T20:09:47.3663425Z,13488,powershell.exe,55.578125,102408192,82558976,12,649,9624
2026-10-03T20:09:49.0056359Z,32444,python.exe,0.015625,4337664,864256,2,60,31112
2026-10-03T20:09:49.0056359Z,27860,python.exe,11.59375,135426048,654352384,18,225,32444
2026-10-03T20:09:49.0056359Z,5492,sherpa-onnx-nemotron-worker.exe,395.65625,798023680,821575680,7,151,31000
2026-10-03T20:09:49.0056359Z,28032,chrome.exe,25.421875,189550592,74297344,47,1626,3080
2026-10-03T20:09:49.0056359Z,24628,chrome.exe,0.03125,10592256,2519040,8,172,28032
2026-10-03T20:09:49.0056359Z,28216,chrome.exe,6.140625,93483008,71155712,18,612,28032
2026-10-03T20:09:49.0056359Z,31140,chrome.exe,6.90625,44376064,14094336,22,398,28032
2026-10-03T20:09:49.0056359Z,18580,chrome.exe,0.109375,18935808,8077312,11,175,28032
2026-10-03T20:09:49.0056359Z,30988,chrome.exe,2.84375,79515648,36241408,26,332,28032
2026-10-03T20:09:49.0056359Z,21744,chrome.exe,30.4375,205807616,166121472,31,395,28032
2026-10-03T20:09:49.0056359Z,25516,chrome.exe,5.9375,24424448,8863744,12,267,28032
2026-10-03T20:09:49.0056359Z,30996,chrome.exe,1.15625,33771520,15765504,12,214,28032
2026-10-03T20:09:49.0056359Z,13488,powershell.exe,55.765625,101388288,81399808,12,638,9624
2026-10-03T20:09:50.5970916Z,32444,python.exe,0.015625,4337664,864256,2,60,31112
2026-10-03T20:09:50.5970916Z,27860,python.exe,11.59375,135426048,654352384,18,225,32444
2026-10-03T20:09:50.5970916Z,5492,sherpa-onnx-nemotron-worker.exe,395.65625,798023680,821575680,7,151,31000
2026-10-03T20:09:50.5970916Z,28032,chrome.exe,25.421875,189550592,74297344,47,1626,3080
2026-10-03T20:09:50.5970916Z,24628,chrome.exe,0.03125,10592256,2519040,8,172,28032
2026-10-03T20:09:50.5970916Z,28216,chrome.exe,6.140625,93483008,71155712,18,612,28032
2026-10-03T20:09:50.5970916Z,31140,chrome.exe,6.90625,44376064,14094336,22,398,28032
2026-10-03T20:09:50.5970916Z,18580,chrome.exe,0.109375,18935808,8077312,11,175,28032
2026-10-03T20:09:50.5970916Z,30988,chrome.exe,2.84375,79515648,36241408,26,332,28032
2026-10-03T20:09:50.5970916Z,21744,chrome.exe,30.5,205807616,166121472,31,395,28032
2026-10-03T20:09:50.5970916Z,25516,chrome.exe,5.9375,24424448,8863744,12,267,28032
2026-10-03T20:09:50.5970916Z,30996,chrome.exe,1.15625,33771520,15765504,12,214,28032
2026-10-03T20:09:50.5970916Z,13488,powershell.exe,56,102514688,83075072,12,643,9624
2026-10-03T20:09:52.2125609Z,32444,python.exe,0.015625,4337664,864256,2,60,31112
2026-10-03T20:09:52.2125609Z,27860,python.exe,11.59375,135426048,654352384,18,225,32444
2026-10-03T20:09:52.2125609Z,5492,sherpa-onnx-nemotron-worker.exe,395.65625,798023680,821575680,7,151,31000
2026-10-03T20:09:52.2125609Z,28032,chrome.exe,25.4375,189550592,74297344,47,1626,3080
2026-10-03T20:09:52.2125609Z,24628,chrome.exe,0.03125,10592256,2519040,8,172,28032
2026-10-03T20:09:52.2125609Z,28216,chrome.exe,6.140625,93483008,71155712,18,612,28032
2026-10-03T20:09:52.2125609Z,31140,chrome.exe,6.90625,44376064,14094336,22,398,28032
2026-10-03T20:09:52.2125609Z,18580,chrome.exe,0.109375,18935808,8077312,11,175,28032
2026-10-03T20:09:52.2125609Z,30988,chrome.exe,2.84375,79515648,36241408,26,332,28032
2026-10-03T20:09:52.2125609Z,21744,chrome.exe,30.53125,205807616,166121472,31,395,28032
2026-10-03T20:09:52.2125609Z,25516,chrome.exe,5.9375,24424448,8896512,13,256,28032
2026-10-03T20:09:52.2125609Z,30996,chrome.exe,1.15625,33771520,15765504,12,214,28032
2026-10-03T20:09:52.2125609Z,13488,powershell.exe,56.1875,101392384,81424384,12,647,9624
2026-10-03T20:09:53.8203054Z,32444,python.exe,0.015625,4337664,864256,2,60,31112
2026-10-03T20:09:53.8203054Z,27860,python.exe,11.609375,135426048,654352384,18,225,32444
2026-10-03T20:09:53.8203054Z,5492,sherpa-onnx-nemotron-worker.exe,395.65625,798023680,821575680,7,151,31000
2026-10-03T20:09:53.8203054Z,28032,chrome.exe,25.4375,189550592,74297344,47,1626,3080
2026-10-03T20:09:53.8203054Z,24628,chrome.exe,0.03125,10592256,2519040,8,172,28032
2026-10-03T20:09:53.8203054Z,28216,chrome.exe,6.140625,93483008,71155712,18,612,28032
2026-10-03T20:09:53.8203054Z,31140,chrome.exe,6.90625,44376064,14094336,22,398,28032
2026-10-03T20:09:53.8203054Z,18580,chrome.exe,0.109375,18935808,8077312,11,175,28032
2026-10-03T20:09:53.8203054Z,30988,chrome.exe,2.84375,79515648,36241408,26,332,28032
2026-10-03T20:09:53.8203054Z,21744,chrome.exe,30.625,205807616,166121472,31,395,28032
2026-10-03T20:09:53.8203054Z,25516,chrome.exe,5.9375,24424448,8896512,13,256,28032
2026-10-03T20:09:53.8203054Z,30996,chrome.exe,1.15625,33771520,15765504,12,214,28032
2026-10-03T20:09:53.8203054Z,13488,powershell.exe,56.375,102326272,82616320,12,649,9624
2026-10-03T20:09:55.4404836Z,32444,python.exe,0.015625,4337664,864256,2,60,31112
2026-10-03T20:09:55.4404836Z,27860,python.exe,11.609375,135426048,654352384,18,225,32444
2026-10-03T20:09:55.4404836Z,5492,sherpa-onnx-nemotron-worker.exe,395.65625,798023680,821575680,7,151,31000
2026-10-03T20:09:55.4404836Z,28032,chrome.exe,25.4375,189550592,74297344,47,1626,3080
2026-10-03T20:09:55.4404836Z,24628,chrome.exe,0.03125,10592256,2519040,8,172,28032
2026-10-03T20:09:55.4404836Z,28216,chrome.exe,6.140625,93483008,71155712,18,612,28032
2026-10-03T20:09:55.4404836Z,31140,chrome.exe,6.90625,44376064,14094336,22,398,28032
2026-10-03T20:09:55.4404836Z,18580,chrome.exe,0.109375,18935808,8077312,11,175,28032
2026-10-03T20:09:55.4404836Z,30988,chrome.exe,2.84375,79515648,36241408,26,332,28032
2026-10-03T20:09:55.4404836Z,21744,chrome.exe,30.65625,205807616,166121472,31,395,28032
2026-10-03T20:09:55.4404836Z,25516,chrome.exe,5.9375,24424448,8896512,13,256,28032
2026-10-03T20:09:55.4404836Z,30996,chrome.exe,1.15625,33771520,15765504,12,214,28032
2026-10-03T20:09:55.4404836Z,13488,powershell.exe,56.546875,102502400,82649088,12,649,9624
2026-10-03T20:09:57.0706377Z,32444,python.exe,0.015625,4337664,864256,2,60,31112
2026-10-03T20:09:57.0706377Z,27860,python.exe,11.609375,135426048,654352384,18,225,32444
2026-10-03T20:09:57.0706377Z,5492,sherpa-onnx-nemotron-worker.exe,395.65625,798023680,821575680,7,151,31000
2026-10-03T20:09:57.0706377Z,28032,chrome.exe,25.453125,189550592,74297344,47,1626,3080
2026-10-03T20:09:57.0706377Z,24628,chrome.exe,0.03125,10592256,2519040,8,172,28032
2026-10-03T20:09:57.0706377Z,28216,chrome.exe,6.140625,93483008,71155712,18,612,28032
2026-10-03T20:09:57.0706377Z,31140,chrome.exe,6.90625,44376064,14094336,22,398,28032
2026-10-03T20:09:57.0706377Z,18580,chrome.exe,0.109375,18935808,8077312,11,175,28032
2026-10-03T20:09:57.0706377Z,30988,chrome.exe,2.84375,79515648,36241408,26,332,28032
2026-10-03T20:09:57.0706377Z,21744,chrome.exe,30.703125,205807616,166121472,31,395,28032
2026-10-03T20:09:57.0706377Z,25516,chrome.exe,5.9375,24424448,8896512,13,256,28032
2026-10-03T20:09:57.0706377Z,30996,chrome.exe,1.15625,33771520,15765504,12,214,28032
2026-10-03T20:09:57.0706377Z,13488,powershell.exe,56.8125,101097472,81514496,12,638,9624
2026-10-03T20:09:58.6596089Z,32444,python.exe,0.015625,4337664,864256,2,60,31112
2026-10-03T20:09:58.6596089Z,27860,python.exe,11.609375,135426048,654352384,18,225,32444
2026-10-03T20:09:58.6596089Z,5492,sherpa-onnx-nemotron-worker.exe,395.65625,798023680,821575680,7,151,31000
2026-10-03T20:09:58.6596089Z,28032,chrome.exe,25.484375,190717952,75530240,47,1626,3080
2026-10-03T20:09:58.6596089Z,24628,chrome.exe,0.03125,10592256,2519040,8,172,28032
2026-10-03T20:09:58.6596089Z,28216,chrome.exe,6.140625,93462528,71135232,18,612,28032
2026-10-03T20:09:58.6596089Z,31140,chrome.exe,6.90625,44367872,14086144,22,398,28032
2026-10-03T20:09:58.6596089Z,18580,chrome.exe,0.109375,18935808,8077312,11,175,28032
2026-10-03T20:09:58.6596089Z,30988,chrome.exe,2.84375,79515648,36241408,26,332,28032
2026-10-03T20:09:58.6596089Z,21744,chrome.exe,30.796875,209285120,170311680,31,395,28032
2026-10-03T20:09:58.6596089Z,25516,chrome.exe,5.9375,24424448,8896512,13,256,28032
2026-10-03T20:09:58.6596089Z,30996,chrome.exe,1.15625,33771520,15765504,12,214,28032
2026-10-03T20:09:58.6596089Z,13488,powershell.exe,57.015625,102150144,82333696,13,644,9624
2026-10-03T20:10:00.2482081Z,32444,python.exe,0.015625,4337664,864256,2,60,31112
2026-10-03T20:10:00.2482081Z,27860,python.exe,11.609375,135426048,654352384,18,225,32444
2026-10-03T20:10:00.2482081Z,5492,sherpa-onnx-nemotron-worker.exe,395.65625,798023680,821575680,7,151,31000
2026-10-03T20:10:00.2482081Z,28032,chrome.exe,25.484375,190717952,75530240,47,1626,3080
2026-10-03T20:10:00.2482081Z,24628,chrome.exe,0.03125,10592256,2519040,8,172,28032
2026-10-03T20:10:00.2482081Z,28216,chrome.exe,6.140625,93462528,71135232,18,612,28032
2026-10-03T20:10:00.2482081Z,31140,chrome.exe,6.90625,44367872,14086144,22,398,28032
2026-10-03T20:10:00.2482081Z,18580,chrome.exe,0.109375,18935808,8077312,11,175,28032
2026-10-03T20:10:00.2482081Z,30988,chrome.exe,2.84375,79515648,36241408,26,332,28032
2026-10-03T20:10:00.2482081Z,21744,chrome.exe,30.859375,209285120,170311680,31,395,28032
2026-10-03T20:10:00.2482081Z,25516,chrome.exe,5.9375,24420352,8892416,13,256,28032
2026-10-03T20:10:00.2482081Z,30996,chrome.exe,1.15625,33771520,15765504,12,214,28032
2026-10-03T20:10:00.2482081Z,13488,powershell.exe,57.234375,102412288,82472960,13,649,9624
2026-10-03T20:10:01.8510289Z,32444,python.exe,0.015625,4337664,864256,2,60,31112
2026-10-03T20:10:01.8510289Z,27860,python.exe,11.609375,135426048,654352384,18,225,32444
2026-10-03T20:10:01.8510289Z,5492,sherpa-onnx-nemotron-worker.exe,395.65625,798023680,821575680,7,151,31000
2026-10-03T20:10:01.8510289Z,28032,chrome.exe,25.484375,190717952,75530240,47,1626,3080
2026-10-03T20:10:01.8510289Z,24628,chrome.exe,0.03125,10592256,2519040,8,172,28032
2026-10-03T20:10:01.8510289Z,28216,chrome.exe,6.140625,93462528,71135232,18,612,28032
2026-10-03T20:10:01.8510289Z,31140,chrome.exe,6.90625,44367872,14086144,22,398,28032
2026-10-03T20:10:01.8510289Z,18580,chrome.exe,0.109375,18935808,8077312,11,175,28032
2026-10-03T20:10:01.8510289Z,30988,chrome.exe,2.84375,79515648,36241408,26,332,28032
2026-10-03T20:10:01.8510289Z,21744,chrome.exe,30.90625,209285120,170311680,31,395,28032
2026-10-03T20:10:01.8510289Z,25516,chrome.exe,5.9375,24420352,8892416,13,256,28032
2026-10-03T20:10:01.8510289Z,30996,chrome.exe,1.15625,33771520,15765504,12,214,28032
2026-10-03T20:10:01.8510289Z,13488,powershell.exe,57.4375,102412288,82472960,13,651,9624
