timestamp,pid,parent_pid,name,cpu_seconds,working_set,private_bytes,threads,handles
2026-10-04T03:56:03.4910977Z,26324,33688,"powershell.exe",8.203125,99549184,75149312,17,692
2026-10-04T03:56:03.4910977Z,30336,26324,"conhost.exe",0.03125,10878976,1523712,3,152
2026-10-04T03:56:03.4910977Z,22812,26324,"python.exe",0,4235264,835584,1,77
2026-10-04T03:56:03.4910977Z,33748,22812,"python.exe",14.25,105959424,621121536,22,254
2026-10-04T03:56:03.4910977Z,5128,26324,"engine.exe",1.203125,67301376,60620800,10,182
2026-10-04T03:56:03.4910977Z,25288,26324,"python.exe",0.015625,4235264,831488,1,77
2026-10-04T03:56:03.4910977Z,33664,25288,"python.exe",0.34375,25731072,16109568,6,148
2026-10-04T03:56:03.4910977Z,30116,5128,"whisper-server.exe",115.15625,802607104,1316646912,20,94
2026-10-04T03:56:03.4910977Z,15444,30116,"conhost.exe",0.015625,7790592,1232896,2,99
2026-10-04T03:56:34.8809256Z,26324,33688,"powershell.exe",10.734375,99766272,75329536,18,698
2026-10-04T03:56:34.8809256Z,30336,26324,"conhost.exe",0.03125,10866688,1482752,2,146
2026-10-04T03:56:34.8809256Z,22812,26324,"python.exe",0,4235264,835584,1,77
2026-10-04T03:56:34.8809256Z,33748,22812,"python.exe",15.734375,125227008,653660160,19,250
2026-10-04T03:56:34.8809256Z,5128,26324,"engine.exe",2.03125,69414912,64204800,12,198
2026-10-04T03:56:34.8809256Z,25288,26324,"python.exe",0.015625,4235264,831488,1,77
2026-10-04T03:56:34.8809256Z,33664,25288,"python.exe",0.75,25853952,16650240,3,148
2026-10-04T03:56:34.8809256Z,30116,5128,"whisper-server.exe",184.015625,802676736,1317224448,23,100
2026-10-04T03:56:34.8809256Z,15444,30116,"conhost.exe",0.015625,7790592,1232896,2,99
2026-10-04T03:57:06.1781566Z,26324,33688,"powershell.exe",13.25,99790848,75362304,19,707
2026-10-04T03:57:06.1781566Z,30336,26324,"conhost.exe",0.03125,10866688,1482752,2,146
2026-10-04T03:57:06.1781566Z,22812,26324,"python.exe",0,4235264,835584,1,77
2026-10-04T03:57:06.1781566Z,33748,22812,"python.exe",15.734375,125227008,653660160,19,250
2026-10-04T03:57:06.1781566Z,5128,26324,"engine.exe",2.953125,75542528,66371584,17,375
2026-10-04T03:57:06.1781566Z,25288,26324,"python.exe",0.015625,4235264,831488,1,77
2026-10-04T03:57:06.1781566Z,33664,25288,"python.exe",0.75,25858048,16658432,3,148
2026-10-04T03:57:06.1781566Z,30116,5128,"whisper-server.exe",262.078125,803008512,1318002688,23,100
2026-10-04T03:57:06.1781566Z,15444,30116,"conhost.exe",0.046875,7790592,1232896,2,99
2026-10-04T03:57:37.4350792Z,26324,33688,"powershell.exe",15.5,99758080,75288576,17,703
2026-10-04T03:57:37.4350792Z,30336,26324,"conhost.exe",0.03125,10866688,1482752,2,146
2026-10-04T03:57:37.4350792Z,22812,26324,"python.exe",0,4235264,835584,1,77
2026-10-04T03:57:37.4350792Z,33748,22812,"python.exe",16.375,134299648,652369920,16,242
2026-10-04T03:57:37.4350792Z,5128,26324,"engine.exe",3.984375,77582336,68161536,17,384
2026-10-04T03:57:37.4350792Z,25288,26324,"python.exe",0.015625,4235264,831488,1,77
2026-10-04T03:57:37.4350792Z,33664,25288,"python.exe",0.75,25821184,16584704,1,146
2026-10-04T03:57:37.4350792Z,30116,5128,"whisper-server.exe",355.609375,803332096,1318129664,26,106
2026-10-04T03:57:37.4350792Z,15444,30116,"conhost.exe",0.046875,7790592,1232896,2,99
2026-10-04T03:58:08.6634303Z,26324,33688,"powershell.exe",17.15625,99778560,75296768,17,702
2026-10-04T03:58:08.6634303Z,30336,26324,"conhost.exe",0.03125,10866688,1482752,2,146
2026-10-04T03:58:08.6634303Z,22812,26324,"python.exe",0,4235264,835584,1,77
2026-10-04T03:58:08.6634303Z,33748,22812,"python.exe",16.40625,134299648,652369920,16,242
2026-10-04T03:58:08.6634303Z,5128,26324,"engine.exe",4.65625,75997184,66252800,17,383
2026-10-04T03:58:08.6634303Z,25288,26324,"python.exe",0.015625,4235264,831488,1,77
2026-10-04T03:58:08.6634303Z,33664,25288,"python.exe",0.78125,25821184,16584704,1,146
2026-10-04T03:58:08.6634303Z,30116,5128,"whisper-server.exe",390.296875,802693120,1317539840,26,106
2026-10-04T03:58:08.6634303Z,15444,30116,"conhost.exe",0.109375,7790592,1232896,2,99
2026-10-04T03:58:39.8961418Z,26324,33688,"powershell.exe",18.90625,99926016,75255808,16,704
2026-10-04T03:58:39.8961418Z,30336,26324,"conhost.exe",0.03125,10997760,1564672,4,146
2026-10-04T03:58:39.8961418Z,22812,26324,"python.exe",0,4235264,835584,1,77
2026-10-04T03:58:39.8961418Z,33748,22812,"python.exe",17.03125,134197248,652263424,16,242
2026-10-04T03:58:39.8961418Z,5128,26324,"engine.exe",5.640625,77307904,67751936,18,392
2026-10-04T03:58:39.8961418Z,25288,26324,"python.exe",0.015625,4235264,831488,1,77
2026-10-04T03:58:39.8961418Z,33664,25288,"python.exe",0.78125,25821184,16584704,1,146
2026-10-04T03:58:39.8961418Z,30116,5128,"whisper-server.exe",487.921875,804229120,1318653952,29,112
2026-10-04T03:58:39.8961418Z,15444,30116,"conhost.exe",0.125,7790592,1232896,2,99
2026-10-04T03:59:11.9266594Z,26324,33688,"powershell.exe",20.875,99954688,75296768,17,709
2026-10-04T03:59:11.9266594Z,30336,26324,"conhost.exe",0.03125,10997760,1564672,4,146
2026-10-04T03:59:11.9266594Z,22812,26324,"python.exe",0,4235264,835584,1,77
2026-10-04T03:59:11.9266594Z,33748,22812,"python.exe",17.03125,134197248,652263424,16,242
2026-10-04T03:59:11.9266594Z,5128,26324,"engine.exe",6.59375,76341248,67149824,18,391
2026-10-04T03:59:11.9266594Z,25288,26324,"python.exe",0.015625,4235264,831488,1,77
2026-10-04T03:59:11.9266594Z,33664,25288,"python.exe",0.78125,25821184,16584704,1,146
2026-10-04T03:59:11.9266594Z,30116,5128,"whisper-server.exe",540.3125,804634624,1319088128,29,112
2026-10-04T03:59:11.9266594Z,15444,30116,"conhost.exe",0.171875,7790592,1232896,2,99
2026-10-04T03:59:43.8942273Z,26324,33688,"powershell.exe",23.625,99975168,75255808,16,711
2026-10-04T03:59:43.8942273Z,30336,26324,"conhost.exe",0.03125,11067392,1568768,4,150
2026-10-04T03:59:43.8942273Z,22812,26324,"python.exe",0,4235264,835584,1,77
2026-10-04T03:59:43.8942273Z,33748,22812,"python.exe",17.703125,134152192,652206080,16,242
2026-10-04T03:59:43.8942273Z,5128,26324,"engine.exe",7.5625,77099008,67862528,16,388
2026-10-04T03:59:43.8942273Z,25288,26324,"python.exe",0.015625,4235264,831488,1,77
2026-10-04T03:59:43.8942273Z,33664,25288,"python.exe",0.796875,25821184,16584704,1,146
2026-10-04T03:59:43.8942273Z,30116,5128,"whisper-server.exe",639.953125,805179392,1319981056,32,118
2026-10-04T03:59:43.8942273Z,15444,30116,"conhost.exe",0.171875,7790592,1232896,2,99
2026-10-04T04:00:15.5003956Z,26324,33688,"powershell.exe",25.796875,100003840,75296768,17,720
2026-10-04T04:00:15.5003956Z,30336,26324,"conhost.exe",0.03125,11042816,1527808,3,150
2026-10-04T04:00:15.5003956Z,22812,26324,"python.exe",0,4358144,905216,3,77
2026-10-04T04:00:15.5003956Z,33748,22812,"python.exe",17.71875,134410240,652427264,19,242
2026-10-04T04:00:15.5003956Z,5128,26324,"engine.exe",8.65625,76886016,67461120,18,395
2026-10-04T04:00:15.5003956Z,25288,26324,"python.exe",0.015625,4358144,901120,3,77
2026-10-04T04:00:15.5003956Z,33664,25288,"python.exe",0.8125,25956352,16658432,3,146
2026-10-04T04:00:15.5003956Z,30116,5128,"whisper-server.exe",709.484375,806731776,1321545728,33,118
2026-10-04T04:00:15.5003956Z,15444,30116,"conhost.exe",0.234375,7921664,1318912,4,99
2026-10-04T04:00:46.7484702Z,26324,33688,"powershell.exe",28.484375,99983360,75255808,16,716
2026-10-04T04:00:46.7484702Z,30336,26324,"conhost.exe",0.03125,11042816,1527808,3,150
2026-10-04T04:00:46.7484702Z,22812,26324,"python.exe",0,4358144,905216,3,77
2026-10-04T04:00:46.7484702Z,33748,22812,"python.exe",19.015625,136450048,654536704,19,242
2026-10-04T04:00:46.7484702Z,5128,26324,"engine.exe",9.5625,76414976,67002368,18,396
2026-10-04T04:00:46.7484702Z,25288,26324,"python.exe",0.015625,4358144,901120,3,77
2026-10-04T04:00:46.7484702Z,33664,25288,"python.exe",0.859375,25956352,16658432,3,146
2026-10-04T04:00:46.7484702Z,30116,5128,"whisper-server.exe",805.28125,806854656,1321676800,36,124
2026-10-04T04:00:46.7484702Z,15444,30116,"conhost.exe",0.234375,7921664,1318912,4,99
2026-10-04T04:01:18.5703700Z,26324,33688,"powershell.exe",29.984375,99987456,75264000,16,719
2026-10-04T04:01:18.5703700Z,30336,26324,"conhost.exe",0.03125,11018240,1482752,2,146
2026-10-04T04:01:18.5703700Z,22812,26324,"python.exe",0,4358144,905216,3,77
2026-10-04T04:01:18.5703700Z,33748,22812,"python.exe",20.4375,136450048,654536704,19,242
2026-10-04T04:01:18.5703700Z,5128,26324,"engine.exe",10.5,77758464,68308992,19,404
2026-10-04T04:01:18.5703700Z,25288,26324,"python.exe",0.015625,4358144,901120,3,77
2026-10-04T04:01:18.5703700Z,33664,25288,"python.exe",0.859375,25956352,16658432,3,146
2026-10-04T04:01:18.5703700Z,30116,5128,"whisper-server.exe",872.71875,807583744,1322827776,39,130
2026-10-04T04:01:18.5703700Z,15444,30116,"conhost.exe",0.265625,7921664,1318912,4,99
2026-10-04T04:01:50.0307392Z,26324,33688,"powershell.exe",32.4375,100048896,75370496,19,734
2026-10-04T04:01:50.0307392Z,30336,26324,"conhost.exe",0.03125,11018240,1482752,2,146
2026-10-04T04:01:50.0307392Z,22812,26324,"python.exe",0,4317184,835584,1,77
2026-10-04T04:01:50.0307392Z,33748,22812,"python.exe",20.4375,133885952,651841536,16,242
2026-10-04T04:01:50.0307392Z,5128,26324,"engine.exe",11.4375,77955072,68485120,18,403
2026-10-04T04:01:50.0307392Z,25288,26324,"python.exe",0.015625,4317184,831488,1,77
2026-10-04T04:01:50.0307392Z,33664,25288,"python.exe",0.859375,25915392,16584704,1,146
2026-10-04T04:01:50.0307392Z,30116,5128,"whisper-server.exe",961.453125,804859904,1319682048,38,130
2026-10-04T04:01:50.0307392Z,15444,30116,"conhost.exe",0.328125,7876608,1241088,2,99
2026-10-04T04:02:21.5455733Z,26324,33688,"powershell.exe",34.296875,100032512,75337728,18,731
2026-10-04T04:02:21.5455733Z,30336,26324,"conhost.exe",0.03125,11018240,1482752,2,146
2026-10-04T04:02:21.5455733Z,22812,26324,"python.exe",0,4317184,835584,1,77
2026-10-04T04:02:21.5455733Z,33748,22812,"python.exe",20.921875,133881856,651825152,16,242
2026-10-04T04:02:21.5455733Z,5128,26324,"engine.exe",12.25,77447168,68022272,19,404
2026-10-04T04:02:21.5455733Z,25288,26324,"python.exe",0.015625,4317184,831488,1,77
2026-10-04T04:02:21.5455733Z,33664,25288,"python.exe",0.859375,25915392,16584704,1,146
2026-10-04T04:02:21.5455733Z,30116,5128,"whisper-server.exe",1025.96875,806920192,1322024960,41,136
2026-10-04T04:02:21.5455733Z,15444,30116,"conhost.exe",0.328125,7876608,1241088,2,99
2026-10-04T04:02:52.7044992Z,26324,33688,"powershell.exe",36.921875,100057088,75329536,18,743
2026-10-04T04:02:52.7044992Z,30336,26324,"conhost.exe",0.03125,11018240,1482752,2,146
2026-10-04T04:02:52.7044992Z,22812,26324,"python.exe",0,4317184,835584,1,77
2026-10-04T04:02:52.7044992Z,33748,22812,"python.exe",20.9375,133881856,651825152,16,242
2026-10-04T04:02:52.7044992Z,5128,26324,"engine.exe",13.234375,76533760,67416064,19,403
2026-10-04T04:02:52.7044992Z,25288,26324,"python.exe",0.015625,4317184,831488,1,77
2026-10-04T04:02:52.7044992Z,33664,25288,"python.exe",0.859375,25915392,16584704,1,146
2026-10-04T04:02:52.7044992Z,30116,5128,"whisper-server.exe",1107.296875,805543936,1320079360,41,136
2026-10-04T04:02:52.7044992Z,15444,30116,"conhost.exe",0.375,7876608,1241088,2,99
2026-10-04T04:03:23.9357242Z,26324,33688,"powershell.exe",38.734375,100020224,75255808,16,736
2026-10-04T04:03:23.9357242Z,30336,26324,"conhost.exe",0.03125,11018240,1482752,2,146
2026-10-04T04:03:23.9357242Z,22812,26324,"python.exe",0,4317184,835584,1,77
2026-10-04T04:03:23.9357242Z,33748,22812,"python.exe",21.640625,134258688,652206080,16,242
2026-10-04T04:03:23.9357242Z,5128,26324,"engine.exe",14.015625,77692928,68571136,19,404
2026-10-04T04:03:23.9357242Z,25288,26324,"python.exe",0.015625,4317184,831488,1,77
2026-10-04T04:03:23.9357242Z,33664,25288,"python.exe",0.875,25915392,16584704,1,146
2026-10-04T04:03:23.9357242Z,30116,5128,"whisper-server.exe",1195.515625,806252544,1321021440,44,142
2026-10-04T04:03:23.9357242Z,15444,30116,"conhost.exe",0.375,7876608,1241088,2,99
2026-10-04T04:03:55.3942548Z,26324,33688,"powershell.exe",39.9375,100081664,75329536,18,736
2026-10-04T04:03:55.3942548Z,30336,26324,"conhost.exe",0.03125,11055104,1560576,4,146
2026-10-04T04:03:55.3942548Z,22812,26324,"python.exe",0,4317184,835584,1,77
2026-10-04T04:03:55.3942548Z,33748,22812,"python.exe",22.21875,133881856,651825152,16,242
2026-10-04T04:03:55.3942548Z,5128,26324,"engine.exe",14.640625,76513280,67330048,19,404
2026-10-04T04:03:55.3942548Z,25288,26324,"python.exe",0.015625,4317184,831488,1,77
2026-10-04T04:03:55.3942548Z,33664,25288,"python.exe",0.890625,25915392,16584704,1,146
2026-10-04T04:03:55.3942548Z,30116,5128,"whisper-server.exe",1235.5,805683200,1320615936,47,148
2026-10-04T04:03:55.3942548Z,15444,30116,"conhost.exe",0.390625,7876608,1241088,2,99
2026-10-04T04:04:26.1643407Z,26324,33688,"powershell.exe",41.6875,100106240,75362304,19,745
2026-10-04T04:04:26.1643407Z,30336,26324,"conhost.exe",0.03125,11055104,1560576,4,146
2026-10-04T04:04:26.1643407Z,22812,26324,"python.exe",0,4317184,835584,1,77
2026-10-04T04:04:26.1643407Z,33748,22812,"python.exe",22.234375,133881856,651825152,16,242
2026-10-04T04:04:26.1643407Z,5128,26324,"engine.exe",15.609375,76648448,67137536,18,403
2026-10-04T04:04:26.1643407Z,25288,26324,"python.exe",0.015625,4317184,831488,1,77
2026-10-04T04:04:26.1643407Z,33664,25288,"python.exe",0.90625,25915392,16584704,1,146
2026-10-04T04:04:26.1643407Z,30116,5128,"whisper-server.exe",1346.3125,809357312,1324306432,47,148
2026-10-04T04:04:26.1643407Z,15444,30116,"conhost.exe",0.40625,7876608,1241088,2,99
2026-10-04T04:04:57.4609010Z,26324,33688,"powershell.exe",42.75,100044800,75264000,16,734
2026-10-04T04:04:57.4609010Z,30336,26324,"conhost.exe",0.03125,11018240,1482752,2,146
2026-10-04T04:04:57.4609010Z,22812,26324,"python.exe",0,4317184,835584,1,77
2026-10-04T04:04:57.4609010Z,33748,22812,"python.exe",22.921875,133881856,651825152,16,242
2026-10-04T04:04:57.4609010Z,5128,26324,"engine.exe",16.390625,77213696,67670016,18,404
2026-10-04T04:04:57.4609010Z,25288,26324,"python.exe",0.015625,4317184,831488,1,77
2026-10-04T04:04:57.4609010Z,33664,25288,"python.exe",0.921875,25915392,16584704,1,146
2026-10-04T04:04:57.4609010Z,30116,5128,"whisper-server.exe",1416.25,809500672,1324470272,50,154
2026-10-04T04:04:57.4609010Z,15444,30116,"conhost.exe",0.40625,7876608,1241088,2,99
2026-10-04T04:05:28.6208949Z,26324,33688,"powershell.exe",44.5625,100065280,75296768,17,734
2026-10-04T04:05:28.6208949Z,30336,26324,"conhost.exe",0.03125,11018240,1482752,2,146
2026-10-04T04:05:28.6208949Z,22812,26324,"python.exe",0,4337664,872448,2,77
2026-10-04T04:05:28.6208949Z,33748,22812,"python.exe",22.921875,133967872,651952128,18,242
2026-10-04T04:05:28.6208949Z,5128,26324,"engine.exe",17.109375,76443648,66945024,20,403
2026-10-04T04:05:28.6208949Z,25288,26324,"python.exe",0.015625,4337664,864256,2,77
2026-10-04T04:05:28.6208949Z,33664,25288,"python.exe",0.9375,25956352,16658432,3,146
2026-10-04T04:05:28.6208949Z,30116,5128,"whisper-server.exe",1480.390625,807837696,1322893312,51,154
2026-10-04T04:05:28.6208949Z,15444,30116,"conhost.exe",0.40625,7897088,1277952,3,99
2026-10-04T04:05:59.8098970Z,26324,33688,"powershell.exe",46.65625,100044800,75255808,16,736
2026-10-04T04:05:59.8098970Z,30336,26324,"conhost.exe",0.03125,11018240,1482752,2,146
2026-10-04T04:05:59.8098970Z,22812,26324,"python.exe",0,4337664,872448,2,77
2026-10-04T04:05:59.8098970Z,33748,22812,"python.exe",23.4375,136171520,654204928,18,242
2026-10-04T04:05:59.8098970Z,5128,26324,"engine.exe",17.84375,77504512,67993600,20,404
2026-10-04T04:05:59.8098970Z,25288,26324,"python.exe",0.015625,4337664,864256,2,77
2026-10-04T04:05:59.8098970Z,33664,25288,"python.exe",0.9375,25956352,16658432,3,146
2026-10-04T04:05:59.8098970Z,30116,5128,"whisper-server.exe",1571.21875,808796160,1323778048,54,160
2026-10-04T04:05:59.8098970Z,15444,30116,"conhost.exe",0.40625,7897088,1277952,3,99
2026-10-04T04:06:30.9721811Z,26324,33688,"powershell.exe",49.703125,100065280,75296768,17,739
2026-10-04T04:06:30.9721811Z,30336,26324,"conhost.exe",0.03125,11018240,1482752,2,146
2026-10-04T04:06:30.9721811Z,22812,26324,"python.exe",0,4317184,835584,1,77
2026-10-04T04:06:30.9721811Z,33748,22812,"python.exe",23.4375,133881856,651825152,16,242
2026-10-04T04:06:30.9721811Z,5128,26324,"engine.exe",18.5625,76906496,67383296,18,403
2026-10-04T04:06:30.9721811Z,25288,26324,"python.exe",0.015625,4317184,831488,1,77
2026-10-04T04:06:30.9721811Z,33664,25288,"python.exe",0.9375,25915392,16584704,1,146
2026-10-04T04:06:30.9721811Z,30116,5128,"whisper-server.exe",1633.4375,806187008,1320890368,53,160
2026-10-04T04:06:30.9721811Z,15444,30116,"conhost.exe",0.453125,7876608,1241088,2,99
2026-10-04T04:07:02.1552935Z,26324,33688,"powershell.exe",52.265625,100032512,75223040,15,732
2026-10-04T04:07:02.1552935Z,30336,26324,"conhost.exe",0.03125,11018240,1482752,2,146
2026-10-04T04:07:02.1552935Z,22812,26324,"python.exe",0,4317184,835584,1,77
2026-10-04T04:07:02.1552935Z,33748,22812,"python.exe",24.0625,134258688,652206080,16,242
2026-10-04T04:07:02.1552935Z,5128,26324,"engine.exe",19.40625,77807616,68284416,18,404
2026-10-04T04:07:02.1552935Z,25288,26324,"python.exe",0.015625,4317184,831488,1,77
2026-10-04T04:07:02.1552935Z,33664,25288,"python.exe",0.96875,25915392,16584704,1,146
2026-10-04T04:07:02.1552935Z,30116,5128,"whisper-server.exe",1744.015625,806678528,1321480192,56,166
2026-10-04T04:07:02.1552935Z,15444,30116,"conhost.exe",0.453125,7876608,1241088,2,99
2026-10-04T04:07:34.1417517Z,26324,33688,"powershell.exe",53.703125,100073472,75296768,17,734
2026-10-04T04:07:34.1417517Z,30336,26324,"conhost.exe",0.03125,11018240,1482752,2,146
2026-10-04T04:07:34.1417517Z,22812,26324,"python.exe",0,4317184,835584,1,77
2026-10-04T04:07:34.1417517Z,33748,22812,"python.exe",24.71875,133881856,651825152,16,242
2026-10-04T04:07:34.1417517Z,5128,26324,"engine.exe",20.125,76521472,66977792,18,404
2026-10-04T04:07:34.1417517Z,25288,26324,"python.exe",0.015625,4317184,831488,1,77
2026-10-04T04:07:34.1417517Z,33664,25288,"python.exe",1,25915392,16584704,1,146
2026-10-04T04:07:34.1417517Z,30116,5128,"whisper-server.exe",1791.4375,808292352,1323507712,59,172
2026-10-04T04:07:34.1417517Z,15444,30116,"conhost.exe",0.453125,7876608,1241088,2,99
2026-10-04T04:08:05.3044278Z,26324,33688,"powershell.exe",55.4375,100073472,75296768,17,734
2026-10-04T04:08:05.3044278Z,30336,26324,"conhost.exe",0.03125,11018240,1482752,2,146
2026-10-04T04:08:05.3044278Z,22812,26324,"python.exe",0,4317184,835584,1,77
2026-10-04T04:08:05.3044278Z,33748,22812,"python.exe",24.734375,133881856,651825152,16,242
2026-10-04T04:08:05.3044278Z,5128,26324,"engine.exe",20.84375,76718080,67145728,18,403
2026-10-04T04:08:05.3044278Z,25288,26324,"python.exe",0.015625,4317184,831488,1,77
2026-10-04T04:08:05.3044278Z,33664,25288,"python.exe",1.015625,25915392,16584704,1,146
2026-10-04T04:08:05.3044278Z,30116,5128,"whisper-server.exe",1860.40625,809013248,1324093440,59,172
2026-10-04T04:08:05.3044278Z,15444,30116,"conhost.exe",0.453125,7876608,1241088,2,99
2026-10-04T04:08:36.6826608Z,26324,33688,"powershell.exe",57.609375,100052992,75255808,16,734
2026-10-04T04:08:36.6826608Z,30336,26324,"conhost.exe",0.03125,11018240,1482752,2,146
2026-10-04T04:08:36.6826608Z,22812,26324,"python.exe",0,4317184,835584,1,77
2026-10-04T04:08:36.6826608Z,33748,22812,"python.exe",25.421875,133881856,651825152,16,242
2026-10-04T04:08:36.6826608Z,5128,26324,"engine.exe",21.5625,77815808,68243456,18,404
2026-10-04T04:08:36.6826608Z,25288,26324,"python.exe",0.015625,4317184,831488,1,77
2026-10-04T04:08:36.6826608Z,33664,25288,"python.exe",1.015625,25915392,16584704,1,146
2026-10-04T04:08:36.6826608Z,30116,5128,"whisper-server.exe",1977.953125,806985728,1321684992,62,176
2026-10-04T04:08:36.6826608Z,15444,30116,"conhost.exe",0.46875,7876608,1241088,2,99
2026-10-04T04:09:08.5145538Z,26324,33688,"powershell.exe",59.390625,100052992,75264000,16,732
2026-10-04T04:09:08.5145538Z,30336,26324,"conhost.exe",0.03125,11018240,1482752,2,146
2026-10-04T04:09:08.5145538Z,22812,26324,"python.exe",0,4317184,835584,1,77
2026-10-04T04:09:08.5145538Z,33748,22812,"python.exe",26.046875,133881856,651825152,16,242
2026-10-04T04:09:08.5145538Z,5128,26324,"engine.exe",22.265625,77672448,68112384,18,404
2026-10-04T04:09:08.5145538Z,25288,26324,"python.exe",0.015625,4317184,831488,1,77
2026-10-04T04:09:08.5145538Z,33664,25288,"python.exe",1.015625,25915392,16584704,1,146
2026-10-04T04:09:08.5145538Z,30116,5128,"whisper-server.exe",2013.609375,809320448,1324412928,62,177
2026-10-04T04:09:08.5145538Z,15444,30116,"conhost.exe",0.46875,7876608,1241088,2,99
2026-10-04T04:09:40.2200801Z,26324,33688,"powershell.exe",62.34375,100073472,75296768,17,735
2026-10-04T04:09:40.2200801Z,30336,26324,"conhost.exe",0.03125,11018240,1482752,2,146
2026-10-04T04:09:40.2200801Z,22812,26324,"python.exe",0,4317184,835584,1,77
2026-10-04T04:09:40.2200801Z,33748,22812,"python.exe",26.0625,133881856,651825152,16,242
2026-10-04T04:09:40.2200801Z,5128,26324,"engine.exe",23.359375,77950976,68390912,18,403
2026-10-04T04:09:40.2200801Z,25288,26324,"python.exe",0.015625,4317184,831488,1,77
2026-10-04T04:09:40.2200801Z,33664,25288,"python.exe",1.046875,25915392,16584704,1,146
2026-10-04T04:09:40.2200801Z,30116,5128,"whisper-server.exe",2128.5625,806739968,1321463808,62,176
2026-10-04T04:09:40.2200801Z,15444,30116,"conhost.exe",0.484375,7876608,1241088,2,99
2026-10-04T04:10:11.9488262Z,26324,33688,"powershell.exe",64.328125,100077568,75296768,17,734
2026-10-04T04:10:11.9488262Z,30336,26324,"conhost.exe",0.03125,11018240,1482752,2,146
2026-10-04T04:10:11.9488262Z,22812,26324,"python.exe",0,4317184,835584,1,77
2026-10-04T04:10:11.9488262Z,33748,22812,"python.exe",26.5,134262784,652206080,16,242
2026-10-04T04:10:11.9488262Z,5128,26324,"engine.exe",24.140625,77828096,68292608,18,404
2026-10-04T04:10:11.9488262Z,25288,26324,"python.exe",0.015625,4317184,831488,1,77
2026-10-04T04:10:11.9488262Z,33664,25288,"python.exe",1.046875,25915392,16584704,1,146
2026-10-04T04:10:11.9488262Z,30116,5128,"whisper-server.exe",2190.59375,807702528,1322668032,62,177
2026-10-04T04:10:11.9488262Z,15444,30116,"conhost.exe",0.484375,7876608,1241088,2,99
2026-10-04T04:10:43.2128934Z,26324,33688,"powershell.exe",65.65625,100098048,75329536,18,742
2026-10-04T04:10:43.2128934Z,30336,26324,"conhost.exe",0.03125,11018240,1482752,2,146
2026-10-04T04:10:43.2128934Z,22812,26324,"python.exe",0,4317184,835584,1,77
2026-10-04T04:10:43.2128934Z,33748,22812,"python.exe",26.5,134262784,652206080,16,242
2026-10-04T04:10:43.2128934Z,5128,26324,"engine.exe",25.03125,77381632,67842048,18,403
2026-10-04T04:10:43.2128934Z,25288,26324,"python.exe",0.015625,4317184,831488,1,77
2026-10-04T04:10:43.2128934Z,33664,25288,"python.exe",1.046875,25915392,16584704,1,146
2026-10-04T04:10:43.2128934Z,30116,5128,"whisper-server.exe",2240.921875,806289408,1321046016,62,177
2026-10-04T04:10:43.2128934Z,15444,30116,"conhost.exe",0.484375,7876608,1241088,2,99
2026-10-04T04:11:14.3643786Z,26324,33688,"powershell.exe",68.125,100057088,75255808,16,734
2026-10-04T04:11:14.3643786Z,30336,26324,"conhost.exe",0.03125,11018240,1482752,2,146
2026-10-04T04:11:14.3643786Z,22812,26324,"python.exe",0,4317184,835584,1,77
2026-10-04T04:11:14.3643786Z,33748,22812,"python.exe",26.96875,133885952,651825152,16,242
2026-10-04T04:11:14.3643786Z,5128,26324,"engine.exe",26.125,76427264,66867200,18,404
2026-10-04T04:11:14.3643786Z,25288,26324,"python.exe",0.015625,4317184,831488,1,77
2026-10-04T04:11:14.3643786Z,33664,25288,"python.exe",1.0625,25915392,16584704,1,146
2026-10-04T04:11:14.3643786Z,30116,5128,"whisper-server.exe",2354.5,805851136,1320525824,62,178
2026-10-04T04:11:14.3643786Z,15444,30116,"conhost.exe",0.484375,7876608,1241088,2,99
2026-10-04T04:11:46.2862076Z,26324,33688,"powershell.exe",69.875,100077568,75296768,17,732
2026-10-04T04:11:46.2862076Z,30336,26324,"conhost.exe",0.03125,11018240,1482752,2,146
2026-10-04T04:11:46.2862076Z,22812,26324,"python.exe",0,4317184,835584,1,77
2026-10-04T04:11:46.2862076Z,33748,22812,"python.exe",27.59375,133885952,651825152,16,242
2026-10-04T04:11:46.2862076Z,5128,26324,"engine.exe",26.734375,77471744,67870720,18,404
2026-10-04T04:11:46.2862076Z,25288,26324,"python.exe",0.015625,4317184,831488,1,77
2026-10-04T04:11:46.2862076Z,33664,25288,"python.exe",1.09375,25915392,16584704,1,146
2026-10-04T04:11:46.2862076Z,30116,5128,"whisper-server.exe",2421,807358464,1322401792,62,179
2026-10-04T04:11:46.2862076Z,15444,30116,"conhost.exe",0.484375,7876608,1241088,2,99
2026-10-04T04:12:17.5930477Z,26324,33688,"powershell.exe",71.6875,100077568,75296768,17,737
2026-10-04T04:12:17.5930477Z,30336,26324,"conhost.exe",0.03125,11018240,1482752,2,146
2026-10-04T04:12:17.5930477Z,22812,26324,"python.exe",0,4317184,835584,1,77
2026-10-04T04:12:17.5930477Z,33748,22812,"python.exe",27.59375,133885952,651825152,16,242
2026-10-04T04:12:17.5930477Z,5128,26324,"engine.exe",27.578125,76541952,66953216,18,403
2026-10-04T04:12:17.5930477Z,25288,26324,"python.exe",0.015625,4317184,831488,1,77
2026-10-04T04:12:17.5930477Z,33664,25288,"python.exe",1.109375,25915392,16584704,1,146
2026-10-04T04:12:17.5930477Z,30116,5128,"whisper-server.exe",2488.40625,806256640,1321209856,62,179
2026-10-04T04:12:17.5930477Z,15444,30116,"conhost.exe",0.515625,7876608,1241088,2,99
2026-10-04T04:12:48.7887328Z,26324,33688,"powershell.exe",73.484375,100065280,75255808,16,734
2026-10-04T04:12:48.7887328Z,30336,26324,"conhost.exe",0.03125,11018240,1482752,2,146
2026-10-04T04:12:48.7887328Z,22812,26324,"python.exe",0,4317184,835584,1,77
2026-10-04T04:12:48.7887328Z,33748,22812,"python.exe",28.046875,133885952,651825152,16,242
2026-10-04T04:12:48.7887328Z,5128,26324,"engine.exe",28.65625,77869056,68300800,19,404
2026-10-04T04:12:48.7887328Z,25288,26324,"python.exe",0.015625,4317184,831488,1,77
2026-10-04T04:12:48.7887328Z,33664,25288,"python.exe",1.109375,25915392,16584704,1,146
2026-10-04T04:12:48.7887328Z,30116,5128,"whisper-server.exe",2576.5,807739392,1322545152,62,180
2026-10-04T04:12:48.7887328Z,15444,30116,"conhost.exe",0.515625,7876608,1241088,2,99
2026-10-04T04:13:20.2114772Z,26324,33688,"powershell.exe",75.109375,100093952,75296768,17,736
2026-10-04T04:13:20.2114772Z,30336,26324,"conhost.exe",0.03125,11018240,1482752,2,146
2026-10-04T04:13:20.2114772Z,22812,26324,"python.exe",0,4317184,835584,1,77
2026-10-04T04:13:20.2114772Z,33748,22812,"python.exe",28.46875,134262784,652206080,16,242
2026-10-04T04:13:20.2114772Z,5128,26324,"engine.exe",29.625,77942784,68452352,19,404
2026-10-04T04:13:20.2114772Z,25288,26324,"python.exe",0.015625,4317184,831488,1,77
2026-10-04T04:13:20.2114772Z,33664,25288,"python.exe",1.125,25915392,16584704,1,146
2026-10-04T04:13:20.2114772Z,30116,5128,"whisper-server.exe",2628.171875,809742336,1324711936,62,180
2026-10-04T04:13:20.2114772Z,15444,30116,"conhost.exe",0.578125,7876608,1241088,2,99
2026-10-04T04:13:50.8216429Z,26324,33688,"powershell.exe",77.296875,100114432,75329536,18,735
2026-10-04T04:13:50.8216429Z,30336,26324,"conhost.exe",0.03125,11018240,1482752,2,146
2026-10-04T04:13:50.8216429Z,22812,26324,"python.exe",0,4317184,835584,1,77
2026-10-04T04:13:50.8216429Z,33748,22812,"python.exe",28.515625,134283264,652242944,17,242
2026-10-04T04:13:50.8216429Z,5128,26324,"engine.exe",30.546875,76730368,67162112,19,403
2026-10-04T04:13:50.8216429Z,25288,26324,"python.exe",0.015625,4317184,831488,1,77
2026-10-04T04:13:50.8216429Z,33664,25288,"python.exe",1.140625,25915392,16584704,1,146
2026-10-04T04:13:50.8216429Z,30116,5128,"whisper-server.exe",2700.828125,806600704,1321549824,62,180
2026-10-04T04:13:50.8216429Z,15444,30116,"conhost.exe",0.59375,7876608,1241088,2,99
2026-10-04T04:14:21.4323085Z,26324,33688,"powershell.exe",78.609375,100093952,75296768,17,739
2026-10-04T04:14:21.4323085Z,30336,26324,"conhost.exe",0.03125,11018240,1482752,2,146
2026-10-04T04:14:21.4323085Z,22812,26324,"python.exe",0,4317184,835584,1,77
2026-10-04T04:14:21.4323085Z,33748,22812,"python.exe",28.953125,133906432,651862016,17,242
2026-10-04T04:14:21.4323085Z,5128,26324,"engine.exe",31.25,76865536,67276800,18,403
2026-10-04T04:14:21.4323085Z,25288,26324,"python.exe",0.015625,4317184,831488,1,77
2026-10-04T04:14:21.4323085Z,33664,25288,"python.exe",1.15625,25935872,16621568,2,146
2026-10-04T04:14:21.4323085Z,30116,5128,"whisper-server.exe",2785.265625,809603072,1325281280,62,181
2026-10-04T04:14:21.4323085Z,15444,30116,"conhost.exe",0.59375,7876608,1241088,2,99
2026-10-04T04:14:52.5428470Z,26324,33688,"powershell.exe",80.609375,100073472,75255808,16,734
2026-10-04T04:14:52.5428470Z,30336,26324,"conhost.exe",0.03125,11018240,1482752,2,146
2026-10-04T04:14:52.5428470Z,22812,26324,"python.exe",0,4317184,835584,1,77
2026-10-04T04:14:52.5428470Z,33748,22812,"python.exe",29.53125,133906432,651862016,17,242
2026-10-04T04:14:52.5428470Z,5128,26324,"engine.exe",31.921875,78319616,68718592,18,404
2026-10-04T04:14:52.5428470Z,25288,26324,"python.exe",0.015625,4317184,831488,1,77
2026-10-04T04:14:52.5428470Z,33664,25288,"python.exe",1.1875,25935872,16621568,2,146
2026-10-04T04:14:52.5428470Z,30116,5128,"whisper-server.exe",2873.6875,811794432,1327071232,62,182
2026-10-04T04:14:52.5428470Z,15444,30116,"conhost.exe",0.609375,7876608,1241088,2,99
2026-10-04T04:15:23.7542099Z,26324,33688,"powershell.exe",81.921875,100093952,75296768,17,736
2026-10-04T04:15:23.7542099Z,30336,26324,"conhost.exe",0.03125,11018240,1482752,2,146
2026-10-04T04:15:23.7542099Z,22812,26324,"python.exe",0,4317184,835584,1,77
2026-10-04T04:15:23.7542099Z,33748,22812,"python.exe",30.0625,133885952,651825152,16,242
2026-10-04T04:15:23.7542099Z,5128,26324,"engine.exe",32.453125,78008320,68399104,18,404
2026-10-04T04:15:23.7542099Z,25288,26324,"python.exe",0.015625,4317184,831488,1,77
2026-10-04T04:15:23.7542099Z,33664,25288,"python.exe",1.1875,25935872,16621568,2,146
2026-10-04T04:15:23.7542099Z,30116,5128,"whisper-server.exe",2909.203125,808230912,1323233280,62,183
2026-10-04T04:15:23.7542099Z,15444,30116,"conhost.exe",0.640625,7876608,1241088,2,99
2026-10-04T04:15:54.3955983Z,26324,33688,"powershell.exe",83.59375,100073472,75264000,16,738
2026-10-04T04:15:54.3955983Z,30336,26324,"conhost.exe",0.03125,11018240,1482752,2,146
2026-10-04T04:15:54.3955983Z,22812,26324,"python.exe",0,4317184,835584,1,77
2026-10-04T04:15:54.3955983Z,33748,22812,"python.exe",30.078125,133885952,651825152,16,242
2026-10-04T04:15:54.3955983Z,5128,26324,"engine.exe",33.234375,77389824,67854336,18,403
2026-10-04T04:15:54.3955983Z,25288,26324,"python.exe",0.015625,4317184,831488,1,77
2026-10-04T04:15:54.3955983Z,33664,25288,"python.exe",1.1875,25935872,16621568,2,146
2026-10-04T04:15:54.3955983Z,30116,5128,"whisper-server.exe",2986.015625,808026112,1322737664,62,182
2026-10-04T04:15:54.3955983Z,15444,30116,"conhost.exe",0.703125,7876608,1241088,2,99
2026-10-04T04:16:25.2200851Z,26324,33688,"powershell.exe",84.890625,100126720,75329536,18,739
2026-10-04T04:16:25.2200851Z,30336,26324,"conhost.exe",0.03125,11018240,1482752,2,146
2026-10-04T04:16:25.2200851Z,22812,26324,"python.exe",0,4317184,835584,1,77
2026-10-04T04:16:25.2200851Z,33748,22812,"python.exe",30.515625,134778880,652738560,16,242
2026-10-04T04:16:25.2200851Z,5128,26324,"engine.exe",33.984375,78376960,68845568,18,403
2026-10-04T04:16:25.2200851Z,25288,26324,"python.exe",0.015625,4317184,831488,1,77
2026-10-04T04:16:25.2200851Z,33664,25288,"python.exe",1.1875,25915392,16584704,1,146
2026-10-04T04:16:25.2200851Z,30116,5128,"whisper-server.exe",3073.609375,806715392,1321615360,62,183
2026-10-04T04:16:25.2200851Z,15444,30116,"conhost.exe",0.71875,7876608,1241088,2,99
2026-10-04T04:16:56.5019458Z,26324,33688,"powershell.exe",86.46875,100106240,75296768,17,733
2026-10-04T04:16:56.5019458Z,30336,26324,"conhost.exe",0.03125,11018240,1482752,2,146
2026-10-04T04:16:56.5019458Z,22812,26324,"python.exe",0,4317184,835584,1,77
2026-10-04T04:16:56.5019458Z,33748,22812,"python.exe",31.015625,133885952,651825152,16,242
2026-10-04T04:16:56.5019458Z,5128,26324,"engine.exe",34.765625,77352960,67743744,18,404
2026-10-04T04:16:56.5019458Z,25288,26324,"python.exe",0.015625,4317184,831488,1,77
2026-10-04T04:16:56.5019458Z,33664,25288,"python.exe",1.234375,25915392,16584704,1,146
2026-10-04T04:16:56.5019458Z,30116,5128,"whisper-server.exe",3139.9375,807116800,1322098688,62,184
2026-10-04T04:16:56.5019458Z,15444,30116,"conhost.exe",0.71875,7876608,1241088,2,99
2026-10-04T04:17:28.3023534Z,26324,33688,"powershell.exe",87.734375,100106240,75296768,17,734
2026-10-04T04:17:28.3023534Z,30336,26324,"conhost.exe",0.03125,11018240,1482752,2,146
2026-10-04T04:17:28.3023534Z,22812,26324,"python.exe",0,4317184,835584,1,77
2026-10-04T04:17:28.3023534Z,33748,22812,"python.exe",31.46875,133885952,651825152,16,242
2026-10-04T04:17:28.3023534Z,5128,26324,"engine.exe",35.265625,78323712,68968448,18,404
2026-10-04T04:17:28.3023534Z,25288,26324,"python.exe",0.015625,4317184,831488,1,77
2026-10-04T04:17:28.3023534Z,33664,25288,"python.exe",1.25,25915392,16584704,1,146
2026-10-04T04:17:28.3023534Z,30116,5128,"whisper-server.exe",3207.609375,807546880,1322508288,62,185
2026-10-04T04:17:28.3023534Z,15444,30116,"conhost.exe",0.71875,7876608,1241088,2,99
2026-10-04T04:17:59.4011310Z,26324,33688,"powershell.exe",89.75,100106240,75296768,17,734
2026-10-04T04:17:59.4011310Z,30336,26324,"conhost.exe",0.03125,11018240,1482752,2,146
2026-10-04T04:17:59.4011310Z,22812,26324,"python.exe",0,4317184,835584,1,77
2026-10-04T04:17:59.4011310Z,33748,22812,"python.exe",31.46875,133885952,651825152,16,242
2026-10-04T04:17:59.4011310Z,5128,26324,"engine.exe",35.984375,78209024,68857856,18,403
2026-10-04T04:17:59.4011310Z,25288,26324,"python.exe",0.015625,4317184,831488,1,77
2026-10-04T04:17:59.4011310Z,33664,25288,"python.exe",1.25,25915392,16584704,1,146
2026-10-04T04:17:59.4011310Z,30116,5128,"whisper-server.exe",3250.96875,806973440,1321709568,62,185
2026-10-04T04:17:59.4011310Z,15444,30116,"conhost.exe",0.734375,7876608,1241088,2,99
2026-10-04T04:18:30.6634603Z,26324,33688,"powershell.exe",92,100085760,75255808,16,732
2026-10-04T04:18:30.6634603Z,30336,26324,"conhost.exe",0.03125,11018240,1482752,2,146
2026-10-04T04:18:30.6634603Z,22812,26324,"python.exe",0,4317184,835584,1,77
2026-10-04T04:18:30.6634603Z,33748,22812,"python.exe",32.203125,133885952,651825152,16,242
2026-10-04T04:18:30.6634603Z,5128,26324,"engine.exe",36.6875,77819904,68464640,18,404
2026-10-04T04:18:30.6634603Z,25288,26324,"python.exe",0.015625,4317184,831488,1,77
2026-10-04T04:18:30.6634603Z,33664,25288,"python.exe",1.25,25915392,16584704,1,146
2026-10-04T04:18:30.6634603Z,30116,5128,"whisper-server.exe",3358.5625,809074688,1324425216,62,186
2026-10-04T04:18:30.6634603Z,15444,30116,"conhost.exe",0.734375,7876608,1241088,2,99
2026-10-04T04:19:01.7454653Z,26324,33688,"powershell.exe",93.765625,100106240,75296768,17,736
2026-10-04T04:19:01.7454653Z,30336,26324,"conhost.exe",0.03125,11018240,1482752,2,146
2026-10-04T04:19:01.7454653Z,22812,26324,"python.exe",0,4317184,835584,1,77
2026-10-04T04:19:01.7454653Z,33748,22812,"python.exe",32.875,134778880,652738560,16,242
2026-10-04T04:19:01.7454653Z,5128,26324,"engine.exe",37.34375,77434880,68096000,18,404
2026-10-04T04:19:01.7454653Z,25288,26324,"python.exe",0.015625,4317184,831488,1,77
2026-10-04T04:19:01.7454653Z,33664,25288,"python.exe",1.25,25915392,16584704,1,146
2026-10-04T04:19:01.7454653Z,30116,5128,"whisper-server.exe",3406.8125,810369024,1325608960,62,186
2026-10-04T04:19:01.7454653Z,15444,30116,"conhost.exe",0.765625,7876608,1241088,2,99
2026-10-04T04:19:33.2667706Z,26324,33688,"powershell.exe",96.78125,100085760,75255808,16,734
2026-10-04T04:19:33.2667706Z,30336,26324,"conhost.exe",0.03125,11018240,1482752,2,146
2026-10-04T04:19:33.2667706Z,22812,26324,"python.exe",0,4317184,835584,1,77
2026-10-04T04:19:33.2667706Z,33748,22812,"python.exe",32.875,134778880,652738560,16,242
2026-10-04T04:19:33.2667706Z,5128,26324,"engine.exe",38.265625,77434880,68096000,18,404
2026-10-04T04:19:33.2667706Z,25288,26324,"python.exe",0.015625,4317184,831488,1,77
2026-10-04T04:19:33.2667706Z,33664,25288,"python.exe",1.265625,25915392,16584704,1,146
2026-10-04T04:19:33.2667706Z,30116,5128,"whisper-server.exe",3517.890625,810369024,1325608960,62,186
2026-10-04T04:19:33.2667706Z,15444,30116,"conhost.exe",0.765625,7876608,1241088,2,99
2026-10-04T04:20:05.5678780Z,26324,33688,"powershell.exe",98.984375,100106240,75296768,17,733
2026-10-04T04:20:05.5678780Z,30336,26324,"conhost.exe",0.03125,11018240,1482752,2,146
2026-10-04T04:20:05.5678780Z,22812,26324,"python.exe",0,4317184,835584,1,77
2026-10-04T04:20:05.5678780Z,33748,22812,"python.exe",34.171875,133885952,651825152,16,242
2026-10-04T04:20:05.5678780Z,5128,26324,"engine.exe",38.953125,77934592,68685824,18,404
2026-10-04T04:20:05.5678780Z,25288,26324,"python.exe",0.015625,4317184,831488,1,77
2026-10-04T04:20:05.5678780Z,33664,25288,"python.exe",1.265625,25915392,16584704,1,146
2026-10-04T04:20:05.5678780Z,30116,5128,"whisper-server.exe",3572.546875,807395328,1322758144,62,187
2026-10-04T04:20:05.5678780Z,15444,30116,"conhost.exe",0.796875,7876608,1241088,2,99
2026-10-04T04:20:36.8530167Z,26324,33688,"powershell.exe",102.375,100118528,75296768,17,734
2026-10-04T04:20:36.8530167Z,30336,26324,"conhost.exe",0.03125,11018240,1482752,2,146
2026-10-04T04:20:36.8530167Z,22812,26324,"python.exe",0,4317184,835584,1,77
2026-10-04T04:20:36.8530167Z,33748,22812,"python.exe",34.203125,133885952,651825152,16,242
2026-10-04T04:20:36.8530167Z,5128,26324,"engine.exe",39.96875,76984320,67637248,18,403
2026-10-04T04:20:36.8530167Z,25288,26324,"python.exe",0.015625,4317184,831488,1,77
2026-10-04T04:20:36.8530167Z,33664,25288,"python.exe",1.296875,25915392,16584704,1,146
2026-10-04T04:20:36.8530167Z,30116,5128,"whisper-server.exe",3679.046875,811081728,1326702592,62,187
2026-10-04T04:20:36.8530167Z,15444,30116,"conhost.exe",0.796875,7876608,1241088,2,99
2026-10-04T04:21:08.1912799Z,26324,33688,"powershell.exe",105.109375,100122624,75296768,17,732
2026-10-04T04:21:08.1912799Z,30336,26324,"conhost.exe",0.03125,11018240,1482752,2,146
2026-10-04T04:21:08.1912799Z,22812,26324,"python.exe",0,4317184,835584,1,77
2026-10-04T04:21:08.1912799Z,33748,22812,"python.exe",35.578125,133885952,651825152,16,242
2026-10-04T04:21:08.1912799Z,5128,26324,"engine.exe",40.96875,77787136,68427776,18,404
2026-10-04T04:21:08.1912799Z,25288,26324,"python.exe",0.015625,4317184,831488,1,77
2026-10-04T04:21:08.1912799Z,33664,25288,"python.exe",1.3125,25915392,16584704,1,146
2026-10-04T04:21:08.1912799Z,30116,5128,"whisper-server.exe",3740.234375,811212800,1326723072,62,188
2026-10-04T04:21:08.1912799Z,15444,30116,"conhost.exe",0.796875,7876608,1241088,2,99
2026-10-04T04:21:39.4195441Z,26324,33688,"powershell.exe",107.234375,100122624,75296768,17,737
2026-10-04T04:21:39.4195441Z,30336,26324,"conhost.exe",0.03125,11018240,1482752,2,146
2026-10-04T04:21:39.4195441Z,22812,26324,"python.exe",0,4317184,835584,1,77
2026-10-04T04:21:39.4195441Z,33748,22812,"python.exe",35.59375,133885952,651825152,16,242
2026-10-04T04:21:39.4195441Z,5128,26324,"engine.exe",41.734375,78225408,69054464,18,403
2026-10-04T04:21:39.4195441Z,25288,26324,"python.exe",0.015625,4317184,831488,1,77
2026-10-04T04:21:39.4195441Z,33664,25288,"python.exe",1.34375,25915392,16584704,1,146
2026-10-04T04:21:39.4195441Z,30116,5128,"whisper-server.exe",3840.1875,809721856,1325031424,62,187
2026-10-04T04:21:39.4195441Z,15444,30116,"conhost.exe",0.84375,7876608,1241088,2,99
2026-10-04T04:22:10.6154529Z,26324,33688,"powershell.exe",108.953125,100122624,75296768,17,734
2026-10-04T04:22:10.6154529Z,30336,26324,"conhost.exe",0.03125,11018240,1482752,2,146
2026-10-04T04:22:10.6154529Z,22812,26324,"python.exe",0,4317184,835584,1,77
2026-10-04T04:22:10.6154529Z,33748,22812,"python.exe",36.921875,133885952,651825152,16,242
2026-10-04T04:22:10.6154529Z,5128,26324,"engine.exe",42.625,77635584,68333568,18,404
2026-10-04T04:22:10.6154529Z,25288,26324,"python.exe",0.015625,4317184,831488,1,77
2026-10-04T04:22:10.6154529Z,33664,25288,"python.exe",1.34375,25915392,16584704,1,146
2026-10-04T04:22:10.6154529Z,30116,5128,"whisper-server.exe",3887.359375,810090496,1325043712,62,188
2026-10-04T04:22:10.6154529Z,15444,30116,"conhost.exe",0.84375,7876608,1241088,2,99
2026-10-04T04:22:42.9965738Z,26324,33688,"powershell.exe",111.6875,100102144,75255808,16,726
2026-10-04T04:22:42.9965738Z,30336,26324,"conhost.exe",0.03125,11018240,1482752,2,146
2026-10-04T04:22:42.9965738Z,22812,26324,"python.exe",0,4317184,835584,1,77
2026-10-04T04:22:42.9965738Z,33748,22812,"python.exe",36.953125,133885952,651825152,16,242
2026-10-04T04:22:42.9965738Z,5128,26324,"engine.exe",43.4375,77635584,68333568,18,404
2026-10-04T04:22:42.9965738Z,25288,26324,"python.exe",0.015625,4317184,831488,1,77
2026-10-04T04:22:42.9965738Z,33664,25288,"python.exe",1.359375,25915392,16584704,1,146
2026-10-04T04:22:42.9965738Z,30116,5128,"whisper-server.exe",3997.75,812560384,1327394816,65,191
2026-10-04T04:22:42.9965738Z,15444,30116,"conhost.exe",0.875,7876608,1241088,2,99
2026-10-04T04:23:15.1222173Z,26324,33688,"powershell.exe",113.65625,100122624,75296768,17,732
2026-10-04T04:23:15.1222173Z,30336,26324,"conhost.exe",0.03125,11018240,1482752,2,146
2026-10-04T04:23:15.1222173Z,22812,26324,"python.exe",0,4317184,835584,1,77
2026-10-04T04:23:15.1222173Z,33748,22812,"python.exe",38.203125,134778880,652738560,16,242
2026-10-04T04:23:15.1222173Z,5128,26324,"engine.exe",44.296875,78077952,68759552,18,404
2026-10-04T04:23:15.1222173Z,25288,26324,"python.exe",0.015625,4317184,831488,1,77
2026-10-04T04:23:15.1222173Z,33664,25288,"python.exe",1.359375,25915392,16584704,1,146
2026-10-04T04:23:15.1222173Z,30116,5128,"whisper-server.exe",4045.09375,809267200,1324060672,62,188
2026-10-04T04:23:15.1222173Z,15444,30116,"conhost.exe",0.875,7876608,1241088,2,99
2026-10-04T04:23:48.6676903Z,26324,33688,"powershell.exe",115.484375,100118528,75255808,16,733
2026-10-04T04:23:48.6676903Z,30336,26324,"conhost.exe",0.03125,11018240,1482752,2,146
2026-10-04T04:23:48.6676903Z,22812,26324,"python.exe",0,4317184,835584,1,77
2026-10-04T04:23:48.6676903Z,33748,22812,"python.exe",38.21875,134778880,652738560,16,242
2026-10-04T04:23:48.6676903Z,5128,26324,"engine.exe",44.96875,78082048,68759552,18,404
2026-10-04T04:23:48.6676903Z,25288,26324,"python.exe",0.015625,4317184,831488,1,77
2026-10-04T04:23:48.6676903Z,33664,25288,"python.exe",1.359375,25915392,16584704,1,146
2026-10-04T04:23:48.6676903Z,30116,5128,"whisper-server.exe",4145.421875,809267200,1324060672,62,188
2026-10-04T04:23:48.6676903Z,15444,30116,"conhost.exe",0.875,7876608,1241088,2,99
2026-10-04T04:24:21.0231018Z,26324,33688,"powershell.exe",117.78125,100139008,75296768,17,735
2026-10-04T04:24:21.0231018Z,30336,26324,"conhost.exe",0.03125,11018240,1482752,2,146
2026-10-04T04:24:21.0231018Z,22812,26324,"python.exe",0,4317184,835584,1,77
2026-10-04T04:24:21.0231018Z,33748,22812,"python.exe",39.734375,133885952,651825152,16,242
2026-10-04T04:24:21.0231018Z,5128,26324,"engine.exe",45.609375,77164544,67825664,18,404
2026-10-04T04:24:21.0231018Z,25288,26324,"python.exe",0.015625,4317184,831488,1,77
2026-10-04T04:24:21.0231018Z,33664,25288,"python.exe",1.390625,25915392,16584704,1,146
2026-10-04T04:24:21.0231018Z,30116,5128,"whisper-server.exe",4196.609375,807256064,1322094592,62,188
2026-10-04T04:24:21.0231018Z,15444,30116,"conhost.exe",0.890625,7876608,1241088,2,99
2026-10-04T04:24:52.8691137Z,26324,33688,"powershell.exe",120.265625,100139008,75296768,17,736
2026-10-04T04:24:52.8691137Z,30336,26324,"conhost.exe",0.03125,11018240,1482752,2,146
2026-10-04T04:24:52.8691137Z,22812,26324,"python.exe",0,4317184,835584,1,77
2026-10-04T04:24:52.8691137Z,33748,22812,"python.exe",39.765625,133885952,651825152,16,242
2026-10-04T04:24:52.8691137Z,5128,26324,"engine.exe",46.390625,76849152,67502080,18,403
2026-10-04T04:24:52.8691137Z,25288,26324,"python.exe",0.015625,4317184,831488,1,77
2026-10-04T04:24:52.8691137Z,33664,25288,"python.exe",1.40625,25915392,16584704,1,146
2026-10-04T04:24:52.8691137Z,30116,5128,"whisper-server.exe",4289.078125,806989824,1321713664,62,187
2026-10-04T04:24:52.8691137Z,15444,30116,"conhost.exe",0.890625,7876608,1241088,2,99
2026-10-04T04:25:24.3697798Z,26324,33688,"powershell.exe",122.34375,100118528,75255808,16,732
2026-10-04T04:25:24.3697798Z,30336,26324,"conhost.exe",0.03125,11018240,1482752,2,146
2026-10-04T04:25:24.3697798Z,22812,26324,"python.exe",0,4317184,835584,1,77
2026-10-04T04:25:24.3697798Z,33748,22812,"python.exe",40.484375,133885952,651825152,16,242
2026-10-04T04:25:24.3697798Z,5128,26324,"engine.exe",47.234375,78073856,68714496,18,404
2026-10-04T04:25:24.3697798Z,25288,26324,"python.exe",0.015625,4317184,831488,1,77
2026-10-04T04:25:24.3697798Z,33664,25288,"python.exe",1.40625,25915392,16584704,1,146
2026-10-04T04:25:24.3697798Z,30116,5128,"whisper-server.exe",4380,808386560,1323241472,62,188
2026-10-04T04:25:24.3697798Z,15444,30116,"conhost.exe",0.890625,7876608,1241088,2,99
2026-10-04T04:25:55.6642441Z,26324,33688,"powershell.exe",124,100139008,75296768,17,735
2026-10-04T04:25:55.6642441Z,30336,26324,"conhost.exe",0.03125,11018240,1482752,2,146
2026-10-04T04:25:55.6642441Z,22812,26324,"python.exe",0,4317184,835584,1,77
2026-10-04T04:25:55.6642441Z,33748,22812,"python.exe",40.515625,133885952,651825152,16,242
2026-10-04T04:25:55.6642441Z,5128,26324,"engine.exe",47.96875,77189120,67874816,18,403
2026-10-04T04:25:55.6642441Z,25288,26324,"python.exe",0.015625,4317184,831488,1,77
2026-10-04T04:25:55.6642441Z,33664,25288,"python.exe",1.4375,25915392,16584704,1,146
2026-10-04T04:25:55.6642441Z,30116,5128,"whisper-server.exe",4430.25,807501824,1322246144,62,188
2026-10-04T04:25:55.6642441Z,15444,30116,"conhost.exe",0.953125,7876608,1241088,2,99
2026-10-04T04:26:27.1047375Z,26324,33688,"powershell.exe",126.125,100118528,75255808,16,733
2026-10-04T04:26:27.1047375Z,30336,26324,"conhost.exe",0.03125,11018240,1482752,2,146
2026-10-04T04:26:27.1047375Z,22812,26324,"python.exe",0,4317184,835584,1,77
2026-10-04T04:26:27.1047375Z,33748,22812,"python.exe",41.0625,133885952,651825152,16,242
2026-10-04T04:26:27.1047375Z,5128,26324,"engine.exe",49.0625,78217216,68919296,19,404
2026-10-04T04:26:27.1047375Z,25288,26324,"python.exe",0.015625,4317184,831488,1,77
2026-10-04T04:26:27.1047375Z,33664,25288,"python.exe",1.46875,25915392,16584704,1,146
2026-10-04T04:26:27.1047375Z,30116,5128,"whisper-server.exe",4532.515625,809492480,1324453888,62,189
2026-10-04T04:26:27.1047375Z,15444,30116,"conhost.exe",0.953125,7876608,1241088,2,99
2026-10-04T04:26:59.1319162Z,26324,33688,"powershell.exe",128.515625,100118528,75264000,16,732
2026-10-04T04:26:59.1319162Z,30336,26324,"conhost.exe",0.03125,11018240,1482752,2,146
2026-10-04T04:26:59.1319162Z,22812,26324,"python.exe",0,4317184,835584,1,77
2026-10-04T04:26:59.1319162Z,33748,22812,"python.exe",41.0625,133885952,651825152,16,242
2026-10-04T04:26:59.1319162Z,5128,26324,"engine.exe",50.03125,77357056,68059136,19,403
2026-10-04T04:26:59.1319162Z,25288,26324,"python.exe",0.015625,4317184,831488,1,77
2026-10-04T04:26:59.1319162Z,33664,25288,"python.exe",1.46875,25915392,16584704,1,146
2026-10-04T04:26:59.1319162Z,30116,5128,"whisper-server.exe",4594.125,807530496,1322242048,62,188
2026-10-04T04:26:59.1319162Z,15444,30116,"conhost.exe",0.96875,7876608,1241088,2,99
2026-10-04T04:27:30.4355319Z,26324,33688,"powershell.exe",131.609375,100118528,75255808,16,732
2026-10-04T04:27:30.4355319Z,30336,26324,"conhost.exe",0.03125,11018240,1482752,2,146
2026-10-04T04:27:30.4355319Z,22812,26324,"python.exe",0,4317184,835584,1,77
2026-10-04T04:27:30.4355319Z,33748,22812,"python.exe",41.6875,134778880,652738560,16,242
2026-10-04T04:27:30.4355319Z,5128,26324,"engine.exe",50.984375,78213120,68923392,19,404
2026-10-04T04:27:30.4355319Z,25288,26324,"python.exe",0.015625,4317184,831488,1,77
2026-10-04T04:27:30.4355319Z,33664,25288,"python.exe",1.484375,25915392,16584704,1,146
2026-10-04T04:27:30.4355319Z,30116,5128,"whisper-server.exe",4704.578125,808108032,1323069440,62,189
2026-10-04T04:27:30.4355319Z,15444,30116,"conhost.exe",0.96875,7876608,1241088,2,99
2026-10-04T04:28:02.5256831Z,26324,33688,"powershell.exe",133.78125,100139008,75296768,17,734
2026-10-04T04:28:02.5256831Z,30336,26324,"conhost.exe",0.03125,11018240,1482752,2,146
2026-10-04T04:28:02.5256831Z,22812,26324,"python.exe",0,4317184,835584,1,77
2026-10-04T04:28:02.5256831Z,33748,22812,"python.exe",42.9375,133885952,651825152,16,242
2026-10-04T04:28:02.5256831Z,5128,26324,"engine.exe",51.8125,77017088,67678208,19,404
2026-10-04T04:28:02.5256831Z,25288,26324,"python.exe",0.015625,4317184,831488,1,77
2026-10-04T04:28:02.5256831Z,33664,25288,"python.exe",1.484375,25915392,16584704,1,146
2026-10-04T04:28:02.5256831Z,30116,5128,"whisper-server.exe",4762.0625,807813120,1322774528,62,189
2026-10-04T04:28:02.5256831Z,15444,30116,"conhost.exe",1,7876608,1241088,2,99
2026-10-04T04:28:33.7890996Z,26324,33688,"powershell.exe",136.21875,100179968,75329536,18,648
2026-10-04T04:28:33.7890996Z,30336,26324,"conhost.exe",0.03125,11018240,1482752,2,146
2026-10-04T04:28:33.7890996Z,22812,26324,"python.exe",0,4317184,835584,1,77
2026-10-04T04:28:33.7890996Z,33748,22812,"python.exe",43,133885952,651825152,16,242
2026-10-04T04:28:33.7890996Z,5128,26324,"engine.exe",52.84375,77053952,67715072,19,403
2026-10-04T04:28:33.7890996Z,25288,26324,"python.exe",0.015625,4317184,831488,1,77
2026-10-04T04:28:33.7890996Z,33664,25288,"python.exe",1.5,25915392,16584704,1,146
2026-10-04T04:28:33.7890996Z,30116,5128,"whisper-server.exe",4859.875,807059456,1321754624,62,188
2026-10-04T04:28:33.7890996Z,15444,30116,"conhost.exe",1,7876608,1241088,2,99
2026-10-04T04:29:05.1188673Z,26324,33688,"powershell.exe",138.625,100163584,75296768,17,645
2026-10-04T04:29:05.1188673Z,30336,26324,"conhost.exe",0.03125,11018240,1482752,2,146
2026-10-04T04:29:05.1188673Z,22812,26324,"python.exe",0,4317184,835584,1,77
2026-10-04T04:29:05.1188673Z,33748,22812,"python.exe",44.40625,133890048,651825152,16,242
2026-10-04T04:29:05.1188673Z,5128,26324,"engine.exe",53.96875,77922304,68554752,18,404
2026-10-04T04:29:05.1188673Z,25288,26324,"python.exe",0.015625,4317184,831488,1,77
2026-10-04T04:29:05.1188673Z,33664,25288,"python.exe",1.515625,25915392,16584704,1,146
2026-10-04T04:29:05.1188673Z,30116,5128,"whisper-server.exe",4937.53125,808280064,1323151360,62,189
2026-10-04T04:29:05.1188673Z,15444,30116,"conhost.exe",1,7876608,1241088,2,99
2026-10-04T04:29:36.5090740Z,26324,33688,"powershell.exe",140.84375,100163584,75296768,17,643
2026-10-04T04:29:36.5090740Z,30336,26324,"conhost.exe",0.03125,11018240,1482752,2,146
2026-10-04T04:29:36.5090740Z,22812,26324,"python.exe",0,4317184,835584,1,77
2026-10-04T04:29:36.5090740Z,33748,22812,"python.exe",44.40625,133890048,651825152,16,242
2026-10-04T04:29:36.5090740Z,5128,26324,"engine.exe",54.78125,77447168,68132864,18,403
2026-10-04T04:29:36.5090740Z,25288,26324,"python.exe",0.015625,4317184,831488,1,77
2026-10-04T04:29:36.5090740Z,33664,25288,"python.exe",1.515625,25915392,16584704,1,146
2026-10-04T04:29:36.5090740Z,30116,5128,"whisper-server.exe",4996.984375,809918464,1325383680,62,189
2026-10-04T04:29:36.5090740Z,15444,30116,"conhost.exe",1.015625,7876608,1241088,2,99
2026-10-04T04:30:07.8678722Z,26324,33688,"powershell.exe",142.78125,100143104,75255808,16,645
2026-10-04T04:30:07.8678722Z,30336,26324,"conhost.exe",0.03125,11018240,1482752,2,146
2026-10-04T04:30:07.8678722Z,22812,26324,"python.exe",0,4317184,835584,1,77
2026-10-04T04:30:07.8678722Z,33748,22812,"python.exe",45.125,133890048,651825152,16,242
2026-10-04T04:30:07.8678722Z,5128,26324,"engine.exe",55.5625,77635584,68272128,18,404
2026-10-04T04:30:07.8678722Z,25288,26324,"python.exe",0.015625,4317184,831488,1,77
2026-10-04T04:30:07.8678722Z,33664,25288,"python.exe",1.515625,25915392,16584704,1,146
2026-10-04T04:30:07.8678722Z,30116,5128,"whisper-server.exe",5091.765625,810360832,1325445120,62,190
2026-10-04T04:30:07.8678722Z,15444,30116,"conhost.exe",1.015625,7876608,1241088,2,99
2026-10-04T04:30:39.5909747Z,26324,33688,"powershell.exe",144.328125,100167680,75300864,17,648
2026-10-04T04:30:39.5909747Z,30336,26324,"conhost.exe",0.03125,11018240,1482752,2,146
2026-10-04T04:30:39.5909747Z,22812,26324,"python.exe",0,4317184,835584,1,77
2026-10-04T04:30:39.5909747Z,33748,22812,"python.exe",45.125,133890048,651825152,16,242
2026-10-04T04:30:39.5909747Z,5128,26324,"engine.exe",56.375,77279232,67985408,18,403
2026-10-04T04:30:39.5909747Z,25288,26324,"python.exe",0.015625,4317184,831488,1,77
2026-10-04T04:30:39.5909747Z,33664,25288,"python.exe",1.515625,25915392,16584704,1,146
2026-10-04T04:30:39.5909747Z,30116,5128,"whisper-server.exe",5155.4375,808869888,1323556864,62,189
2026-10-04T04:30:39.5909747Z,15444,30116,"conhost.exe",1.015625,7876608,1241088,2,99
2026-10-04T04:31:11.3963746Z,26324,33688,"powershell.exe",146.359375,100147200,75259904,16,645
2026-10-04T04:31:11.3963746Z,30336,26324,"conhost.exe",0.03125,11018240,1482752,2,146
2026-10-04T04:31:11.3963746Z,22812,26324,"python.exe",0,4317184,835584,1,77
2026-10-04T04:31:11.3963746Z,33748,22812,"python.exe",46.734375,134782976,652738560,16,242
2026-10-04T04:31:11.3963746Z,5128,26324,"engine.exe",57.265625,78573568,69263360,18,404
2026-10-04T04:31:11.3963746Z,25288,26324,"python.exe",0.015625,4317184,831488,1,77
2026-10-04T04:31:11.3963746Z,33664,25288,"python.exe",1.546875,25915392,16584704,1,146
2026-10-04T04:31:11.3963746Z,30116,5128,"whisper-server.exe",5259.28125,809959424,1324945408,62,190
2026-10-04T04:31:11.3963746Z,15444,30116,"conhost.exe",1.015625,7876608,1241088,2,99
2026-10-04T04:31:43.7693256Z,26324,33688,"powershell.exe",148.140625,100167680,75300864,17,643
2026-10-04T04:31:43.7693256Z,30336,26324,"conhost.exe",0.03125,11018240,1482752,2,146
2026-10-04T04:31:43.7693256Z,22812,26324,"python.exe",0,4317184,835584,1,77
2026-10-04T04:31:43.7693256Z,33748,22812,"python.exe",47.390625,133894144,651825152,16,242
2026-10-04T04:31:43.7693256Z,5128,26324,"engine.exe",58.25,76845056,67518464,18,404
2026-10-04T04:31:43.7693256Z,25288,26324,"python.exe",0.015625,4317184,831488,1,77
2026-10-04T04:31:43.7693256Z,33664,25288,"python.exe",1.546875,25915392,16584704,1,146
2026-10-04T04:31:43.7693256Z,30116,5128,"whisper-server.exe",5322.078125,807809024,1322754048,62,190
2026-10-04T04:31:43.7693256Z,15444,30116,"conhost.exe",1.015625,7876608,1241088,2,99
2026-10-04T04:32:15.6982419Z,26324,33688,"powershell.exe",151.421875,100163584,75296768,17,650
2026-10-04T04:32:15.6982419Z,30336,26324,"conhost.exe",0.03125,11018240,1482752,2,146
2026-10-04T04:32:15.6982419Z,22812,26324,"python.exe",0,4317184,835584,1,77
2026-10-04T04:32:15.6982419Z,33748,22812,"python.exe",47.421875,133894144,651825152,16,242
2026-10-04T04:32:15.6982419Z,5128,26324,"engine.exe",58.9375,76808192,67493888,19,314
2026-10-04T04:32:15.6982419Z,25288,26324,"python.exe",0.015625,4317184,831488,1,77
2026-10-04T04:32:15.6982419Z,33664,25288,"python.exe",1.546875,25915392,16584704,1,146
2026-10-04T04:32:15.6982419Z,30116,5128,"whisper-server.exe",5409.53125,812056576,1327431680,62,189
2026-10-04T04:32:15.6982419Z,15444,30116,"conhost.exe",1.03125,7876608,1241088,2,99
2026-10-04T04:32:46.9855682Z,26324,33688,"powershell.exe",153.703125,100163584,75296768,17,645
2026-10-04T04:32:46.9855682Z,30336,26324,"conhost.exe",0.03125,11018240,1482752,2,146
2026-10-04T04:32:46.9855682Z,22812,26324,"python.exe",0,4317184,835584,1,77
2026-10-04T04:32:46.9855682Z,33748,22812,"python.exe",48.828125,133894144,651825152,16,242
2026-10-04T04:32:46.9855682Z,5128,26324,"engine.exe",59.875,78036992,68706304,19,315
2026-10-04T04:32:46.9855682Z,25288,26324,"python.exe",0.015625,4317184,831488,1,77
2026-10-04T04:32:46.9855682Z,33664,25288,"python.exe",1.5625,25915392,16584704,1,146
2026-10-04T04:32:46.9855682Z,30116,5128,"whisper-server.exe",5495.75,812064768,1327431680,62,190
2026-10-04T04:32:46.9855682Z,15444,30116,"conhost.exe",1.03125,7876608,1241088,2,99
2026-10-04T04:33:18.1559286Z,26324,33688,"powershell.exe",156.28125,100114432,75296768,17,645
2026-10-04T04:33:18.1559286Z,30336,26324,"conhost.exe",0.03125,11018240,1482752,2,146
2026-10-04T04:33:18.1559286Z,22812,26324,"python.exe",0,4317184,835584,1,77
2026-10-04T04:33:18.1559286Z,33748,22812,"python.exe",48.828125,133894144,651825152,16,242
2026-10-04T04:33:18.1559286Z,5128,26324,"engine.exe",60.8125,77176832,67846144,19,314
2026-10-04T04:33:18.1559286Z,25288,26324,"python.exe",0.015625,4317184,831488,1,77
2026-10-04T04:33:18.1559286Z,33664,25288,"python.exe",1.59375,25915392,16584704,1,146
2026-10-04T04:33:18.1559286Z,30116,5128,"whisper-server.exe",5552.734375,807534592,1322344448,62,190
2026-10-04T04:33:18.1559286Z,15444,30116,"conhost.exe",1.046875,7876608,1241088,2,99
2026-10-04T04:33:49.4514712Z,26324,33688,"powershell.exe",158.546875,100073472,75223040,15,643
2026-10-04T04:33:49.4514712Z,30336,26324,"conhost.exe",0.03125,11018240,1482752,2,146
2026-10-04T04:33:49.4514712Z,22812,26324,"python.exe",0,4317184,835584,1,77
2026-10-04T04:33:49.4514712Z,33748,22812,"python.exe",49.53125,133894144,651825152,16,242
2026-10-04T04:33:49.4514712Z,5128,26324,"engine.exe",61.796875,78282752,68943872,19,315
2026-10-04T04:33:49.4514712Z,25288,26324,"python.exe",0.015625,4317184,831488,1,77
2026-10-04T04:33:49.4514712Z,33664,25288,"python.exe",1.609375,25915392,16584704,1,146
2026-10-04T04:33:49.4514712Z,30116,5128,"whisper-server.exe",5645.359375,809357312,1324249088,62,191
2026-10-04T04:33:49.4514712Z,15444,30116,"conhost.exe",1.046875,7876608,1241088,2,99
2026-10-04T04:34:20.7612884Z,26324,33688,"powershell.exe",160.734375,100114432,75296768,17,644
2026-10-04T04:34:20.7612884Z,30336,26324,"conhost.exe",0.03125,11018240,1482752,2,146
2026-10-04T04:34:20.7612884Z,22812,26324,"python.exe",0,4317184,835584,1,77
2026-10-04T04:34:20.7612884Z,33748,22812,"python.exe",49.53125,133894144,651825152,16,242
2026-10-04T04:34:20.7612884Z,5128,26324,"engine.exe",62.640625,77045760,67686400,18,314
2026-10-04T04:34:20.7612884Z,25288,26324,"python.exe",0.015625,4317184,831488,1,77
2026-10-04T04:34:20.7612884Z,33664,25288,"python.exe",1.625,25915392,16584704,1,146
2026-10-04T04:34:20.7612884Z,30116,5128,"whisper-server.exe",5699.828125,810770432,1326010368,62,190
2026-10-04T04:34:20.7612884Z,15444,30116,"conhost.exe",1.0625,7876608,1241088,2,99
2026-10-04T04:34:52.1369573Z,26324,33688,"powershell.exe",164.015625,100093952,75255808,16,645
2026-10-04T04:34:52.1369573Z,30336,26324,"conhost.exe",0.03125,11018240,1482752,2,146
2026-10-04T04:34:52.1369573Z,22812,26324,"python.exe",0,4317184,835584,1,77
2026-10-04T04:34:52.1369573Z,33748,22812,"python.exe",50.25,134787072,652738560,16,242
2026-10-04T04:34:52.1369573Z,5128,26324,"engine.exe",63.40625,77959168,68571136,18,315
2026-10-04T04:34:52.1369573Z,25288,26324,"python.exe",0.015625,4317184,831488,1,77
2026-10-04T04:34:52.1369573Z,33664,25288,"python.exe",1.625,25915392,16584704,1,146
2026-10-04T04:34:52.1369573Z,30116,5128,"whisper-server.exe",5812.046875,812105728,1327878144,62,191
2026-10-04T04:34:52.1369573Z,15444,30116,"conhost.exe",1.0625,7876608,1241088,2,99
2026-10-04T04:35:24.3523635Z,26324,33688,"powershell.exe",165.609375,100114432,75296768,17,645
2026-10-04T04:35:24.3523635Z,30336,26324,"conhost.exe",0.03125,11018240,1482752,2,146
2026-10-04T04:35:24.3523635Z,22812,26324,"python.exe",0,4317184,835584,1,77
2026-10-04T04:35:24.3523635Z,33748,22812,"python.exe",50.84375,133894144,651825152,16,242
2026-10-04T04:35:24.3523635Z,5128,26324,"engine.exe",64,76738560,67350528,18,315
2026-10-04T04:35:24.3523635Z,25288,26324,"python.exe",0.015625,4317184,831488,1,77
2026-10-04T04:35:24.3523635Z,33664,25288,"python.exe",1.640625,25915392,16584704,1,146
2026-10-04T04:35:24.3523635Z,30116,5128,"whisper-server.exe",5872.578125,807739392,1322561536,62,191
2026-10-04T04:35:24.3523635Z,15444,30116,"conhost.exe",1.0625,7876608,1241088,2,99
2026-10-04T04:35:55.8426754Z,26324,33688,"powershell.exe",167.640625,100114432,75296768,17,644
2026-10-04T04:35:55.8426754Z,30336,26324,"conhost.exe",0.03125,11018240,1482752,2,146
2026-10-04T04:35:55.8426754Z,22812,26324,"python.exe",0,4317184,835584,1,77
2026-10-04T04:35:55.8426754Z,33748,22812,"python.exe",50.84375,133894144,651825152,16,242
2026-10-04T04:35:55.8426754Z,5128,26324,"engine.exe",64.8125,76869632,67489792,18,314
2026-10-04T04:35:55.8426754Z,25288,26324,"python.exe",0.015625,4317184,831488,1,77
2026-10-04T04:35:55.8426754Z,33664,25288,"python.exe",1.640625,25915392,16584704,1,146
2026-10-04T04:35:55.8426754Z,30116,5128,"whisper-server.exe",5944.890625,807165952,1321889792,62,190
2026-10-04T04:35:55.8426754Z,15444,30116,"conhost.exe",1.078125,7876608,1241088,2,99
2026-10-04T04:36:27.1878713Z,26324,33688,"powershell.exe",169.09375,100093952,75255808,16,645
2026-10-04T04:36:27.1878713Z,30336,26324,"conhost.exe",0.03125,11018240,1482752,2,146
2026-10-04T04:36:27.1878713Z,22812,26324,"python.exe",0,4317184,835584,1,77
2026-10-04T04:36:27.1878713Z,33748,22812,"python.exe",51.5625,133894144,651825152,16,242
2026-10-04T04:36:27.1878713Z,5128,26324,"engine.exe",66.0625,78278656,68890624,18,315
2026-10-04T04:36:27.1878713Z,25288,26324,"python.exe",0.015625,4317184,831488,1,77
2026-10-04T04:36:27.1878713Z,33664,25288,"python.exe",1.65625,25915392,16584704,1,146
2026-10-04T04:36:27.1878713Z,30116,5128,"whisper-server.exe",6051.890625,808452096,1323335680,62,191
2026-10-04T04:36:27.1878713Z,15444,30116,"conhost.exe",1.078125,7876608,1241088,2,99
2026-10-04T04:36:59.0821939Z,26324,33688,"powershell.exe",170.375,100114432,75296768,17,645
2026-10-04T04:36:59.0821939Z,30336,26324,"conhost.exe",0.03125,11018240,1482752,2,146
2026-10-04T04:36:59.0821939Z,22812,26324,"python.exe",0,4317184,835584,1,77
2026-10-04T04:36:59.0821939Z,33748,22812,"python.exe",51.5625,133894144,651825152,16,242
2026-10-04T04:36:59.0821939Z,5128,26324,"engine.exe",66.828125,78024704,68677632,18,314
2026-10-04T04:36:59.0821939Z,25288,26324,"python.exe",0.015625,4317184,831488,1,77
2026-10-04T04:36:59.0821939Z,33664,25288,"python.exe",1.65625,25915392,16584704,1,146
2026-10-04T04:36:59.0821939Z,30116,5128,"whisper-server.exe",6085.171875,807813120,1322557440,62,190
2026-10-04T04:36:59.0821939Z,15444,30116,"conhost.exe",1.109375,7876608,1241088,2,99
2026-10-04T04:37:31.3784840Z,26324,33688,"powershell.exe",171.875,100093952,75255808,16,645
2026-10-04T04:37:31.3784840Z,30336,26324,"conhost.exe",0.03125,11018240,1482752,2,146
2026-10-04T04:37:31.3784840Z,22812,26324,"python.exe",0,4317184,835584,1,77
2026-10-04T04:37:31.3784840Z,33748,22812,"python.exe",52.1875,133894144,651825152,16,242
2026-10-04T04:37:31.3784840Z,5128,26324,"engine.exe",67.546875,78426112,69079040,18,315
2026-10-04T04:37:31.3784840Z,25288,26324,"python.exe",0.015625,4317184,831488,1,77
2026-10-04T04:37:31.3784840Z,33664,25288,"python.exe",1.65625,25915392,16584704,1,146
2026-10-04T04:37:31.3784840Z,30116,5128,"whisper-server.exe",6210.84375,813920256,1328881664,62,191
2026-10-04T04:37:31.3784840Z,15444,30116,"conhost.exe",1.140625,7876608,1241088,2,99
2026-10-04T04:38:03.7692205Z,26324,33688,"powershell.exe",173.703125,100114432,75296768,17,645
2026-10-04T04:38:03.7692205Z,30336,26324,"conhost.exe",0.03125,11018240,1482752,2,146
2026-10-04T04:38:03.7692205Z,22812,26324,"python.exe",0,4317184,835584,1,77
2026-10-04T04:38:03.7692205Z,33748,22812,"python.exe",52.796875,134787072,652738560,16,242
2026-10-04T04:38:03.7692205Z,5128,26324,"engine.exe",68.28125,77971456,68583424,18,315
2026-10-04T04:38:03.7692205Z,25288,26324,"python.exe",0.015625,4317184,831488,1,77
2026-10-04T04:38:03.7692205Z,33664,25288,"python.exe",1.671875,25915392,16584704,1,146
2026-10-04T04:38:03.7692205Z,30116,5128,"whisper-server.exe",6263.875,808665088,1324060672,62,191
2026-10-04T04:38:03.7692205Z,15444,30116,"conhost.exe",1.15625,7876608,1241088,2,99
2026-10-04T04:38:35.1152857Z,26324,33688,"powershell.exe",177.109375,100134912,75329536,18,645
2026-10-04T04:38:35.1152857Z,30336,26324,"conhost.exe",0.03125,11018240,1482752,2,146
2026-10-04T04:38:35.1152857Z,22812,26324,"python.exe",0,4317184,835584,1,77
2026-10-04T04:38:35.1152857Z,33748,22812,"python.exe",52.8125,134787072,652738560,16,242
2026-10-04T04:38:35.1152857Z,5128,26324,"engine.exe",69.171875,77475840,68116480,18,314
2026-10-04T04:38:35.1152857Z,25288,26324,"python.exe",0.015625,4317184,831488,1,77
2026-10-04T04:38:35.1152857Z,33664,25288,"python.exe",1.6875,25915392,16584704,1,146
2026-10-04T04:38:35.1152857Z,30116,5128,"whisper-server.exe",6354.84375,807858176,1322643456,62,190
2026-10-04T04:38:35.1152857Z,15444,30116,"conhost.exe",1.15625,7876608,1241088,2,99
2026-10-04T04:39:06.8945329Z,26324,33688,"powershell.exe",179.265625,100093952,75255808,16,645
2026-10-04T04:39:06.8945329Z,30336,26324,"conhost.exe",0.03125,11018240,1482752,2,146
2026-10-04T04:39:06.8945329Z,22812,26324,"python.exe",0,4317184,835584,1,77
2026-10-04T04:39:06.8945329Z,33748,22812,"python.exe",53.5,133894144,651825152,16,242
2026-10-04T04:39:06.8945329Z,5128,26324,"engine.exe",70.09375,77492224,68132864,18,315
2026-10-04T04:39:06.8945329Z,25288,26324,"python.exe",0.015625,4317184,831488,1,77
2026-10-04T04:39:06.8945329Z,33664,25288,"python.exe",1.703125,25915392,16584704,1,146
2026-10-04T04:39:06.8945329Z,30116,5128,"whisper-server.exe",6436.453125,808128512,1323069440,62,191
2026-10-04T04:39:06.8945329Z,15444,30116,"conhost.exe",1.15625,7876608,1241088,2,99
2026-10-04T04:39:38.5025009Z,26324,33688,"powershell.exe",180.953125,100114432,75296768,17,645
2026-10-04T04:39:38.5025009Z,30336,26324,"conhost.exe",0.03125,11018240,1482752,2,146
2026-10-04T04:39:38.5025009Z,22812,26324,"python.exe",0,4317184,835584,1,77
2026-10-04T04:39:38.5025009Z,33748,22812,"python.exe",53.5,133894144,651825152,16,242
2026-10-04T04:39:38.5025009Z,5128,26324,"engine.exe",71.046875,76742656,67358720,18,314
2026-10-04T04:39:38.5025009Z,25288,26324,"python.exe",0.015625,4317184,831488,1,77
2026-10-04T04:39:38.5025009Z,33664,25288,"python.exe",1.703125,25915392,16584704,1,146
2026-10-04T04:39:38.5025009Z,30116,5128,"whisper-server.exe",6503.109375,807342080,1322143744,62,190
2026-10-04T04:39:38.5025009Z,15444,30116,"conhost.exe",1.15625,7876608,1241088,2,99
2026-10-04T04:40:09.7136557Z,26324,33688,"powershell.exe",183.3125,100098048,75255808,16,645
2026-10-04T04:40:09.7136557Z,30336,26324,"conhost.exe",0.03125,11018240,1482752,2,146
2026-10-04T04:40:09.7136557Z,22812,26324,"python.exe",0,4317184,835584,1,77
2026-10-04T04:40:09.7136557Z,33748,22812,"python.exe",54.203125,133898240,651825152,16,242
2026-10-04T04:40:09.7136557Z,5128,26324,"engine.exe",71.859375,77922304,68542464,18,315
2026-10-04T04:40:09.7136557Z,25288,26324,"python.exe",0.015625,4317184,831488,1,77
2026-10-04T04:40:09.7136557Z,33664,25288,"python.exe",1.71875,25915392,16584704,1,146
2026-10-04T04:40:09.7136557Z,30116,5128,"whisper-server.exe",6608.6875,808574976,1323544576,62,191
2026-10-04T04:40:09.7136557Z,15444,30116,"conhost.exe",1.15625,7876608,1241088,2,99
2026-10-04T04:40:41.0616207Z,26324,33688,"powershell.exe",184.65625,100118528,75296768,17,643
2026-10-04T04:40:41.0616207Z,30336,26324,"conhost.exe",0.03125,11018240,1482752,2,146
2026-10-04T04:40:41.0616207Z,22812,26324,"python.exe",0,4317184,835584,1,77
2026-10-04T04:40:41.0616207Z,33748,22812,"python.exe",54.78125,133906432,651825152,16,242
2026-10-04T04:40:41.0616207Z,5128,26324,"engine.exe",72.640625,77549568,68206592,18,315
2026-10-04T04:40:41.0616207Z,25288,26324,"python.exe",0.015625,4317184,831488,1,77
2026-10-04T04:40:41.0616207Z,33664,25288,"python.exe",1.734375,25915392,16584704,1,146
2026-10-04T04:40:41.0616207Z,30116,5128,"whisper-server.exe",6641.390625,812044288,1326931968,62,191
2026-10-04T04:40:41.0616207Z,15444,30116,"conhost.exe",1.21875,7876608,1241088,2,99
2026-10-04T04:41:11.8045474Z,26324,33688,"powershell.exe",186.890625,100118528,75296768,17,653
2026-10-04T04:41:11.8045474Z,30336,26324,"conhost.exe",0.03125,11018240,1482752,2,146
2026-10-04T04:41:11.8045474Z,22812,26324,"python.exe",0,4317184,835584,1,77
2026-10-04T04:41:11.8045474Z,33748,22812,"python.exe",54.78125,133906432,651825152,16,242
2026-10-04T04:41:11.8045474Z,5128,26324,"engine.exe",73.5625,77426688,68079616,18,314
2026-10-04T04:41:11.8045474Z,25288,26324,"python.exe",0.015625,4317184,831488,1,77
2026-10-04T04:41:11.8045474Z,33664,25288,"python.exe",1.734375,25915392,16584704,1,146
2026-10-04T04:41:11.8045474Z,30116,5128,"whisper-server.exe",6745.671875,808456192,1323159552,62,190
2026-10-04T04:41:11.8045474Z,15444,30116,"conhost.exe",1.25,7876608,1241088,2,99
2026-10-04T04:41:42.9561523Z,26324,33688,"powershell.exe",188.3125,100143104,75337728,18,650
2026-10-04T04:41:42.9561523Z,30336,26324,"conhost.exe",0.03125,11018240,1482752,2,146
2026-10-04T04:41:42.9561523Z,22812,26324,"python.exe",0,4317184,835584,1,77
2026-10-04T04:41:42.9561523Z,33748,22812,"python.exe",55.375,134799360,652738560,16,242
2026-10-04T04:41:42.9561523Z,5128,26324,"engine.exe",74.453125,77557760,68177920,18,315
2026-10-04T04:41:42.9561523Z,25288,26324,"python.exe",0.015625,4317184,831488,1,77
2026-10-04T04:41:42.9561523Z,33664,25288,"python.exe",1.765625,25915392,16584704,1,146
2026-10-04T04:41:42.9561523Z,30116,5128,"whisper-server.exe",6810.875,809431040,1324478464,62,191
2026-10-04T04:41:42.9561523Z,15444,30116,"conhost.exe",1.25,7876608,1241088,2,99
2026-10-04T04:42:14.6336934Z,26324,33688,"powershell.exe",189.75,100122624,75296768,17,645
2026-10-04T04:42:14.6336934Z,30336,26324,"conhost.exe",0.03125,11018240,1482752,2,146
2026-10-04T04:42:14.6336934Z,22812,26324,"python.exe",0,4317184,835584,1,77
2026-10-04T04:42:14.6336934Z,33748,22812,"python.exe",55.921875,133906432,651825152,16,242
2026-10-04T04:42:14.6336934Z,5128,26324,"engine.exe",75.0625,77033472,67661824,18,315
2026-10-04T04:42:14.6336934Z,25288,26324,"python.exe",0.015625,4317184,831488,1,77
2026-10-04T04:42:14.6336934Z,33664,25288,"python.exe",1.765625,25915392,16584704,1,146
2026-10-04T04:42:14.6336934Z,30116,5128,"whisper-server.exe",6871.890625,812560384,1327837184,62,191
2026-10-04T04:42:14.6336934Z,15444,30116,"conhost.exe",1.25,7876608,1241088,2,99
2026-10-04T04:42:45.6729604Z,26324,33688,"powershell.exe",191.578125,100122624,75296768,17,645
2026-10-04T04:42:45.6729604Z,30336,26324,"conhost.exe",0.03125,11018240,1482752,2,146
2026-10-04T04:42:45.6729604Z,22812,26324,"python.exe",0,4317184,835584,1,77
2026-10-04T04:42:45.6729604Z,33748,22812,"python.exe",56.109375,136187904,654180352,17,246
2026-10-04T04:42:45.6729604Z,5128,26324,"engine.exe",75.90625,77967360,68616192,18,316
2026-10-04T04:42:45.6729604Z,25288,26324,"python.exe",0.015625,4317184,831488,1,77
2026-10-04T04:42:45.6729604Z,33664,25288,"python.exe",1.765625,25915392,16584704,1,146
2026-10-04T04:42:45.6729604Z,30116,5128,"whisper-server.exe",6930.09375,808693760,1323593728,62,191
2026-10-04T04:42:45.6729604Z,15444,30116,"conhost.exe",1.25,7876608,1241088,2,99
2026-10-04T04:43:16.3369789Z,26324,33688,"powershell.exe",193.25,100122624,75296768,17,651
2026-10-04T04:43:16.3369789Z,30336,26324,"conhost.exe",0.03125,11018240,1482752,2,146
2026-10-04T04:43:16.3369789Z,22812,26324,"python.exe",0,4317184,835584,1,77
2026-10-04T04:43:16.3369789Z,33748,22812,"python.exe",56.4375,133906432,651825152,16,242
2026-10-04T04:43:16.3369789Z,5128,26324,"engine.exe",76.5625,77164544,67813376,18,314
2026-10-04T04:43:16.3369789Z,25288,26324,"python.exe",0.015625,4317184,831488,1,77
2026-10-04T04:43:16.3369789Z,33664,25288,"python.exe",1.796875,25915392,16584704,1,146
2026-10-04T04:43:16.3369789Z,30116,5128,"whisper-server.exe",7025.53125,808259584,1323044864,62,190
2026-10-04T04:43:16.3369789Z,15444,30116,"conhost.exe",1.265625,7876608,1241088,2,99
2026-10-04T04:43:47.9535359Z,26324,33688,"powershell.exe",194.578125,100122624,75296768,17,645
2026-10-04T04:43:47.9535359Z,30336,26324,"conhost.exe",0.03125,11018240,1482752,2,146
2026-10-04T04:43:47.9535359Z,22812,26324,"python.exe",0,4317184,835584,1,77
2026-10-04T04:43:47.9535359Z,33748,22812,"python.exe",57.0625,133906432,651825152,16,242
2026-10-04T04:43:47.9535359Z,5128,26324,"engine.exe",77.21875,77582336,68304896,18,315
2026-10-04T04:43:47.9535359Z,25288,26324,"python.exe",0.015625,4317184,831488,1,77
2026-10-04T04:43:47.9535359Z,33664,25288,"python.exe",1.8125,25915392,16584704,1,146
2026-10-04T04:43:47.9535359Z,30116,5128,"whisper-server.exe",7082.84375,809869312,1324728320,62,191
2026-10-04T04:43:47.9535359Z,15444,30116,"conhost.exe",1.265625,7876608,1241088,2,99
2026-10-04T04:44:19.2557387Z,26324,33688,"powershell.exe",197.03125,100122624,75296768,17,645
2026-10-04T04:44:19.2557387Z,30336,26324,"conhost.exe",0.03125,11018240,1482752,2,146
2026-10-04T04:44:19.2557387Z,22812,26324,"python.exe",0,4317184,835584,1,77
2026-10-04T04:44:19.2557387Z,33748,22812,"python.exe",57.0625,133906432,651825152,16,242
2026-10-04T04:44:19.2557387Z,5128,26324,"engine.exe",78.15625,76333056,66994176,18,314
2026-10-04T04:44:19.2557387Z,25288,26324,"python.exe",0.015625,4317184,831488,1,77
2026-10-04T04:44:19.2557387Z,33664,25288,"python.exe",1.8125,25915392,16584704,1,146
2026-10-04T04:44:19.2557387Z,30116,5128,"whisper-server.exe",7172.265625,808923136,1323601920,62,190
2026-10-04T04:44:19.2557387Z,15444,30116,"conhost.exe",1.296875,7876608,1241088,2,99
2026-10-04T04:44:50.4445395Z,26324,33688,"powershell.exe",199.3125,100102144,75264000,16,642
2026-10-04T04:44:50.4445395Z,30336,26324,"conhost.exe",0.03125,11018240,1482752,2,146
2026-10-04T04:44:50.4445395Z,22812,26324,"python.exe",0,4317184,835584,1,77
2026-10-04T04:44:50.4445395Z,33748,22812,"python.exe",57.828125,134799360,652738560,16,242
2026-10-04T04:44:50.4445395Z,5128,26324,"engine.exe",78.90625,77623296,68337664,18,315
2026-10-04T04:44:50.4445395Z,25288,26324,"python.exe",0.015625,4317184,831488,1,77
2026-10-04T04:44:50.4445395Z,33664,25288,"python.exe",1.828125,25915392,16584704,1,146
2026-10-04T04:44:50.4445395Z,30116,5128,"whisper-server.exe",7243.203125,809656320,1324445696,62,191
2026-10-04T04:44:50.4445395Z,15444,30116,"conhost.exe",1.296875,7876608,1241088,2,99
2026-10-04T04:45:21.7364198Z,26324,33688,"powershell.exe",201.90625,100147200,75329536,18,648
2026-10-04T04:45:21.7364198Z,30336,26324,"conhost.exe",0.03125,11038720,1523712,3,146
2026-10-04T04:45:21.7364198Z,22812,26324,"python.exe",0,4337664,872448,2,77
2026-10-04T04:45:21.7364198Z,33748,22812,"python.exe",57.84375,134885376,652865536,18,242
2026-10-04T04:45:21.7364198Z,5128,26324,"engine.exe",79.890625,77361152,68063232,19,314
2026-10-04T04:45:21.7364198Z,25288,26324,"python.exe",0.015625,4337664,864256,2,77
2026-10-04T04:45:21.7364198Z,33664,25288,"python.exe",1.84375,25935872,16621568,2,146
2026-10-04T04:45:21.7364198Z,30116,5128,"whisper-server.exe",7327.5,808292352,1323143168,63,190
2026-10-04T04:45:21.7364198Z,15444,30116,"conhost.exe",1.3125,7897088,1277952,3,99
2026-10-04T04:45:53.3115343Z,26324,33688,"powershell.exe",204.453125,100126720,75296768,17,645
2026-10-04T04:45:53.3115343Z,30336,26324,"conhost.exe",0.03125,11038720,1523712,3,146
2026-10-04T04:45:53.3115343Z,22812,26324,"python.exe",0,4337664,872448,2,77
2026-10-04T04:45:53.3115343Z,33748,22812,"python.exe",59.46875,136450048,654454784,18,242
2026-10-04T04:45:53.3115343Z,5128,26324,"engine.exe",80.859375,76558336,67219456,19,315
2026-10-04T04:45:53.3115343Z,25288,26324,"python.exe",0.015625,4337664,864256,2,77
2026-10-04T04:45:53.3115343Z,33664,25288,"python.exe",1.84375,25935872,16621568,2,146
2026-10-04T04:45:53.3115343Z,30116,5128,"whisper-server.exe",7400.046875,808562688,1323491328,63,191
2026-10-04T04:45:53.3115343Z,15444,30116,"conhost.exe",1.3125,7897088,1277952,3,99
2026-10-04T04:46:25.8434495Z,26324,33688,"powershell.exe",206.875,100147200,75329536,18,651
2026-10-04T04:46:25.8434495Z,30336,26324,"conhost.exe",0.03125,11038720,1523712,3,146
2026-10-04T04:46:25.8434495Z,22812,26324,"python.exe",0,4337664,872448,2,77
2026-10-04T04:46:25.8434495Z,33748,22812,"python.exe",59.5,136450048,654454784,18,242
2026-10-04T04:46:25.8434495Z,5128,26324,"engine.exe",82.09375,76767232,67407872,19,314
2026-10-04T04:46:25.8434495Z,25288,26324,"python.exe",0.015625,4337664,864256,2,77
2026-10-04T04:46:25.8434495Z,33664,25288,"python.exe",1.859375,25935872,16621568,2,146
2026-10-04T04:46:25.8434495Z,30116,5128,"whisper-server.exe",7492.46875,807849984,1322549248,63,190
2026-10-04T04:46:25.8434495Z,15444,30116,"conhost.exe",1.3125,7897088,1277952,3,99
2026-10-04T04:46:57.6683813Z,26324,33688,"powershell.exe",209.359375,100126720,75296768,17,645
2026-10-04T04:46:57.6683813Z,30336,26324,"conhost.exe",0.03125,11038720,1523712,3,146
2026-10-04T04:46:57.6683813Z,22812,26324,"python.exe",0,4317184,835584,1,77
2026-10-04T04:46:57.6683813Z,33748,22812,"python.exe",60.859375,133914624,651825152,16,242
2026-10-04T04:46:57.6683813Z,5128,26324,"engine.exe",82.96875,78123008,68747264,18,315
2026-10-04T04:46:57.6683813Z,25288,26324,"python.exe",0.015625,4317184,831488,1,77
2026-10-04T04:46:57.6683813Z,33664,25288,"python.exe",1.859375,25915392,16584704,1,146
2026-10-04T04:46:57.6683813Z,30116,5128,"whisper-server.exe",7558.421875,809394176,1324404736,62,191
2026-10-04T04:46:57.6683813Z,15444,30116,"conhost.exe",1.3125,7876608,1241088,2,99
2026-10-04T04:47:29.6737449Z,26324,33688,"powershell.exe",211.8125,100126720,75296768,17,643
2026-10-04T04:47:29.6737449Z,30336,26324,"conhost.exe",0.03125,11018240,1482752,2,146
2026-10-04T04:47:29.6737449Z,22812,26324,"python.exe",0,4317184,835584,1,77
2026-10-04T04:47:29.6737449Z,33748,22812,"python.exe",60.875,133914624,651825152,16,242
2026-10-04T04:47:29.6737449Z,5128,26324,"engine.exe",84.03125,78512128,69124096,18,314
2026-10-04T04:47:29.6737449Z,25288,26324,"python.exe",0.015625,4317184,831488,1,77
2026-10-04T04:47:29.6737449Z,33664,25288,"python.exe",1.859375,25915392,16584704,1,146
2026-10-04T04:47:29.6737449Z,30116,5128,"whisper-server.exe",7646.21875,808210432,1322999808,62,190
2026-10-04T04:47:29.6737449Z,15444,30116,"conhost.exe",1.34375,7876608,1241088,2,99
2026-10-04T04:48:01.8417633Z,26324,33688,"powershell.exe",214.546875,100126720,75296768,17,645
2026-10-04T04:48:01.8417633Z,30336,26324,"conhost.exe",0.03125,11018240,1482752,2,146
2026-10-04T04:48:01.8417633Z,22812,26324,"python.exe",0,4317184,835584,1,77
2026-10-04T04:48:01.8417633Z,33748,22812,"python.exe",62.25,133914624,651825152,16,242
2026-10-04T04:48:01.8417633Z,5128,26324,"engine.exe",85.1875,78045184,68689920,18,315
2026-10-04T04:48:01.8417633Z,25288,26324,"python.exe",0.015625,4317184,831488,1,77
2026-10-04T04:48:01.8417633Z,33664,25288,"python.exe",1.875,25915392,16584704,1,146
2026-10-04T04:48:01.8417633Z,30116,5128,"whisper-server.exe",7702.359375,809832448,1324855296,62,191
2026-10-04T04:48:01.8417633Z,15444,30116,"conhost.exe",1.34375,7876608,1241088,2,99
2026-10-04T04:48:33.8932952Z,26324,33688,"powershell.exe",217.234375,100106240,75255808,16,639
2026-10-04T04:48:33.8932952Z,30336,26324,"conhost.exe",0.03125,11018240,1482752,2,146
2026-10-04T04:48:33.8932952Z,22812,26324,"python.exe",0,4317184,835584,1,77
2026-10-04T04:48:33.8932952Z,33748,22812,"python.exe",62.296875,133914624,651825152,16,242
2026-10-04T04:48:33.8932952Z,5128,26324,"engine.exe",86.28125,78069760,68714496,18,315
2026-10-04T04:48:33.8932952Z,25288,26324,"python.exe",0.015625,4317184,831488,1,77
2026-10-04T04:48:33.8932952Z,33664,25288,"python.exe",1.890625,25915392,16584704,1,146
2026-10-04T04:48:33.8932952Z,30116,5128,"whisper-server.exe",7822.5,814579712,1329754112,62,191
2026-10-04T04:48:33.8932952Z,15444,30116,"conhost.exe",1.390625,7876608,1241088,2,99
2026-10-04T04:49:05.9688877Z,26324,33688,"powershell.exe",219.65625,100130816,75296768,17,645
2026-10-04T04:49:05.9688877Z,30336,26324,"conhost.exe",0.03125,11018240,1482752,2,146
2026-10-04T04:49:05.9688877Z,22812,26324,"python.exe",0,4317184,835584,1,77
2026-10-04T04:49:05.9688877Z,33748,22812,"python.exe",63.65625,134828032,652791808,16,242
2026-10-04T04:49:05.9688877Z,5128,26324,"engine.exe",87.234375,77512704,68190208,18,315
2026-10-04T04:49:05.9688877Z,25288,26324,"python.exe",0.015625,4317184,831488,1,77
2026-10-04T04:49:05.9688877Z,33664,25288,"python.exe",1.90625,25915392,16584704,1,146
2026-10-04T04:49:05.9688877Z,30116,5128,"whisper-server.exe",7868.859375,812183552,1327427584,62,191
2026-10-04T04:49:05.9688877Z,15444,30116,"conhost.exe",1.40625,7876608,1241088,2,99
2026-10-04T04:49:37.8858086Z,26324,33688,"powershell.exe",222.125,100110336,75255808,16,636
2026-10-04T04:49:37.8858086Z,30336,26324,"conhost.exe",0.03125,11018240,1482752,2,146
2026-10-04T04:49:37.8858086Z,22812,26324,"python.exe",0,4317184,835584,1,77
2026-10-04T04:49:37.8858086Z,33748,22812,"python.exe",63.671875,134828032,652791808,16,242
2026-10-04T04:49:37.8858086Z,5128,26324,"engine.exe",88.34375,77512704,68190208,18,315
2026-10-04T04:49:37.8858086Z,25288,26324,"python.exe",0.015625,4317184,831488,1,77
2026-10-04T04:49:37.8858086Z,33664,25288,"python.exe",1.90625,25915392,16584704,1,146
2026-10-04T04:49:37.8858086Z,30116,5128,"whisper-server.exe",7986.859375,813445120,1328254976,62,191
2026-10-04T04:49:37.8858086Z,15444,30116,"conhost.exe",1.40625,7876608,1241088,2,99
2026-10-04T04:50:09.6956200Z,26324,33688,"powershell.exe",223.984375,100130816,75296768,17,643
2026-10-04T04:50:09.6956200Z,30336,26324,"conhost.exe",0.03125,11018240,1482752,2,146
2026-10-04T04:50:09.6956200Z,22812,26324,"python.exe",0,4317184,835584,1,77
2026-10-04T04:50:09.6956200Z,33748,22812,"python.exe",65.21875,133918720,651825152,16,242
2026-10-04T04:50:09.6956200Z,5128,26324,"engine.exe",89,76873728,67477504,18,315
2026-10-04T04:50:09.6956200Z,25288,26324,"python.exe",0.015625,4317184,831488,1,77
2026-10-04T04:50:09.6956200Z,33664,25288,"python.exe",1.921875,25915392,16584704,1,146
2026-10-04T04:50:09.6956200Z,30116,5128,"whisper-server.exe",8027.375,812081152,1327972352,62,191
2026-10-04T04:50:09.6956200Z,15444,30116,"conhost.exe",1.421875,7876608,1241088,2,99
2026-10-04T04:50:41.8433538Z,26324,33688,"powershell.exe",227.421875,100110336,75255808,16,639
2026-10-04T04:50:41.8433538Z,30336,26324,"conhost.exe",0.03125,11018240,1482752,2,146
2026-10-04T04:50:41.8433538Z,22812,26324,"python.exe",0,4317184,835584,1,77
2026-10-04T04:50:41.8433538Z,33748,22812,"python.exe",65.21875,133918720,651825152,16,242
2026-10-04T04:50:41.8433538Z,5128,26324,"engine.exe",89.90625,76873728,67477504,18,315
2026-10-04T04:50:41.8433538Z,25288,26324,"python.exe",0.015625,4317184,831488,1,77
2026-10-04T04:50:41.8433538Z,33664,25288,"python.exe",1.953125,25915392,16584704,1,146
2026-10-04T04:50:41.8433538Z,30116,5128,"whisper-server.exe",8143.640625,813236224,1328103424,62,191
2026-10-04T04:50:41.8433538Z,15444,30116,"conhost.exe",1.4375,7876608,1241088,2,99
2026-10-04T04:51:14.3253679Z,26324,33688,"powershell.exe",229.203125,100130816,75296768,17,645
2026-10-04T04:51:14.3253679Z,30336,26324,"conhost.exe",0.03125,11018240,1482752,2,146
2026-10-04T04:51:14.3253679Z,22812,26324,"python.exe",0,4317184,835584,1,77
2026-10-04T04:51:14.3253679Z,33748,22812,"python.exe",65.84375,133918720,651825152,16,242
2026-10-04T04:51:14.3253679Z,5128,26324,"engine.exe",90.8125,77914112,68505600,18,315
2026-10-04T04:51:14.3253679Z,25288,26324,"python.exe",0.015625,4317184,831488,1,77
2026-10-04T04:51:14.3253679Z,33664,25288,"python.exe",1.96875,25915392,16584704,1,146
2026-10-04T04:51:14.3253679Z,30116,5128,"whisper-server.exe",8196.21875,810090496,1325199360,62,191
2026-10-04T04:51:14.3253679Z,15444,30116,"conhost.exe",1.4375,7876608,1241088,2,99
2026-10-04T04:51:45.5991184Z,26324,33688,"powershell.exe",231.6875,100130816,75296768,17,643
2026-10-04T04:51:45.5991184Z,30336,26324,"conhost.exe",0.03125,11018240,1482752,2,146
2026-10-04T04:51:45.5991184Z,22812,26324,"python.exe",0,4317184,835584,1,77
2026-10-04T04:51:45.5991184Z,33748,22812,"python.exe",65.84375,133918720,651825152,16,242
2026-10-04T04:51:45.5991184Z,5128,26324,"engine.exe",91.640625,76767232,67358720,18,314
2026-10-04T04:51:45.5991184Z,25288,26324,"python.exe",0.015625,4317184,831488,1,77
2026-10-04T04:51:45.5991184Z,33664,25288,"python.exe",1.984375,25915392,16584704,1,146
2026-10-04T04:51:45.5991184Z,30116,5128,"whisper-server.exe",8288.484375,813146112,1328721920,62,190
2026-10-04T04:51:45.5991184Z,15444,30116,"conhost.exe",1.4375,7876608,1241088,2,99
2026-10-04T04:52:16.9736814Z,26324,33688,"powershell.exe",233.21875,100130816,75296768,17,645
2026-10-04T04:52:16.9736814Z,30336,26324,"conhost.exe",0.03125,11018240,1482752,2,146
2026-10-04T04:52:16.9736814Z,22812,26324,"python.exe",0,4317184,835584,1,77
2026-10-04T04:52:16.9736814Z,33748,22812,"python.exe",66.59375,133918720,651825152,16,242
2026-10-04T04:52:16.9736814Z,5128,26324,"engine.exe",92.65625,77303808,67948544,18,315
2026-10-04T04:52:16.9736814Z,25288,26324,"python.exe",0.015625,4317184,831488,1,77
2026-10-04T04:52:16.9736814Z,33664,25288,"python.exe",2,25915392,16584704,1,146
2026-10-04T04:52:16.9736814Z,30116,5128,"whisper-server.exe",8340.78125,813252608,1328721920,62,191
2026-10-04T04:52:16.9736814Z,15444,30116,"conhost.exe",1.4375,7876608,1241088,2,99
2026-10-04T04:52:48.1627896Z,26324,33688,"powershell.exe",236.125,100130816,75296768,17,648
2026-10-04T04:52:48.1627896Z,30336,26324,"conhost.exe",0.03125,11018240,1482752,2,146
2026-10-04T04:52:48.1627896Z,22812,26324,"python.exe",0,4317184,835584,1,77
2026-10-04T04:52:48.1627896Z,33748,22812,"python.exe",66.59375,133918720,651825152,16,242
2026-10-04T04:52:48.1627896Z,5128,26324,"engine.exe",93.671875,76902400,67538944,18,314
2026-10-04T04:52:48.1627896Z,25288,26324,"python.exe",0.015625,4317184,831488,1,77
2026-10-04T04:52:48.1627896Z,33664,25288,"python.exe",2.03125,25915392,16584704,1,146
2026-10-04T04:52:48.1627896Z,30116,5128,"whisper-server.exe",8450.21875,809832448,1324486656,62,190
2026-10-04T04:52:48.1627896Z,15444,30116,"conhost.exe",1.53125,7876608,1241088,2,99
2026-10-04T04:53:19.7766058Z,26324,33688,"powershell.exe",237.859375,100130816,75296768,17,645
2026-10-04T04:53:19.7766058Z,30336,26324,"conhost.exe",0.03125,11018240,1482752,2,146
2026-10-04T04:53:19.7766058Z,22812,26324,"python.exe",0,4317184,835584,1,77
2026-10-04T04:53:19.7766058Z,33748,22812,"python.exe",67.171875,134811648,652738560,16,242
2026-10-04T04:53:19.7766058Z,5128,26324,"engine.exe",94.59375,77918208,68571136,18,315
2026-10-04T04:53:19.7766058Z,25288,26324,"python.exe",0.015625,4317184,831488,1,77
2026-10-04T04:53:19.7766058Z,33664,25288,"python.exe",2.078125,25915392,16584704,1,146
2026-10-04T04:53:19.7766058Z,30116,5128,"whisper-server.exe",8512.4375,810733568,1325903872,62,191
2026-10-04T04:53:19.7766058Z,15444,30116,"conhost.exe",1.53125,7876608,1241088,2,99
2026-10-04T04:53:51.7595319Z,26324,33688,"powershell.exe",240.140625,95543296,75296768,17,647
2026-10-04T04:53:51.7595319Z,30336,26324,"conhost.exe",0.03125,10833920,1482752,2,146
2026-10-04T04:53:51.7595319Z,22812,26324,"python.exe",0,4317184,835584,1,77
2026-10-04T04:53:51.7595319Z,33748,22812,"python.exe",67.203125,134766592,652738560,16,242
2026-10-04T04:53:51.7595319Z,5128,26324,"engine.exe",95.578125,76959744,67874816,18,314
2026-10-04T04:53:51.7595319Z,25288,26324,"python.exe",0.015625,4317184,831488,1,77
2026-10-04T04:53:51.7595319Z,33664,25288,"python.exe",2.078125,25915392,16584704,1,146
2026-10-04T04:53:51.7595319Z,30116,5128,"whisper-server.exe",8588.3125,796946432,1324240896,62,190
2026-10-04T04:53:51.7595319Z,15444,30116,"conhost.exe",1.546875,7876608,1241088,2,99
2026-10-04T04:54:23.2122043Z,26324,33688,"powershell.exe",242.671875,95522816,75255808,16,645
2026-10-04T04:54:23.2122043Z,30336,26324,"conhost.exe",0.03125,10833920,1482752,2,146
2026-10-04T04:54:23.2122043Z,22812,26324,"python.exe",0,4317184,835584,1,77
2026-10-04T04:54:23.2122043Z,33748,22812,"python.exe",67.875,133873664,651825152,16,242
2026-10-04T04:54:23.2122043Z,5128,26324,"engine.exe",96.453125,77004800,67883008,18,315
2026-10-04T04:54:23.2122043Z,25288,26324,"python.exe",0.015625,4317184,831488,1,77
2026-10-04T04:54:23.2122043Z,33664,25288,"python.exe",2.09375,25915392,16584704,1,146
2026-10-04T04:54:23.2122043Z,30116,5128,"whisper-server.exe",8688.375,797212672,1324597248,62,191
2026-10-04T04:54:23.2122043Z,15444,30116,"conhost.exe",1.546875,7876608,1241088,2,99
2026-10-04T04:54:54.6965171Z,26324,33688,"powershell.exe",244.140625,95563776,75329536,18,647
2026-10-04T04:54:54.6965171Z,30336,26324,"conhost.exe",0.03125,10833920,1482752,2,146
2026-10-04T04:54:54.6965171Z,22812,26324,"python.exe",0,4317184,835584,1,77
2026-10-04T04:54:54.6965171Z,33748,22812,"python.exe",67.875,133873664,651825152,16,242
2026-10-04T04:54:54.6965171Z,5128,26324,"engine.exe",97.125,77856768,68734976,18,315
2026-10-04T04:54:54.6965171Z,25288,26324,"python.exe",0.015625,4317184,831488,1,77
2026-10-04T04:54:54.6965171Z,33664,25288,"python.exe",2.109375,25915392,16584704,1,146
2026-10-04T04:54:54.6965171Z,30116,5128,"whisper-server.exe",8731.34375,797741056,1325252608,62,191
2026-10-04T04:54:54.6965171Z,15444,30116,"conhost.exe",1.546875,7876608,1241088,2,99
2026-10-04T04:55:26.2551579Z,26324,33688,"powershell.exe",246.84375,95522816,75255808,16,645
2026-10-04T04:55:26.2551579Z,30336,26324,"conhost.exe",0.03125,10833920,1482752,2,146
2026-10-04T04:55:26.2551579Z,22812,26324,"python.exe",0,4317184,835584,1,77
2026-10-04T04:55:26.2551579Z,33748,22812,"python.exe",68.578125,133873664,651825152,16,242
2026-10-04T04:55:26.2551579Z,5128,26324,"engine.exe",98.359375,77864960,68734976,18,315
2026-10-04T04:55:26.2551579Z,25288,26324,"python.exe",0.015625,4317184,831488,1,77
2026-10-04T04:55:26.2551579Z,33664,25288,"python.exe",2.109375,25915392,16584704,1,146
2026-10-04T04:55:26.2551579Z,30116,5128,"whisper-server.exe",8852.796875,797741056,1325252608,62,191
2026-10-04T04:55:26.2551579Z,15444,30116,"conhost.exe",1.546875,7876608,1241088,2,99
2026-10-04T04:55:57.5523514Z,26324,33688,"powershell.exe",248.1875,95543296,75296768,17,645
2026-10-04T04:55:57.5523514Z,30336,26324,"conhost.exe",0.03125,10833920,1482752,2,146
2026-10-04T04:55:57.5523514Z,22812,26324,"python.exe",0,4317184,835584,1,77
2026-10-04T04:55:57.5523514Z,33748,22812,"python.exe",68.59375,133873664,651825152,16,242
2026-10-04T04:55:57.5523514Z,5128,26324,"engine.exe",99.125,77225984,68145152,18,314
2026-10-04T04:55:57.5523514Z,25288,26324,"python.exe",0.015625,4317184,831488,1,77
2026-10-04T04:55:57.5523514Z,33664,25288,"python.exe",2.125,25915392,16584704,1,146
2026-10-04T04:55:57.5523514Z,30116,5128,"whisper-server.exe",8881.609375,797351936,1324580864,62,190
2026-10-04T04:55:57.5523514Z,15444,30116,"conhost.exe",1.5625,7876608,1241088,2,99
2026-10-04T04:56:28.9113681Z,26324,33688,"powershell.exe",251.171875,95522816,75255808,16,643
2026-10-04T04:56:28.9113681Z,30336,26324,"conhost.exe",0.03125,10833920,1482752,2,146
2026-10-04T04:56:28.9113681Z,22812,26324,"python.exe",0,4317184,835584,1,77
2026-10-04T04:56:28.9113681Z,33748,22812,"python.exe",70,133873664,651825152,16,242
2026-10-04T04:56:28.9113681Z,5128,26324,"engine.exe",100.21875,77848576,68743168,18,315
2026-10-04T04:56:28.9113681Z,25288,26324,"python.exe",0.015625,4317184,831488,1,77
2026-10-04T04:56:28.9113681Z,33664,25288,"python.exe",2.140625,25915392,16584704,1,146
2026-10-04T04:56:28.9113681Z,30116,5128,"whisper-server.exe",8999.71875,798744576,1326002176,62,191
2026-10-04T04:56:28.9113681Z,15444,30116,"conhost.exe",1.5625,7876608,1241088,2,99
2026-10-04T04:57:01.1086760Z,26324,33688,"powershell.exe",252.8125,95543296,75296768,17,647
2026-10-04T04:57:01.1086760Z,30336,26324,"conhost.exe",0.03125,10833920,1482752,2,146
2026-10-04T04:57:01.1086760Z,22812,26324,"python.exe",0,4317184,835584,1,77
2026-10-04T04:57:01.1086760Z,33748,22812,"python.exe",71.4375,134766592,652738560,16,242
2026-10-04T04:57:01.1086760Z,5128,26324,"engine.exe",100.875,77856768,68784128,18,315
2026-10-04T04:57:01.1086760Z,25288,26324,"python.exe",0.015625,4317184,831488,1,77
2026-10-04T04:57:01.1086760Z,33664,25288,"python.exe",2.140625,25915392,16584704,1,146
2026-10-04T04:57:01.1086760Z,30116,5128,"whisper-server.exe",9055.546875,798613504,1326014464,62,191
2026-10-04T04:57:01.1086760Z,15444,30116,"conhost.exe",1.59375,7876608,1241088,2,99
2026-10-04T04:57:33.2964520Z,26324,33688,"powershell.exe",255.25,95522816,75255808,16,640
2026-10-04T04:57:33.2964520Z,30336,26324,"conhost.exe",0.03125,10833920,1482752,2,146
2026-10-04T04:57:33.2964520Z,22812,26324,"python.exe",0,4317184,835584,1,77
2026-10-04T04:57:33.2964520Z,33748,22812,"python.exe",71.484375,134766592,652738560,16,242
2026-10-04T04:57:33.2964520Z,5128,26324,"engine.exe",101.765625,77856768,68784128,18,315
2026-10-04T04:57:33.2964520Z,25288,26324,"python.exe",0.015625,4317184,831488,1,77
2026-10-04T04:57:33.2964520Z,33664,25288,"python.exe",2.15625,25915392,16584704,1,146
2026-10-04T04:57:33.2964520Z,30116,5128,"whisper-server.exe",9175.1875,798191616,1325305856,62,191
2026-10-04T04:57:33.2964520Z,15444,30116,"conhost.exe",1.59375,7876608,1241088,2,99
2026-10-04T04:58:06.4774232Z,26324,33688,"powershell.exe",257.421875,95543296,75296768,17,644
2026-10-04T04:58:06.4774232Z,30336,26324,"conhost.exe",0.03125,10833920,1482752,2,146
2026-10-04T04:58:06.4774232Z,22812,26324,"python.exe",0,4317184,835584,1,77
2026-10-04T04:58:06.4774232Z,33748,22812,"python.exe",72.90625,133881856,651825152,16,242
2026-10-04T04:58:06.4774232Z,5128,26324,"engine.exe",102.765625,76845056,67751936,18,315
2026-10-04T04:58:06.4774232Z,25288,26324,"python.exe",0.015625,4317184,831488,1,77
2026-10-04T04:58:06.4774232Z,33664,25288,"python.exe",2.15625,25915392,16584704,1,146
2026-10-04T04:58:06.4774232Z,30116,5128,"whisper-server.exe",9233.234375,797741056,1324838912,62,191
2026-10-04T04:58:06.4774232Z,15444,30116,"conhost.exe",1.609375,7876608,1241088,2,99
2026-10-04T04:58:37.7558286Z,26324,33688,"powershell.exe",259.703125,82173952,75296768,17,646
2026-10-04T04:58:37.7558286Z,30336,26324,"conhost.exe",0.03125,10493952,1482752,2,146
2026-10-04T04:58:37.7558286Z,22812,26324,"python.exe",0,3919872,835584,1,77
2026-10-04T04:58:37.7558286Z,33748,22812,"python.exe",72.90625,85372928,651825152,16,242
2026-10-04T04:58:37.7558286Z,5128,26324,"engine.exe",103.78125,44642304,67489792,18,314
2026-10-04T04:58:37.7558286Z,25288,26324,"python.exe",0.015625,3956736,831488,1,77
2026-10-04T04:58:37.7558286Z,33664,25288,"python.exe",2.171875,19673088,16584704,1,146
2026-10-04T04:58:37.7558286Z,30116,5128,"whisper-server.exe",9321.0625,788213760,1329389568,62,190
2026-10-04T04:58:37.7558286Z,15444,30116,"conhost.exe",1.625,7790592,1241088,2,99
2026-10-04T04:59:09.0925845Z,26324,33688,"powershell.exe",261.90625,82173952,75296768,17,645
2026-10-04T04:59:09.0925845Z,30336,26324,"conhost.exe",0.03125,10493952,1482752,2,146
2026-10-04T04:59:09.0925845Z,22812,26324,"python.exe",0,3919872,835584,1,77
2026-10-04T04:59:09.0925845Z,33748,22812,"python.exe",74.5,85372928,651825152,16,242
2026-10-04T04:59:09.0925845Z,5128,26324,"engine.exe",104.53125,45887488,68734976,18,315
2026-10-04T04:59:09.0925845Z,25288,26324,"python.exe",0.015625,3956736,831488,1,77
2026-10-04T04:59:09.0925845Z,33664,25288,"python.exe",2.171875,19673088,16584704,1,146
2026-10-04T04:59:09.0925845Z,30116,5128,"whisper-server.exe",9393.75,788275200,1329442816,62,191
2026-10-04T04:59:09.0925845Z,15444,30116,"conhost.exe",1.625,7790592,1241088,2,99
2026-10-04T04:59:40.4676216Z,26324,33688,"powershell.exe",264.65625,82173952,75296768,17,648
2026-10-04T04:59:40.4676216Z,30336,26324,"conhost.exe",0.03125,10493952,1482752,2,146
2026-10-04T04:59:40.4676216Z,22812,26324,"python.exe",0,3919872,835584,1,77
2026-10-04T04:59:40.4676216Z,33748,22812,"python.exe",74.53125,85372928,651825152,16,242
2026-10-04T04:59:40.4676216Z,5128,26324,"engine.exe",105.4375,46346240,69226496,18,314
2026-10-04T04:59:40.4676216Z,25288,26324,"python.exe",0.015625,3956736,831488,1,77
2026-10-04T04:59:40.4676216Z,33664,25288,"python.exe",2.1875,19673088,16584704,1,146
2026-10-04T04:59:40.4676216Z,30116,5128,"whisper-server.exe",9480.40625,787083264,1328197632,62,190
2026-10-04T04:59:40.4676216Z,15444,30116,"conhost.exe",1.703125,7790592,1241088,2,99
2026-10-04T05:00:11.6564672Z,26324,33688,"powershell.exe",266.421875,82173952,75296768,17,645
2026-10-04T05:00:11.6564672Z,30336,26324,"conhost.exe",0.03125,10493952,1482752,2,146
2026-10-04T05:00:11.6564672Z,22812,26324,"python.exe",0,3919872,835584,1,77
2026-10-04T05:00:11.6564672Z,33748,22812,"python.exe",75.75,85372928,651825152,16,242
2026-10-04T05:00:11.6564672Z,5128,26324,"engine.exe",106.328125,45309952,68120576,18,315
2026-10-04T05:00:11.6564672Z,25288,26324,"python.exe",0.015625,3956736,831488,1,77
2026-10-04T05:00:11.6564672Z,33664,25288,"python.exe",2.203125,19673088,16584704,1,146
2026-10-04T05:00:11.6564672Z,30116,5128,"whisper-server.exe",9524.546875,787218432,1328263168,62,191
2026-10-04T05:00:11.6564672Z,15444,30116,"conhost.exe",1.703125,7790592,1241088,2,99
2026-10-04T05:00:42.7763551Z,26324,33688,"powershell.exe",268.828125,82153472,75264000,16,643
2026-10-04T05:00:42.7763551Z,30336,26324,"conhost.exe",0.03125,10493952,1482752,2,146
2026-10-04T05:00:42.7763551Z,22812,26324,"python.exe",0,3919872,835584,1,77
2026-10-04T05:00:42.7763551Z,33748,22812,"python.exe",75.765625,85372928,651825152,16,242
2026-10-04T05:00:42.7763551Z,5128,26324,"engine.exe",107.25,44638208,67436544,18,314
2026-10-04T05:00:42.7763551Z,25288,26324,"python.exe",0.015625,3956736,831488,1,77
2026-10-04T05:00:42.7763551Z,33664,25288,"python.exe",2.203125,19673088,16584704,1,146
2026-10-04T05:00:42.7763551Z,30116,5128,"whisper-server.exe",9617.75,784371712,1325273088,62,190
2026-10-04T05:00:42.7763551Z,15444,30116,"conhost.exe",1.75,7790592,1241088,2,99
2026-10-04T05:01:13.9732132Z,26324,33688,"powershell.exe",270.453125,82173952,75296768,17,643
2026-10-04T05:01:13.9732132Z,30336,26324,"conhost.exe",0.03125,10493952,1482752,2,146
2026-10-04T05:01:13.9732132Z,22812,26324,"python.exe",0,3919872,835584,1,77
2026-10-04T05:01:13.9732132Z,33748,22812,"python.exe",76.40625,86269952,652738560,16,242
2026-10-04T05:01:13.9732132Z,5128,26324,"engine.exe",107.90625,45871104,68673536,18,315
2026-10-04T05:01:13.9732132Z,25288,26324,"python.exe",0.015625,3956736,831488,1,77
2026-10-04T05:01:13.9732132Z,33664,25288,"python.exe",2.21875,19673088,16584704,1,146
2026-10-04T05:01:13.9732132Z,30116,5128,"whisper-server.exe",9692.25,785367040,1327235072,62,191
2026-10-04T05:01:13.9732132Z,15444,30116,"conhost.exe",1.75,7790592,1241088,2,99
2026-10-04T05:01:45.3818471Z,26324,33688,"powershell.exe",272.796875,82173952,75296768,17,645
2026-10-04T05:01:45.3818471Z,30336,26324,"conhost.exe",0.03125,10493952,1482752,2,146
2026-10-04T05:01:45.3818471Z,22812,26324,"python.exe",0,3919872,835584,1,77
2026-10-04T05:01:45.3818471Z,33748,22812,"python.exe",76.96875,85381120,651825152,16,242
2026-10-04T05:01:45.3818471Z,5128,26324,"engine.exe",108.625,45228032,68050944,18,315
2026-10-04T05:01:45.3818471Z,25288,26324,"python.exe",0.015625,3956736,831488,1,77
2026-10-04T05:01:45.3818471Z,33664,25288,"python.exe",2.21875,19673088,16584704,1,146
2026-10-04T05:01:45.3818471Z,30116,5128,"whisper-server.exe",9746.796875,784314368,1325514752,62,191
2026-10-04T05:01:45.3818471Z,15444,30116,"conhost.exe",1.796875,7790592,1241088,2,99
2026-10-04T05:02:16.4020249Z,26324,33688,"powershell.exe",275.34375,82173952,75296768,17,652
2026-10-04T05:02:16.4020249Z,30336,26324,"conhost.exe",0.03125,10493952,1482752,2,146
2026-10-04T05:02:16.4020249Z,22812,26324,"python.exe",0,3919872,835584,1,77
2026-10-04T05:02:16.4020249Z,33748,22812,"python.exe",76.984375,85381120,651825152,16,242
2026-10-04T05:02:16.4020249Z,5128,26324,"engine.exe",109.59375,44912640,67723264,18,314
2026-10-04T05:02:16.4020249Z,25288,26324,"python.exe",0.015625,3956736,831488,1,77
2026-10-04T05:02:16.4020249Z,33664,25288,"python.exe",2.25,19673088,16584704,1,146
2026-10-04T05:02:16.4020249Z,30116,5128,"whisper-server.exe",9845.09375,783409152,1324367872,62,190
2026-10-04T05:02:16.4020249Z,15444,30116,"conhost.exe",1.796875,7790592,1241088,2,99
2026-10-04T05:02:47.6160333Z,26324,33688,"powershell.exe",276.4375,82173952,75296768,17,643
2026-10-04T05:02:47.6160333Z,30336,26324,"conhost.exe",0.03125,10493952,1482752,2,146
2026-10-04T05:02:47.6160333Z,22812,26324,"python.exe",0,3919872,835584,1,77
2026-10-04T05:02:47.6160333Z,33748,22812,"python.exe",77.59375,85381120,651825152,16,242
2026-10-04T05:02:47.6160333Z,5128,26324,"engine.exe",110.34375,45813760,68608000,18,315
2026-10-04T05:02:47.6160333Z,25288,26324,"python.exe",0.015625,3956736,831488,1,77
2026-10-04T05:02:47.6160333Z,33664,25288,"python.exe",2.25,19673088,16584704,1,146
2026-10-04T05:02:47.6160333Z,30116,5128,"whisper-server.exe",9914.359375,784879616,1326206976,62,191
2026-10-04T05:02:47.6160333Z,15444,30116,"conhost.exe",1.796875,7790592,1241088,2,99
2026-10-04T05:03:18.6973997Z,26324,33688,"powershell.exe",277.5625,82173952,75296768,17,645
2026-10-04T05:03:18.6973997Z,30336,26324,"conhost.exe",0.03125,10493952,1482752,2,146
2026-10-04T05:03:18.6973997Z,22812,26324,"python.exe",0,3919872,835584,1,77
2026-10-04T05:03:18.6973997Z,33748,22812,"python.exe",77.59375,85381120,651825152,16,242
2026-10-04T05:03:18.6973997Z,5128,26324,"engine.exe",110.953125,45387776,68247552,18,314
2026-10-04T05:03:18.6973997Z,25288,26324,"python.exe",0.015625,3956736,831488,1,77
2026-10-04T05:03:18.6973997Z,33664,25288,"python.exe",2.25,19673088,16584704,1,146
2026-10-04T05:03:18.6973997Z,30116,5128,"whisper-server.exe",9966.96875,787525632,1328984064,62,190
2026-10-04T05:03:18.6973997Z,15444,30116,"conhost.exe",1.828125,7790592,1241088,2,99
2026-10-04T05:03:49.8917667Z,26324,33688,"powershell.exe",279.3125,82153472,75255808,16,645
2026-10-04T05:03:49.8917667Z,30336,26324,"conhost.exe",0.03125,10493952,1482752,2,146
2026-10-04T05:03:49.8917667Z,22812,26324,"python.exe",0,3919872,835584,1,77
2026-10-04T05:03:49.8917667Z,33748,22812,"python.exe",78.265625,85385216,651825152,16,242
2026-10-04T05:03:49.8917667Z,5128,26324,"engine.exe",111.96875,45834240,68673536,18,315
2026-10-04T05:03:49.8917667Z,25288,26324,"python.exe",0.015625,3956736,831488,1,77
2026-10-04T05:03:49.8917667Z,33664,25288,"python.exe",2.265625,19673088,16584704,1,146
2026-10-04T05:03:49.8917667Z,30116,5128,"whisper-server.exe",10061.140625,787824640,1329123328,62,191
2026-10-04T05:03:49.8917667Z,15444,30116,"conhost.exe",1.828125,7790592,1241088,2,99
2026-10-04T05:04:21.2239946Z,26324,33688,"powershell.exe",281.28125,82173952,75296768,17,645
2026-10-04T05:04:21.2239946Z,30336,26324,"conhost.exe",0.03125,10493952,1482752,2,146
2026-10-04T05:04:21.2239946Z,22812,26324,"python.exe",0,3919872,835584,1,77
2026-10-04T05:04:21.2239946Z,33748,22812,"python.exe",78.265625,85385216,651825152,16,242
2026-10-04T05:04:21.2239946Z,5128,26324,"engine.exe",112.65625,45707264,68558848,18,315
2026-10-04T05:04:21.2239946Z,25288,26324,"python.exe",0.015625,3956736,831488,1,77
2026-10-04T05:04:21.2239946Z,33664,25288,"python.exe",2.265625,19673088,16584704,1,146
2026-10-04T05:04:21.2239946Z,30116,5128,"whisper-server.exe",10108.21875,785219584,1326399488,62,191
2026-10-04T05:04:21.2239946Z,15444,30116,"conhost.exe",1.859375,7790592,1241088,2,99
2026-10-04T05:04:51.7694761Z,26324,33688,"powershell.exe",282.953125,82173952,75296768,17,653
2026-10-04T05:04:51.7694761Z,30336,26324,"conhost.exe",0.03125,10493952,1482752,2,146
2026-10-04T05:04:51.7694761Z,22812,26324,"python.exe",0,3919872,835584,1,77
2026-10-04T05:04:51.7694761Z,33748,22812,"python.exe",79.03125,86294528,652738560,16,242
2026-10-04T05:04:51.7694761Z,5128,26324,"engine.exe",113.59375,45793280,68591616,18,314
2026-10-04T05:04:51.7694761Z,25288,26324,"python.exe",0.015625,3956736,831488,1,77
2026-10-04T05:04:51.7694761Z,33664,25288,"python.exe",2.265625,19673088,16584704,1,146
2026-10-04T05:04:51.7694761Z,30116,5128,"whisper-server.exe",10218.703125,784035840,1325084672,62,190
2026-10-04T05:04:51.7694761Z,15444,30116,"conhost.exe",1.90625,7790592,1241088,2,99
2026-10-04T05:05:22.9628571Z,26324,33688,"powershell.exe",284.6875,82173952,75296768,17,643
2026-10-04T05:05:22.9628571Z,30336,26324,"conhost.exe",0.03125,10493952,1482752,2,146
2026-10-04T05:05:22.9628571Z,22812,26324,"python.exe",0,3919872,835584,1,77
2026-10-04T05:05:22.9628571Z,33748,22812,"python.exe",79.625,85401600,651825152,16,242
2026-10-04T05:05:22.9628571Z,5128,26324,"engine.exe",114.34375,45199360,67993600,18,315
2026-10-04T05:05:22.9628571Z,25288,26324,"python.exe",0.015625,3956736,831488,1,77
2026-10-04T05:05:22.9628571Z,33664,25288,"python.exe",2.265625,19673088,16584704,1,146
2026-10-04T05:05:22.9628571Z,30116,5128,"whisper-server.exe",10282.734375,784445440,1325625344,62,191
2026-10-04T05:05:22.9628571Z,15444,30116,"conhost.exe",1.90625,7790592,1241088,2,99
2026-10-04T05:05:54.2660518Z,26324,33688,"powershell.exe",286.578125,82194432,75329536,18,647
2026-10-04T05:05:54.2660518Z,30336,26324,"conhost.exe",0.03125,10493952,1482752,2,146
2026-10-04T05:05:54.2660518Z,22812,26324,"python.exe",0,3919872,835584,1,77
2026-10-04T05:05:54.2660518Z,33748,22812,"python.exe",79.640625,85401600,651825152,16,242
2026-10-04T05:05:54.2660518Z,5128,26324,"engine.exe",115.015625,46059520,68853760,18,315
2026-10-04T05:05:54.2660518Z,25288,26324,"python.exe",0.015625,3956736,831488,1,77
2026-10-04T05:05:54.2660518Z,33664,25288,"python.exe",2.265625,19673088,16584704,1,146
2026-10-04T05:05:54.2660518Z,30116,5128,"whisper-server.exe",10329.484375,784973824,1326288896,62,191
2026-10-04T05:05:54.2660518Z,15444,30116,"conhost.exe",1.90625,7790592,1241088,2,99
2026-10-04T05:06:25.5338317Z,26324,33688,"powershell.exe",288.890625,82194432,75329536,18,652
2026-10-04T05:06:25.5338317Z,30336,26324,"conhost.exe",0.03125,10493952,1482752,2,146
2026-10-04T05:06:25.5338317Z,22812,26324,"python.exe",0,3919872,835584,1,77
2026-10-04T05:06:25.5338317Z,33748,22812,"python.exe",80.203125,85401600,651825152,16,242
2026-10-04T05:06:25.5338317Z,5128,26324,"engine.exe",116.125,46084096,68878336,18,314
2026-10-04T05:06:25.5338317Z,25288,26324,"python.exe",0.015625,3956736,831488,1,77
2026-10-04T05:06:25.5338317Z,33664,25288,"python.exe",2.28125,19673088,16584704,1,146
2026-10-04T05:06:25.5338317Z,30116,5128,"whisper-server.exe",10451.203125,784269312,1325285376,62,190
2026-10-04T05:06:25.5338317Z,15444,30116,"conhost.exe",1.9375,7790592,1241088,2,99
2026-10-04T05:06:57.0157571Z,26324,33688,"powershell.exe",290.4375,82173952,75296768,17,645
2026-10-04T05:06:57.0157571Z,30336,26324,"conhost.exe",0.03125,10493952,1482752,2,146
2026-10-04T05:06:57.0157571Z,22812,26324,"python.exe",0,3919872,835584,1,77
2026-10-04T05:06:57.0157571Z,33748,22812,"python.exe",80.65625,85405696,651825152,16,242
2026-10-04T05:06:57.0157571Z,5128,26324,"engine.exe",116.765625,45416448,68255744,18,315
2026-10-04T05:06:57.0157571Z,25288,26324,"python.exe",0.015625,3956736,831488,1,77
2026-10-04T05:06:57.0157571Z,33664,25288,"python.exe",2.296875,19673088,16584704,1,146
2026-10-04T05:06:57.0157571Z,30116,5128,"whisper-server.exe",10481.828125,785944576,1326972928,62,191
2026-10-04T05:06:57.0157571Z,15444,30116,"conhost.exe",1.9375,7790592,1241088,2,99
2026-10-04T05:07:28.1702623Z,26324,33688,"powershell.exe",292.875,82173952,75296768,17,643
2026-10-04T05:07:28.1702623Z,30336,26324,"conhost.exe",0.03125,10493952,1482752,2,146
2026-10-04T05:07:28.1702623Z,22812,26324,"python.exe",0,3919872,835584,1,77
2026-10-04T05:07:28.1702623Z,33748,22812,"python.exe",80.6875,85405696,651825152,16,242
2026-10-04T05:07:28.1702623Z,5128,26324,"engine.exe",117.65625,44802048,67596288,18,314
2026-10-04T05:07:28.1702623Z,25288,26324,"python.exe",0.015625,3956736,831488,1,77
2026-10-04T05:07:28.1702623Z,33664,25288,"python.exe",2.328125,19673088,16584704,1,146
2026-10-04T05:07:28.1702623Z,30116,5128,"whisper-server.exe",10583.40625,784519168,1325461504,62,190
2026-10-04T05:07:28.1702623Z,15444,30116,"conhost.exe",2,7790592,1241088,2,99
2026-10-04T05:07:59.3885788Z,26324,33688,"powershell.exe",293.875,82173952,75296768,17,645
2026-10-04T05:07:59.3885788Z,30336,26324,"conhost.exe",0.03125,10493952,1482752,2,146
2026-10-04T05:07:59.3885788Z,22812,26324,"python.exe",0,3919872,835584,1,77
2026-10-04T05:07:59.3885788Z,33748,22812,"python.exe",81.1875,86306816,652738560,16,242
2026-10-04T05:07:59.3885788Z,5128,26324,"engine.exe",118.375,45613056,68456448,18,315
2026-10-04T05:07:59.3885788Z,25288,26324,"python.exe",0.015625,3956736,831488,1,77
2026-10-04T05:07:59.3885788Z,33664,25288,"python.exe",2.34375,19673088,16584704,1,146
2026-10-04T05:07:59.3885788Z,30116,5128,"whisper-server.exe",10654.453125,785514496,1326804992,62,191
2026-10-04T05:07:59.3885788Z,15444,30116,"conhost.exe",2,7790592,1241088,2,99
2026-10-04T05:08:30.7629668Z,26324,33688,"powershell.exe",296.21875,82173952,75296768,17,645
2026-10-04T05:08:30.7629668Z,30336,26324,"conhost.exe",0.03125,10493952,1482752,2,146
2026-10-04T05:08:30.7629668Z,22812,26324,"python.exe",0,3919872,835584,1,77
2026-10-04T05:08:30.7629668Z,33748,22812,"python.exe",81.96875,85413888,651825152,16,242
2026-10-04T05:08:30.7629668Z,5128,26324,"engine.exe",119.140625,44916736,67719168,18,315
2026-10-04T05:08:30.7629668Z,25288,26324,"python.exe",0.015625,3956736,831488,1,77
2026-10-04T05:08:30.7629668Z,33664,25288,"python.exe",2.359375,19673088,16584704,1,146
2026-10-04T05:08:30.7629668Z,30116,5128,"whisper-server.exe",10708.890625,784297984,1325502464,62,191
2026-10-04T05:08:30.7629668Z,15444,30116,"conhost.exe",2.03125,7790592,1241088,2,99
2026-10-04T05:09:01.5048224Z,26324,33688,"powershell.exe",298.96875,82194432,75329536,18,656
2026-10-04T05:09:01.5048224Z,30336,26324,"conhost.exe",0.03125,10493952,1482752,2,146
2026-10-04T05:09:01.5048224Z,22812,26324,"python.exe",0,3919872,835584,1,77
2026-10-04T05:09:01.5048224Z,33748,22812,"python.exe",81.96875,85413888,651825152,16,242
2026-10-04T05:09:01.5048224Z,5128,26324,"engine.exe",119.828125,44945408,67739648,18,314
2026-10-04T05:09:01.5048224Z,25288,26324,"python.exe",0.015625,3956736,831488,1,77
2026-10-04T05:09:01.5048224Z,33664,25288,"python.exe",2.359375,19673088,16584704,1,146
2026-10-04T05:09:01.5048224Z,30116,5128,"whisper-server.exe",10805.921875,788303872,1329537024,62,190
2026-10-04T05:09:01.5048224Z,15444,30116,"conhost.exe",2.046875,7790592,1241088,2,99
2026-10-04T05:09:32.7177189Z,26324,33688,"powershell.exe",301.015625,82153472,75264000,16,643
2026-10-04T05:09:32.7177189Z,30336,26324,"conhost.exe",0.03125,10493952,1482752,2,146
2026-10-04T05:09:32.7177189Z,22812,26324,"python.exe",0,3919872,835584,1,77
2026-10-04T05:09:32.7177189Z,33748,22812,"python.exe",82.4375,85413888,651825152,16,242
2026-10-04T05:09:32.7177189Z,5128,26324,"engine.exe",120.59375,45895680,68689920,18,315
2026-10-04T05:09:32.7177189Z,25288,26324,"python.exe",0.015625,3956736,831488,1,77
2026-10-04T05:09:32.7177189Z,33664,25288,"python.exe",2.375,19673088,16584704,1,146
2026-10-04T05:09:32.7177189Z,30116,5128,"whisper-server.exe",10883.46875,788316160,1329537024,62,191
2026-10-04T05:09:32.7177189Z,15444,30116,"conhost.exe",2.046875,7790592,1241088,2,99
2026-10-04T05:10:03.8256170Z,26324,33688,"powershell.exe",304.53125,82173952,75296768,17,643
2026-10-04T05:10:03.8256170Z,30336,26324,"conhost.exe",0.03125,10493952,1482752,2,146
2026-10-04T05:10:03.8256170Z,22812,26324,"python.exe",0,3919872,835584,1,77
2026-10-04T05:10:03.8256170Z,33748,22812,"python.exe",82.4375,85413888,651825152,16,242
2026-10-04T05:10:03.8256170Z,5128,26324,"engine.exe",121.453125,45981696,68771840,18,314
2026-10-04T05:10:03.8256170Z,25288,26324,"python.exe",0.015625,3956736,831488,1,77
2026-10-04T05:10:03.8256170Z,33664,25288,"python.exe",2.390625,19673088,16584704,1,146
2026-10-04T05:10:03.8256170Z,30116,5128,"whisper-server.exe",10929.90625,787550208,1328861184,62,190
2026-10-04T05:10:03.8256170Z,15444,30116,"conhost.exe",2.0625,7790592,1241088,2,99
2026-10-04T05:10:35.1179259Z,26324,33688,"powershell.exe",306.359375,82153472,75255808,16,645
2026-10-04T05:10:35.1179259Z,30336,26324,"conhost.exe",0.03125,10493952,1482752,2,146
2026-10-04T05:10:35.1179259Z,22812,26324,"python.exe",0,3919872,835584,1,77
2026-10-04T05:10:35.1179259Z,33748,22812,"python.exe",83.046875,85413888,651825152,16,242
2026-10-04T05:10:35.1179259Z,5128,26324,"engine.exe",122.125,46252032,69042176,18,315
2026-10-04T05:10:35.1179259Z,25288,26324,"python.exe",0.015625,3956736,831488,1,77
2026-10-04T05:10:35.1179259Z,33664,25288,"python.exe",2.390625,19673088,16584704,1,146
2026-10-04T05:10:35.1179259Z,30116,5128,"whisper-server.exe",11034.609375,787820544,1329025024,65,194
2026-10-04T05:10:35.1179259Z,15444,30116,"conhost.exe",2.0625,7790592,1241088,2,99
2026-10-04T05:11:06.5959484Z,26324,33688,"powershell.exe",307.75,82173952,75296768,17,645
2026-10-04T05:11:06.5959484Z,30336,26324,"conhost.exe",0.03125,10493952,1482752,2,146
2026-10-04T05:11:06.5959484Z,22812,26324,"python.exe",0,3919872,835584,1,77
2026-10-04T05:11:06.5959484Z,33748,22812,"python.exe",83.65625,86310912,652738560,16,242
2026-10-04T05:11:06.5959484Z,5128,26324,"engine.exe",122.875,45633536,68415488,18,315
2026-10-04T05:11:06.5959484Z,25288,26324,"python.exe",0.015625,3956736,831488,1,77
2026-10-04T05:11:06.5959484Z,33664,25288,"python.exe",2.390625,19673088,16584704,1,146
2026-10-04T05:11:06.5959484Z,30116,5128,"whisper-server.exe",11083.0625,785629184,1326645248,62,191
2026-10-04T05:11:06.5959484Z,15444,30116,"conhost.exe",2.125,7790592,1241088,2,99
2026-10-04T05:11:37.3653665Z,26324,33688,"powershell.exe",310.078125,82178048,75296768,17,655
2026-10-04T05:11:37.3653665Z,30336,26324,"conhost.exe",0.03125,10493952,1482752,2,146
2026-10-04T05:11:37.3653665Z,22812,26324,"python.exe",0,3919872,835584,1,77
2026-10-04T05:11:37.3653665Z,33748,22812,"python.exe",83.671875,86310912,652738560,16,242
2026-10-04T05:11:37.3653665Z,5128,26324,"engine.exe",123.828125,45924352,68726784,18,314
2026-10-04T05:11:37.3653665Z,25288,26324,"python.exe",0.015625,3956736,831488,1,77
2026-10-04T05:11:37.3653665Z,33664,25288,"python.exe",2.390625,19673088,16584704,1,146
2026-10-04T05:11:37.3653665Z,30116,5128,"whisper-server.exe",11172.671875,784248832,1325305856,62,190
2026-10-04T05:11:37.3653665Z,15444,30116,"conhost.exe",2.140625,7790592,1241088,2,99
2026-10-04T05:12:08.6276054Z,26324,33688,"powershell.exe",312.625,82157568,75255808,16,643
2026-10-04T05:12:08.6276054Z,30336,26324,"conhost.exe",0.03125,10493952,1482752,2,146
2026-10-04T05:12:08.6276054Z,22812,26324,"python.exe",0,3919872,835584,1,77
2026-10-04T05:12:08.6276054Z,33748,22812,"python.exe",84.359375,85422080,651825152,16,242
2026-10-04T05:12:08.6276054Z,5128,26324,"engine.exe",124.6875,44462080,67244032,18,315
2026-10-04T05:12:08.6276054Z,25288,26324,"python.exe",0.015625,3956736,831488,1,77
2026-10-04T05:12:08.6276054Z,33664,25288,"python.exe",2.390625,19673088,16584704,1,146
2026-10-04T05:12:08.6276054Z,30116,5128,"whisper-server.exe",11257.46875,784515072,1326473216,62,191
2026-10-04T05:12:08.6276054Z,15444,30116,"conhost.exe",2.140625,7790592,1241088,2,99
2026-10-04T05:12:40.6065443Z,26324,33688,"powershell.exe",314.375,82182144,75296768,17,645
2026-10-04T05:12:40.6065443Z,30336,26324,"conhost.exe",0.03125,10493952,1482752,2,146
2026-10-04T05:12:40.6065443Z,22812,26324,"python.exe",0,3919872,835584,1,77
2026-10-04T05:12:40.6065443Z,33748,22812,"python.exe",85.0625,85422080,651825152,16,242
2026-10-04T05:12:40.6065443Z,5128,26324,"engine.exe",125.1875,45875200,68685824,18,315
2026-10-04T05:12:40.6065443Z,25288,26324,"python.exe",0.015625,3956736,831488,1,77
2026-10-04T05:12:40.6065443Z,33664,25288,"python.exe",2.390625,19673088,16584704,1,146
2026-10-04T05:12:40.6065443Z,30116,5128,"whisper-server.exe",11312.21875,787206144,1329188864,62,191
2026-10-04T05:12:40.6065443Z,15444,30116,"conhost.exe",2.140625,7790592,1241088,2,99
2026-10-04T05:13:11.8062583Z,26324,33688,"powershell.exe",316.046875,82202624,75329536,18,647
2026-10-04T05:13:11.8062583Z,30336,26324,"conhost.exe",0.03125,10493952,1482752,2,146
2026-10-04T05:13:11.8062583Z,22812,26324,"python.exe",0,3919872,835584,1,77
2026-10-04T05:13:11.8062583Z,33748,22812,"python.exe",85.0625,85422080,651825152,16,242
2026-10-04T05:13:11.8062583Z,5128,26324,"engine.exe",125.984375,44601344,67440640,18,314
2026-10-04T05:13:11.8062583Z,25288,26324,"python.exe",0.015625,3956736,831488,1,77
2026-10-04T05:13:11.8062583Z,33664,25288,"python.exe",2.390625,19673088,16584704,1,146
2026-10-04T05:13:11.8062583Z,30116,5128,"whisper-server.exe",11387.921875,784027648,1324949504,62,190
2026-10-04T05:13:11.8062583Z,15444,30116,"conhost.exe",2.1875,7790592,1241088,2,99
2026-10-04T05:13:42.9603266Z,26324,33688,"powershell.exe",318.171875,82198528,75296768,17,645
2026-10-04T05:13:42.9603266Z,30336,26324,"conhost.exe",0.03125,10493952,1482752,2,146
2026-10-04T05:13:42.9603266Z,22812,26324,"python.exe",0,3919872,835584,1,77
2026-10-04T05:13:42.9603266Z,33748,22812,"python.exe",85.59375,85422080,651825152,16,242
2026-10-04T05:13:42.9603266Z,5128,26324,"engine.exe",126.78125,45223936,68046848,18,315
2026-10-04T05:13:42.9603266Z,25288,26324,"python.exe",0.015625,3956736,831488,1,77
2026-10-04T05:13:42.9603266Z,33664,25288,"python.exe",2.390625,19673088,16584704,1,146
2026-10-04T05:13:42.9603266Z,30116,5128,"whisper-server.exe",11463.09375,785707008,1326735360,62,191
2026-10-04T05:13:42.9603266Z,15444,30116,"conhost.exe",2.1875,7790592,1241088,2,99
2026-10-04T05:14:13.9710147Z,26324,33688,"powershell.exe",319.59375,82198528,75296768,17,645
2026-10-04T05:14:13.9710147Z,30336,26324,"conhost.exe",0.03125,10493952,1482752,2,146
2026-10-04T05:14:13.9710147Z,22812,26324,"python.exe",0,3919872,835584,1,77
2026-10-04T05:14:13.9710147Z,33748,22812,"python.exe",85.59375,85422080,651825152,16,242
2026-10-04T05:14:13.9710147Z,5128,26324,"engine.exe",127.46875,45338624,68128768,18,315
2026-10-04T05:14:13.9710147Z,25288,26324,"python.exe",0.015625,3956736,831488,1,77
2026-10-04T05:14:13.9710147Z,33664,25288,"python.exe",2.40625,19673088,16584704,1,146
2026-10-04T05:14:13.9710147Z,30116,5128,"whisper-server.exe",11508.8125,785801216,1327149056,62,191
2026-10-04T05:14:13.9710147Z,15444,30116,"conhost.exe",2.21875,7790592,1241088,2,99
2026-10-04T05:14:44.6020728Z,26324,33688,"powershell.exe",321.5625,82198528,75296768,17,650
2026-10-04T05:14:44.6020728Z,30336,26324,"conhost.exe",0.03125,10493952,1482752,2,146
2026-10-04T05:14:44.6020728Z,22812,26324,"python.exe",0,3919872,835584,1,77
2026-10-04T05:14:44.6020728Z,33748,22812,"python.exe",86.125,86233088,652738560,16,242
2026-10-04T05:14:44.6020728Z,5128,26324,"engine.exe",128.28125,45850624,68677632,18,314
2026-10-04T05:14:44.6020728Z,25288,26324,"python.exe",0.015625,3956736,831488,1,77
2026-10-04T05:14:44.6020728Z,33664,25288,"python.exe",2.421875,19673088,16584704,1,146
2026-10-04T05:14:44.6020728Z,30116,5128,"whisper-server.exe",11604.421875,784486400,1325674496,62,190
2026-10-04T05:14:44.6020728Z,15444,30116,"conhost.exe",2.234375,7790592,1241088,2,99
2026-10-04T05:15:15.8305202Z,26324,33688,"powershell.exe",323.421875,82198528,75296768,17,645
2026-10-04T05:15:15.8305202Z,30336,26324,"conhost.exe",0.03125,10493952,1482752,2,146
2026-10-04T05:15:15.8305202Z,22812,26324,"python.exe",0,3919872,835584,1,77
2026-10-04T05:15:15.8305202Z,33748,22812,"python.exe",86.765625,85430272,651825152,16,242
2026-10-04T05:15:15.8305202Z,5128,26324,"engine.exe",129.046875,46137344,69013504,18,315
2026-10-04T05:15:15.8305202Z,25288,26324,"python.exe",0.015625,3956736,831488,1,77
2026-10-04T05:15:15.8305202Z,33664,25288,"python.exe",2.4375,19673088,16584704,1,146
2026-10-04T05:15:15.8305202Z,30116,5128,"whisper-server.exe",11685.578125,784896000,1326178304,62,191
2026-10-04T05:15:15.8305202Z,15444,30116,"conhost.exe",2.234375,7790592,1241088,2,99
2026-10-04T05:15:47.2570596Z,26324,33688,"powershell.exe",324.828125,82198528,75296768,17,645
2026-10-04T05:15:47.2570596Z,30336,26324,"conhost.exe",0.03125,10493952,1482752,2,146
2026-10-04T05:15:47.2570596Z,22812,26324,"python.exe",0,3919872,835584,1,77
2026-10-04T05:15:47.2570596Z,33748,22812,"python.exe",87.203125,85438464,651825152,16,242
2026-10-04T05:15:47.2570596Z,5128,26324,"engine.exe",129.734375,46120960,68952064,18,315
2026-10-04T05:15:47.2570596Z,25288,26324,"python.exe",0.015625,3956736,831488,1,77
2026-10-04T05:15:47.2570596Z,33664,25288,"python.exe",2.4375,19673088,16584704,1,146
2026-10-04T05:15:47.2570596Z,30116,5128,"whisper-server.exe",11734.234375,785367040,1326804992,62,191
2026-10-04T05:15:47.2570596Z,15444,30116,"conhost.exe",2.234375,7790592,1241088,2,99
2026-10-04T05:16:18.4217659Z,26324,33688,"powershell.exe",326.875,82219008,75329536,18,644
2026-10-04T05:16:18.4217659Z,30336,26324,"conhost.exe",0.03125,10493952,1482752,2,146
2026-10-04T05:16:18.4217659Z,22812,26324,"python.exe",0,3919872,835584,1,77
2026-10-04T05:16:18.4217659Z,33748,22812,"python.exe",87.234375,85438464,651825152,16,242
2026-10-04T05:16:18.4217659Z,5128,26324,"engine.exe",130.703125,46120960,68956160,18,314
2026-10-04T05:16:18.4217659Z,25288,26324,"python.exe",0.015625,3956736,831488,1,77
2026-10-04T05:16:18.4217659Z,33664,25288,"python.exe",2.453125,19673088,16584704,1,146
2026-10-04T05:16:18.4217659Z,30116,5128,"whisper-server.exe",11809.296875,784482304,1325633536,62,190
2026-10-04T05:16:18.4217659Z,15444,30116,"conhost.exe",2.28125,7790592,1241088,2,99
2026-10-04T05:16:49.5999069Z,26324,33688,"powershell.exe",327.890625,82198528,75296768,17,645
2026-10-04T05:16:49.5999069Z,30336,26324,"conhost.exe",0.03125,10493952,1482752,2,146
2026-10-04T05:16:49.5999069Z,22812,26324,"python.exe",0,3919872,835584,1,77
2026-10-04T05:16:49.5999069Z,33748,22812,"python.exe",87.6875,85438464,651825152,16,242
2026-10-04T05:16:49.5999069Z,5128,26324,"engine.exe",131.4375,46227456,69054464,18,315
2026-10-04T05:16:49.5999069Z,25288,26324,"python.exe",0.015625,3956736,831488,1,77
2026-10-04T05:16:49.5999069Z,33664,25288,"python.exe",2.484375,19673088,16584704,1,146
2026-10-04T05:16:49.5999069Z,30116,5128,"whisper-server.exe",11885.515625,786018304,1327140864,62,191
2026-10-04T05:16:49.5999069Z,15444,30116,"conhost.exe",2.28125,7790592,1241088,2,99
2026-10-04T05:17:20.8216153Z,26324,33688,"powershell.exe",330.34375,82198528,75296768,17,647
2026-10-04T05:17:20.8216153Z,30336,26324,"conhost.exe",0.03125,10493952,1482752,2,146
2026-10-04T05:17:20.8216153Z,22812,26324,"python.exe",0,3919872,835584,1,77
2026-10-04T05:17:20.8216153Z,33748,22812,"python.exe",88.15625,86335488,652738560,16,242
2026-10-04T05:17:20.8216153Z,5128,26324,"engine.exe",132.328125,46030848,68816896,18,315
2026-10-04T05:17:20.8216153Z,25288,26324,"python.exe",0.015625,3956736,831488,1,77
2026-10-04T05:17:20.8216153Z,33664,25288,"python.exe",2.484375,19673088,16584704,1,146
2026-10-04T05:17:20.8216153Z,30116,5128,"whisper-server.exe",11936.859375,785367040,1326718976,62,191
2026-10-04T05:17:20.8216153Z,15444,30116,"conhost.exe",2.328125,7790592,1241088,2,99
2026-10-04T05:17:51.5811424Z,26324,33688,"powershell.exe",332.125,82198528,75296768,17,649
2026-10-04T05:17:51.5811424Z,30336,26324,"conhost.exe",0.03125,10493952,1482752,2,146
2026-10-04T05:17:51.5811424Z,22812,26324,"python.exe",0,3919872,835584,1,77
2026-10-04T05:17:51.5811424Z,33748,22812,"python.exe",88.1875,86335488,652738560,16,242
2026-10-04T05:17:51.5811424Z,5128,26324,"engine.exe",133.125,45203456,68005888,18,314
2026-10-04T05:17:51.5811424Z,25288,26324,"python.exe",0.015625,3956736,831488,1,77
2026-10-04T05:17:51.5811424Z,33664,25288,"python.exe",2.515625,19673088,16584704,1,146
2026-10-04T05:17:51.5811424Z,30116,5128,"whisper-server.exe",12016.46875,784351232,1325584384,62,190
2026-10-04T05:17:51.5811424Z,15444,30116,"conhost.exe",2.34375,7790592,1241088,2,99
2026-10-04T05:18:22.9130657Z,26324,33688,"powershell.exe",333.765625,82157568,75223040,15,643
2026-10-04T05:18:22.9130657Z,30336,26324,"conhost.exe",0.03125,10493952,1482752,2,146
2026-10-04T05:18:22.9130657Z,22812,26324,"python.exe",0,3919872,835584,1,77
2026-10-04T05:18:22.9130657Z,33748,22812,"python.exe",88.65625,85446656,651825152,16,242
2026-10-04T05:18:22.9130657Z,5128,26324,"engine.exe",133.921875,45203456,68005888,18,315
2026-10-04T05:18:22.9130657Z,25288,26324,"python.exe",0.015625,3956736,831488,1,77
2026-10-04T05:18:22.9130657Z,33664,25288,"python.exe",2.53125,19673088,16584704,1,146
2026-10-04T05:18:22.9130657Z,30116,5128,"whisper-server.exe",12109.4375,784756736,1326047232,62,191
2026-10-04T05:18:22.9130657Z,15444,30116,"conhost.exe",2.34375,7790592,1241088,2,99
2026-10-04T05:18:55.0138922Z,26324,33688,"powershell.exe",336.078125,82198528,75296768,17,643
2026-10-04T05:18:55.0138922Z,30336,26324,"conhost.exe",0.03125,10493952,1482752,2,146
2026-10-04T05:18:55.0138922Z,22812,26324,"python.exe",0,3919872,835584,1,77
2026-10-04T05:18:55.0138922Z,33748,22812,"python.exe",88.6875,85446656,651825152,16,242
2026-10-04T05:18:55.0138922Z,5128,26324,"engine.exe",134.828125,45203456,67973120,18,314
2026-10-04T05:18:55.0138922Z,25288,26324,"python.exe",0.015625,3956736,831488,1,77
2026-10-04T05:18:55.0138922Z,33664,25288,"python.exe",2.546875,19673088,16584704,1,146
2026-10-04T05:18:55.0138922Z,30116,5128,"whisper-server.exe",12143,783618048,1324564480,62,190
2026-10-04T05:18:55.0138922Z,15444,30116,"conhost.exe",2.34375,7790592,1241088,2,99
2026-10-04T05:19:26.3512137Z,26324,33688,"powershell.exe",339.203125,82178048,75255808,16,645
2026-10-04T05:19:26.3512137Z,30336,26324,"conhost.exe",0.03125,10493952,1482752,2,146
2026-10-04T05:19:26.3512137Z,22812,26324,"python.exe",0,3919872,835584,1,77
2026-10-04T05:19:26.3512137Z,33748,22812,"python.exe",90.15625,85471232,651825152,16,242
2026-10-04T05:19:26.3512137Z,5128,26324,"engine.exe",136.0625,45182976,67915776,18,317
2026-10-04T05:19:26.3512137Z,25288,26324,"python.exe",0.015625,3956736,831488,1,77
2026-10-04T05:19:26.3512137Z,33664,25288,"python.exe",2.578125,19673088,16584704,1,146
2026-10-04T05:19:26.3512137Z,17876,5128,"whisper-server.exe",100.59375,680787968,1201147904,23,93
2026-10-04T05:19:26.3512137Z,30696,17876,"conhost.exe",0.046875,7827456,1282048,3,99
2026-10-04T05:19:58.4567776Z,26324,33688,"powershell.exe",342.578125,82178048,75255808,16,640
2026-10-04T05:19:58.4567776Z,30336,26324,"conhost.exe",0.03125,10493952,1482752,2,146
2026-10-04T05:19:58.4567776Z,22812,26324,"python.exe",0,3919872,835584,1,77
2026-10-04T05:19:58.4567776Z,33748,22812,"python.exe",90.234375,85471232,651825152,16,242
2026-10-04T05:19:58.4567776Z,5128,26324,"engine.exe",137.078125,45600768,68358144,18,317
2026-10-04T05:19:58.4567776Z,25288,26324,"python.exe",0.015625,3956736,831488,1,77
2026-10-04T05:19:58.4567776Z,33664,25288,"python.exe",2.609375,19673088,16584704,1,146
2026-10-04T05:19:58.4567776Z,17876,5128,"whisper-server.exe",222.890625,803655680,1318060032,23,99
2026-10-04T05:19:58.4567776Z,30696,17876,"conhost.exe",0.046875,7806976,1241088,2,99
2026-10-04T05:20:29.7727900Z,26324,33688,"powershell.exe",344.859375,82219008,75329536,18,647
2026-10-04T05:20:29.7727900Z,30336,26324,"conhost.exe",0.03125,10493952,1482752,2,146
2026-10-04T05:20:29.7727900Z,22812,26324,"python.exe",0,3919872,835584,1,77
2026-10-04T05:20:29.7727900Z,33748,22812,"python.exe",90.25,85471232,651825152,16,242
2026-10-04T05:20:29.7727900Z,5128,26324,"engine.exe",138.578125,45473792,68227072,18,409
2026-10-04T05:20:29.7727900Z,25288,26324,"python.exe",0.015625,3956736,831488,1,77
2026-10-04T05:20:29.7727900Z,33664,25288,"python.exe",2.609375,19673088,16584704,1,146
2026-10-04T05:20:29.7727900Z,17876,5128,"whisper-server.exe",276.1875,805568512,1320353792,23,99
2026-10-04T05:20:29.7727900Z,30696,17876,"conhost.exe",0.0625,7806976,1241088,2,99
2026-10-04T05:21:01.1512576Z,26324,33688,"powershell.exe",346.6875,82198528,75296768,17,643
2026-10-04T05:21:01.1512576Z,30336,26324,"conhost.exe",0.03125,10493952,1482752,2,146
2026-10-04T05:21:01.1512576Z,22812,26324,"python.exe",0,3919872,835584,1,77
2026-10-04T05:21:01.1512576Z,33748,22812,"python.exe",90.96875,85471232,651825152,16,242
2026-10-04T05:21:01.1512576Z,5128,26324,"engine.exe",139.515625,46743552,69476352,20,410
2026-10-04T05:21:01.1512576Z,25288,26324,"python.exe",0.015625,3956736,831488,1,77
2026-10-04T05:21:01.1512576Z,33664,25288,"python.exe",2.65625,19673088,16584704,1,146
2026-10-04T05:21:01.1512576Z,17876,5128,"whisper-server.exe",350.421875,805875712,1320529920,26,105
2026-10-04T05:21:01.1512576Z,30696,17876,"conhost.exe",0.0625,7806976,1241088,2,99
2026-10-04T05:21:32.3765379Z,26324,33688,"powershell.exe",349.1875,82219008,75329536,18,650
2026-10-04T05:21:32.3765379Z,30336,26324,"conhost.exe",0.03125,10493952,1482752,2,146
2026-10-04T05:21:32.3765379Z,22812,26324,"python.exe",0,3919872,835584,1,77
2026-10-04T05:21:32.3765379Z,33748,22812,"python.exe",90.984375,85471232,651825152,16,242
2026-10-04T05:21:32.3765379Z,5128,26324,"engine.exe",140.4375,45092864,67776512,20,409
2026-10-04T05:21:32.3765379Z,25288,26324,"python.exe",0.015625,3956736,831488,1,77
2026-10-04T05:21:32.3765379Z,33664,25288,"python.exe",2.671875,19673088,16584704,1,146
2026-10-04T05:21:32.3765379Z,17876,5128,"whisper-server.exe",438.359375,804503552,1318703104,26,105
2026-10-04T05:21:32.3765379Z,30696,17876,"conhost.exe",0.109375,7806976,1241088,2,99
2026-10-04T05:22:03.8564436Z,26324,33688,"powershell.exe",350.90625,82198528,75296768,17,645
2026-10-04T05:22:03.8564436Z,30336,26324,"conhost.exe",0.03125,10493952,1482752,2,146
2026-10-04T05:22:03.8564436Z,22812,26324,"python.exe",0,3919872,835584,1,77
2026-10-04T05:22:03.8564436Z,33748,22812,"python.exe",91.734375,86364160,652738560,16,242
2026-10-04T05:22:03.8564436Z,5128,26324,"engine.exe",141.40625,46460928,69136384,20,410
2026-10-04T05:22:03.8564436Z,25288,26324,"python.exe",0.015625,3956736,831488,1,77
2026-10-04T05:22:03.8564436Z,33664,25288,"python.exe",2.6875,19673088,16584704,1,146
2026-10-04T05:22:03.8564436Z,17876,5128,"whisper-server.exe",519.921875,805695488,1320521728,29,111
2026-10-04T05:22:03.8564436Z,30696,17876,"conhost.exe",0.109375,7806976,1241088,2,99
2026-10-04T05:22:35.7180352Z,26324,33688,"powershell.exe",353.421875,82219008,75329536,18,646
2026-10-04T05:22:35.7180352Z,30336,26324,"conhost.exe",0.03125,10493952,1482752,2,146
2026-10-04T05:22:35.7180352Z,22812,26324,"python.exe",0,3919872,835584,1,77
2026-10-04T05:22:35.7180352Z,33748,22812,"python.exe",91.75,86364160,652738560,16,242
2026-10-04T05:22:35.7180352Z,5128,26324,"engine.exe",142.15625,45162496,67801088,18,407
2026-10-04T05:22:35.7180352Z,25288,26324,"python.exe",0.015625,3956736,831488,1,77
2026-10-04T05:22:35.7180352Z,33664,25288,"python.exe",2.703125,19673088,16584704,1,146
2026-10-04T05:22:35.7180352Z,17876,5128,"whisper-server.exe",574.921875,807673856,1322414080,29,111
2026-10-04T05:22:35.7180352Z,30696,17876,"conhost.exe",0.109375,7806976,1241088,2,99
2026-10-04T05:23:07.1481540Z,26324,33688,"powershell.exe",356.296875,82178048,75255808,16,643
2026-10-04T05:23:07.1481540Z,30336,26324,"conhost.exe",0.03125,10493952,1482752,2,146
2026-10-04T05:23:07.1481540Z,22812,26324,"python.exe",0,3919872,835584,1,77
2026-10-04T05:23:07.1481540Z,33748,22812,"python.exe",93.203125,85471232,651825152,16,242
2026-10-04T05:23:07.1481540Z,5128,26324,"engine.exe",143.296875,45162496,67801088,18,408
2026-10-04T05:23:07.1481540Z,25288,26324,"python.exe",0.015625,3956736,831488,1,77
2026-10-04T05:23:07.1481540Z,33664,25288,"python.exe",2.71875,19673088,16584704,1,146
2026-10-04T05:23:07.1481540Z,17876,5128,"whisper-server.exe",680.234375,807866368,1322668032,32,117
2026-10-04T05:23:07.1481540Z,30696,17876,"conhost.exe",0.109375,7806976,1241088,2,99
2026-10-04T05:23:38.6330712Z,26324,33688,"powershell.exe",358.421875,80146432,75296768,17,645
2026-10-04T05:23:38.6330712Z,30336,26324,"conhost.exe",0.03125,10366976,1482752,2,146
2026-10-04T05:23:38.6330712Z,22812,26324,"python.exe",0,3858432,835584,1,77
2026-10-04T05:23:38.6330712Z,33748,22812,"python.exe",93.203125,77496320,651825152,16,242
2026-10-04T05:23:38.6330712Z,5128,26324,"engine.exe",144.03125,42643456,68308992,18,407
2026-10-04T05:23:38.6330712Z,25288,26324,"python.exe",0.015625,3878912,831488,1,77
2026-10-04T05:23:38.6330712Z,33664,25288,"python.exe",2.734375,16334848,16584704,1,146
2026-10-04T05:23:38.6330712Z,17876,5128,"whisper-server.exe",716.21875,808083456,1323163648,32,117
2026-10-04T05:23:38.6330712Z,30696,17876,"conhost.exe",0.125,7806976,1241088,2,99
2026-10-04T05:24:09.9133744Z,26324,33688,"powershell.exe",361.828125,80125952,75255808,16,645
2026-10-04T05:24:09.9133744Z,30336,26324,"conhost.exe",0.03125,10366976,1482752,2,146
2026-10-04T05:24:09.9133744Z,22812,26324,"python.exe",0,3858432,835584,1,77
2026-10-04T05:24:09.9133744Z,33748,22812,"python.exe",94.625,77508608,651825152,16,242
2026-10-04T05:24:09.9133744Z,5128,26324,"engine.exe",145.09375,43323392,68952064,18,408
2026-10-04T05:24:09.9133744Z,25288,26324,"python.exe",0.015625,3878912,831488,1,77
2026-10-04T05:24:09.9133744Z,33664,25288,"python.exe",2.75,16334848,16584704,1,146
2026-10-04T05:24:09.9133744Z,17876,5128,"whisper-server.exe",835.96875,808378368,1323327488,36,123
2026-10-04T05:24:09.9133744Z,30696,17876,"conhost.exe",0.140625,7938048,1331200,4,99
2026-10-04T05:24:41.2826958Z,26324,33688,"powershell.exe",363.390625,80166912,75337728,18,650
2026-10-04T05:24:41.2826958Z,30336,26324,"conhost.exe",0.03125,10366976,1482752,2,146
2026-10-04T05:24:41.2826958Z,22812,26324,"python.exe",0,3858432,835584,1,77
2026-10-04T05:24:41.2826958Z,33748,22812,"python.exe",94.640625,77508608,651825152,16,242
2026-10-04T05:24:41.2826958Z,5128,26324,"engine.exe",145.828125,42749952,68435968,18,407
2026-10-04T05:24:41.2826958Z,25288,26324,"python.exe",0.015625,3878912,831488,1,77
2026-10-04T05:24:41.2826958Z,33664,25288,"python.exe",2.765625,16334848,16584704,1,146
2026-10-04T05:24:41.2826958Z,17876,5128,"whisper-server.exe",866.296875,807874560,1324900352,36,123
2026-10-04T05:24:41.2826958Z,30696,17876,"conhost.exe",0.1875,7938048,1331200,4,99
2026-10-04T05:25:13.0654495Z,26324,33688,"powershell.exe",366.578125,80105472,75223040,15,648
2026-10-04T05:25:13.0654495Z,30336,26324,"conhost.exe",0.03125,10366976,1482752,2,146
2026-10-04T05:25:13.0654495Z,22812,26324,"python.exe",0,3858432,835584,1,77
2026-10-04T05:25:13.0654495Z,33748,22812,"python.exe",95.875,77512704,651825152,16,242
2026-10-04T05:25:13.0654495Z,5128,26324,"engine.exe",146.859375,43507712,69189632,18,408
2026-10-04T05:25:13.0654495Z,25288,26324,"python.exe",0.015625,3878912,831488,1,77
2026-10-04T05:25:13.0654495Z,33664,25288,"python.exe",2.796875,16334848,16584704,1,146
2026-10-04T05:25:13.0654495Z,17876,5128,"whisper-server.exe",973.25,808595456,1325035520,39,129
2026-10-04T05:25:13.0654495Z,30696,17876,"conhost.exe",0.1875,7938048,1331200,4,99
2026-10-04T05:25:44.1495830Z,26324,33688,"powershell.exe",368.140625,80146432,75296768,17,644
2026-10-04T05:25:44.1495830Z,30336,26324,"conhost.exe",0.03125,10366976,1482752,2,146
2026-10-04T05:25:44.1495830Z,22812,26324,"python.exe",0,3858432,835584,1,77
2026-10-04T05:25:44.1495830Z,33748,22812,"python.exe",95.875,77512704,651825152,16,242
2026-10-04T05:25:44.1495830Z,5128,26324,"engine.exe",147.765625,42434560,68136960,19,407
2026-10-04T05:25:44.1495830Z,25288,26324,"python.exe",0.015625,3878912,831488,1,77
2026-10-04T05:25:44.1495830Z,33664,25288,"python.exe",2.796875,16334848,16584704,1,146
2026-10-04T05:25:44.1495830Z,17876,5128,"whisper-server.exe",1023.90625,805761024,1320108032,38,129
2026-10-04T05:25:44.1495830Z,30696,17876,"conhost.exe",0.234375,7892992,1249280,2,99
2026-10-04T05:26:15.6036161Z,26324,33688,"powershell.exe",370.125,80125952,75255808,16,645
2026-10-04T05:26:15.6036161Z,30336,26324,"conhost.exe",0.03125,10366976,1482752,2,146
2026-10-04T05:26:15.6036161Z,22812,26324,"python.exe",0,3858432,835584,1,77
2026-10-04T05:26:15.6036161Z,33748,22812,"python.exe",96.46875,78422016,652738560,16,242
2026-10-04T05:26:15.6036161Z,5128,26324,"engine.exe",148.625,43466752,69169152,19,408
2026-10-04T05:26:15.6036161Z,25288,26324,"python.exe",0.015625,3878912,831488,1,77
2026-10-04T05:26:15.6036161Z,33664,25288,"python.exe",2.84375,16334848,16584704,1,146
2026-10-04T05:26:15.6036161Z,17876,5128,"whisper-server.exe",1132.46875,806985728,1321857024,41,135
2026-10-04T05:26:15.6036161Z,30696,17876,"conhost.exe",0.234375,7892992,1249280,2,99
2026-10-04T05:26:47.1959297Z,26324,33688,"powershell.exe",371.921875,80146432,75296768,17,645
2026-10-04T05:26:47.1959297Z,30336,26324,"conhost.exe",0.03125,10366976,1482752,2,146
2026-10-04T05:26:47.1959297Z,22812,26324,"python.exe",0,3858432,835584,1,77
2026-10-04T05:26:47.1959297Z,33748,22812,"python.exe",96.5,78422016,652738560,16,242
2026-10-04T05:26:47.1959297Z,5128,26324,"engine.exe",149.140625,42139648,67751936,18,406
2026-10-04T05:26:47.1959297Z,25288,26324,"python.exe",0.015625,3878912,831488,1,77
2026-10-04T05:26:47.1959297Z,33664,25288,"python.exe",2.84375,16334848,16584704,1,146
2026-10-04T05:26:47.1959297Z,17876,5128,"whisper-server.exe",1162.546875,809218048,1324519424,41,135
2026-10-04T05:26:47.1959297Z,30696,17876,"conhost.exe",0.25,7892992,1249280,2,99
